,date,大金融,地产基建,大科技,公用事业,新能源,大消费,乡村振兴,汽车产业,医药生物,运输业,周期,高端制造,军工,社会服务,其他
0,20200210.0,0.0,0.0,0.0,0.0,0.0,0.0,0.0,0,0,0.0,0.0,0.0,0.0,0.0,0.0
1,20200211.0,4.0,4.0,4.0,2.0,1.0,3.0,3.0,4,1,4,2.0,2.0,1.0,4.0,3.0
2,20200212.0,4.0,4.0,4,2.0,2.0,3.0,4.0,3,1,4.0,1.0,2.0,1.0,4,4.0
3,20200213.0,3.0,4.0,4.0,2.0,1.0,2.0,4.0,3,1,4.0,1.0,3.0,2.0,4,4.0
4,20200214.0,2.0,4.0,3.0,2.0,1.0,2.0,4.0,3,1,4,1.0,4.0,4.0,4.0,3.0
5,20200217.0,2.0,4.0,4.0,1.0,1.0,2.0,4.0,3,1,4,2.0,3.0,4.0,4.0,3.0
6,20200218.0,4.0,4,4,1.0,3.0,2.0,4.0,4,1,4,1.0,4.0,2.0,4,3.0
7,20200219.0,4,4.0,2.0,1.0,4.0,2.0,4.0,3,1,4.0,1.0,3.0,4.0,4,2.0
8,20200220.0,4.0,4.0,3.0,1.0,4.0,3.0,4.0,3,1,2.0,1.0,2.0,4.0,4,2.0
9,20200221.0,4.0,4,4.0,1.0,3.0,2.0,4.0,4,1,2.0,1.0,3.0,3.0,4.0,2.0
10,20200224.0,4.0,4,4,1.0,3.0,2.0,4.0,4,1,4.0,1.0,2.0,2.0,4.0,3.0
11,20200225.0,4.0,4,4,1.0,3.0,3.0,4.0,4,1,4.0,1.0,2.0,2.0,4,3.0
12,20200226.0,4.0,4,4,2.0,3.0,2.0,4.0,4,1,4.0,1.0,1.0,2.0,4.0,3.0
13,20200227.0,4.0,4.0,4,2.0,3.0,2.0,4.0,4,1,4,1.0,2.0,1.0,4.0,3.0
14,20200228.0,4.0,4.0,4,4.0,1.0,2.0,3.0,1,1,4.0,2.0,3.0,2.0,4.0,3.0
15,20200302.0,4.0,3.0,4,4.0,3.0,2.0,1.0,1,1,4.0,2.0,3.0,2.0,4.0,4.0
16,20200303.0,1.0,3.0,4,3.0,4.0,2.0,1.0,2,1,4,2.0,4.0,4.0,4.0,4.0
17,20200304.0,3.0,2.0,4,4.0,4.0,2.0,1.0,3,1,2.0,1.0,4.0,4,4.0,4.0
18,20200305.0,2.0,3.0,4.0,4.0,4.0,2.0,1.0,2,1,3.0,1.0,4.0,4,4.0,3.0
19,20200306.0,3.0,3.0,4.0,4.0,3.0,2.0,1.0,2,1,4.0,1.0,4.0,4,4.0,2.0
20,20200309.0,3.0,4.0,4.0,4.0,2.0,1.0,3.0,1,2,4.0,1.0,4.0,4,3.0,2.0
21,20200310.0,4.0,3.0,4,3.0,4.0,2.0,1.0,2,1,3.0,1.0,4.0,4.0,4.0,2.0
22,20200311.0,3.0,3.0,4,4.0,3.0,4.0,2.0,1,1,4.0,1.0,4.0,4.0,2.0,2.0
23,20200312.0,4.0,2.0,4,3.0,4.0,4,2.0,1,1,4.0,1.0,3.0,2.0,4.0,4.0
24,20200313.0,4.0,3.0,4,2.0,4.0,4.0,1.0,2,1,3.0,1.0,4.0,2.0,4.0,3.0
25,20200316.0,2.0,3.0,4,4.0,2.0,4.0,1.0,2,1,4.0,1.0,4.0,4.0,3.0,3.0
26,20200317.0,2.0,3.0,4,4.0,2.0,3.0,1.0,2,1,4.0,1.0,4.0,4.0,4.0,3.0
27,20200318.0,2.0,3.0,4.0,4.0,2.0,3.0,1.0,2,1,4,1.0,4.0,4.0,4.0,3.0
28,20200319.0,2.0,4.0,4.0,4.0,3.0,3.0,2.0,1,1,4,1.0,4.0,2.0,4.0,3.0
29,20200320.0,2.0,3.0,4.0,4.0,2.0,3.0,1.0,1,2,4,1.0,4.0,4.0,4.0,3.0
30,20200323.0,3.0,2.0,4.0,4.0,2.0,3.0,1.0,1,2,4,1.0,4.0,4.0,4.0,3.0
31,20200324.0,2.0,2.0,4.0,4.0,3.0,3.0,1.0,1,2,4,1.0,4.0,4.0,4.0,3.0
32,20200325.0,2.0,3.0,4.0,4.0,2.0,3.0,1.0,1,1,4,2.0,4.0,4.0,4.0,3.0
33,20200326.0,1.0,4.0,4,4.0,1.0,2.0,2.0,1,2,4,3.0,4.0,4.0,4.0,3.0
34,20200327.0,1.0,3.0,4.0,4.0,1.0,2.0,2.0,1,2,4,3.0,4.0,4.0,4.0,3.0
35,20200330.0,1.0,3.0,4.0,4.0,1.0,2.0,2.0,1,3,4.0,2.0,4.0,4,4,4.0
36,20200331.0,1.0,3.0,4.0,4.0,1.0,2.0,2.0,1,3,4.0,2.0,4.0,4,4.0,3.0
37,20200401.0,1.0,4.0,4.0,4.0,1.0,2.0,2.0,1,3,4,2.0,3.0,4,4.0,4.0
38,20200402.0,3.0,3.0,4.0,4.0,2.0,1.0,1.0,1,2,4.0,2.0,3.0,4,4.0,4.0
39,20200403.0,1.0,3.0,4.0,4.0,1.0,2.0,2.0,1,2,4.0,3.0,3.0,4,4.0,4.0
40,20200407.0,1.0,4.0,4.0,4.0,2.0,1.0,2.0,1,2,4.0,3.0,3.0,4,4.0,3.0
41,20200408.0,1.0,3.0,4.0,3.0,1.0,2.0,2.0,1,2,4.0,3.0,4.0,4,4.0,4.0
42,20200409.0,2.0,4.0,4,3.0,1.0,2.0,2.0,1,1,4.0,3.0,4.0,4.0,4.0,3.0
43,20200410.0,1.0,3.0,4.0,4.0,1.0,2.0,2.0,1,2,4,3.0,3.0,4.0,4.0,4.0
44,20200413.0,2.0,3.0,4,4.0,1.0,1.0,2.0,1,4,4.0,3.0,3.0,4.0,4.0,2.0
45,20200414.0,3.0,4.0,4.0,4.0,1.0,1.0,1.0,2,3,4.0,2.0,2.0,4,4.0,3.0
46,20200415.0,3.0,3.0,4.0,4.0,1.0,1.0,2.0,1,2,4.0,2.0,3.0,4.0,4,4.0
47,20200416.0,4.0,3.0,4.0,4.0,1.0,2.0,2.0,1,1,2.0,3.0,3.0,4.0,4,4.0
48,20200417.0,3.0,3.0,4.0,4,1.0,2.0,1.0,1,2,3.0,2.0,4.0,4.0,4.0,4.0
49,20200420.0,3.0,4.0,4.0,4.0,1.0,2.0,1.0,1,2,3.0,2.0,3.0,4.0,4,4.0
50,20200421.0,3.0,4.0,4.0,3.0,1.0,2.0,1.0,1,2,4.0,2.0,3.0,4,4.0,4.0
51,20200422.0,2.0,3.0,4.0,4.0,1.0,2.0,1.0,1,2,4.0,3.0,3.0,4,4.0,4.0
52,20200423.0,2.0,3.0,4.0,4.0,1.0,2.0,1.0,1,2,4.0,3.0,3.0,4,4.0,4.0
53,20200424.0,2.0,4.0,3.0,4.0,2.0,1.0,1.0,1,3,4,2.0,3.0,4.0,4.0,4.0
54,20200427.0,1.0,4.0,4.0,4,1.0,3.0,2.0,1,2,4.0,2.0,3.0,4.0,4.0,3.0
55,20200428.0,2.0,4.0,3.0,4,1.0,3.0,2.0,1,1,4.0,2.0,4.0,4.0,4.0,3.0
56,20200429.0,3.0,4.0,2.0,4.0,2.0,4.0,1.0,1,1,4,2.0,3.0,4.0,4.0,3.0
57,20200430.0,4.0,4,2.0,3.0,4.0,4.0,2.0,1,1,4.0,1.0,2.0,3.0,4.0,3.0
58,20200506.0,4.0,4.0,4.0,1.0,3.0,3.0,2.0,2,1,4,1.0,2.0,4.0,4.0,3.0
59,20200507.0,3.0,4.0,4.0,2.0,3.0,3.0,1.0,1,1,4,2.0,2.0,4.0,4.0,4.0
60,20200508.0,2.0,4.0,4.0,3.0,1.0,3.0,2.0,1,1,4.0,2.0,3.0,4,4.0,4.0
61,20200511.0,2.0,4.0,4.0,3.0,2.0,4.0,1.0,1,1,4,3.0,2.0,4.0,4.0,3.0
62,20200512.0,3.0,4.0,3.0,3.0,2.0,4.0,1.0,1,1,4,2.0,2.0,4.0,4.0,4.0
63,20200513.0,4.0,4.0,3.0,4.0,1.0,3.0,2.0,1,1,4,2.0,2.0,4.0,4.0,3.0
64,20200514.0,4.0,4.0,2.0,3.0,1.0,3.0,2.0,1,1,4,2.0,3.0,4.0,4.0,4.0
65,20200515.0,3.0,4.0,1.0,3.0,2.0,2.0,4.0,1,1,4.0,2.0,4.0,4,4.0,3.0
66,20200518.0,2.0,4.0,2.0,3.0,1.0,3.0,2.0,1,1,4,3.0,4.0,4.0,4.0,4.0
67,20200519.0,2.0,4.0,2.0,3.0,1.0,3.0,2.0,1,1,4,3.0,4.0,4.0,4.0,4.0
68,20200520.0,3.0,4.0,2.0,4.0,1.0,3.0,2.0,1,1,4.0,2.0,3.0,4,4.0,4.0
69,20200521.0,4.0,4.0,2.0,4.0,2.0,3.0,1.0,1,1,4,2.0,3.0,4.0,4.0,3.0
70,20200522.0,3.0,4.0,3.0,4.0,1.0,2.0,2.0,1,1,4.0,2.0,3.0,4,4.0,4.0
71,20200525.0,4.0,4.0,3.0,4.0,1.0,2.0,2.0,1,1,4,3.0,2.0,4.0,3.0,4.0
72,20200526.0,4.0,4.0,2.0,4.0,1.0,3.0,2.0,1,1,4,3.0,2.0,4.0,4.0,3.0
73,20200527.0,4.0,4.0,3.0,4.0,2.0,2.0,1.0,1,1,4,3.0,2.0,4.0,4.0,3.0
74,20200528.0,4.0,4.0,3.0,4.0,3.0,2.0,1.0,1,1,4,2.0,2.0,4.0,4.0,3.0
75,20200529.0,4.0,4.0,3.0,4.0,2.0,2.0,1.0,1,1,4,2.0,3.0,4.0,4.0,3.0
76,20200601.0,4,4.0,2.0,4.0,2.0,3.0,1.0,1,1,4.0,2.0,3.0,4.0,4.0,3.0
77,20200602.0,4.0,4.0,1.0,4.0,2.0,3.0,2.0,1,1,4,2.0,3.0,3.0,4.0,4.0
78,20200603.0,4.0,4.0,2.0,4.0,1.0,3.0,3.0,1,1,4,2.0,2.0,3.0,4.0,4.0
79,20200604.0,4.0,4.0,2.0,4.0,1.0,3.0,3.0,1,1,4,2.0,2.0,4.0,4.0,3.0
80,20200605.0,4.0,4.0,2.0,4.0,1.0,3.0,3.0,1,1,4,2.0,2.0,4.0,3.0,4.0
81,20200608.0,4.0,4.0,3.0,4.0,1.0,2.0,3.0,1,1,4,2.0,2.0,3.0,4.0,4.0
82,20200609.0,4.0,4.0,2.0,4.0,1.0,2.0,3.0,1,1,4,2.0,3.0,4.0,3.0,4.0
83,20200610.0,4.0,4.0,3.0,4.0,1.0,2.0,2.0,1,1,4,2.0,3.0,3.0,4.0,4.0
84,20200611.0,4,4.0,3.0,4.0,1.0,3.0,2.0,1,1,4.0,2.0,2.0,3.0,4.0,4.0
85,20200612.0,4.0,4.0,3.0,4.0,1.0,3.0,2.0,1,1,4,2.0,2.0,3.0,4.0,4.0
86,20200615.0,4.0,4.0,2.0,4.0,1.0,3.0,2.0,1,1,4,2.0,3.0,3.0,4.0,4.0
87,20200616.0,4.0,4.0,3.0,4.0,1.0,2.0,2.0,1,1,4,2.0,3.0,4.0,4.0,3.0
88,20200617.0,4.0,4,2.0,4.0,1.0,2.0,2.0,1,1,4.0,3.0,4.0,3.0,4.0,3.0
89,20200618.0,4,4.0,4.0,4.0,1.0,2.0,2.0,1,1,4.0,2.0,3.0,3.0,3.0,4.0
90,20200619.0,4.0,4,3.0,4.0,1.0,2.0,3.0,2,1,4.0,1.0,2.0,4.0,4.0,3.0
91,20200622.0,4.0,4,3.0,4.0,1.0,2.0,3.0,2,1,3.0,1.0,2.0,4.0,4.0,4.0
92,20200623.0,4,4.0,4.0,4.0,1.0,2.0,3.0,2,1,3.0,1.0,2.0,4.0,3.0,4.0
93,20200624.0,4.0,4,4.0,4.0,1.0,2.0,3.0,2,1,4.0,1.0,2.0,4.0,3.0,3.0
94,20200629.0,4.0,4,4.0,3.0,1.0,2.0,2.0,2,1,4.0,1.0,3.0,4.0,4.0,3.0
95,20200630.0,4.0,4,4.0,4.0,1.0,2.0,2.0,2,1,3.0,1.0,3.0,4.0,4.0,3.0
96,20200701.0,4.0,4,4.0,3.0,1.0,2.0,2.0,1,1,3.0,2.0,4.0,4.0,4.0,3.0
97,20200702.0,4.0,4,3.0,4.0,2.0,3.0,2.0,1,1,1.0,2.0,3.0,4.0,4.0,4.0
98,20200703.0,4.0,4.0,4.0,4.0,2.0,1.0,3.0,2,1,1.0,2.0,3.0,4,3.0,4.0
99,20200706.0,4.0,4.0,4,4.0,3.0,1.0,2.0,2,1,1.0,2.0,3.0,4,4.0,4.0
100,20200707.0,4.0,4,4.0,4.0,2.0,2.0,3.0,2,1,1.0,1.0,3.0,4,4.0,4.0
101,20200708.0,4.0,4.0,4.0,3.0,2.0,2.0,3.0,1,1,1.0,2.0,3.0,4,4.0,4.0
102,20200709.0,4.0,4.0,4.0,2.0,2.0,1.0,3.0,2,1,1.0,3.0,4.0,4,4.0,3.0
103,20200710.0,4,4.0,4.0,2.0,1.0,2.0,4.0,2,1,1.0,3.0,3.0,4.0,4.0,3.0
104,20200713.0,4.0,4.0,4,3.0,1.0,2.0,3.0,1,1,2.0,2.0,3.0,4.0,4.0,4.0
105,20200714.0,1.0,4.0,4,3.0,1.0,2.0,3.0,2,1,3.0,2.0,4.0,4.0,4.0,4.0
106,20200715.0,2.0,4.0,4.0,4.0,2.0,2.0,3.0,1,1,3.0,1.0,4.0,4,4.0,3.0
107,20200716.0,4.0,4.0,4.0,3.0,2.0,2.0,2.0,1,1,3.0,1.0,4.0,4,4.0,3.0
108,20200717.0,4.0,4.0,4.0,1.0,3.0,2.0,2.0,1,2,4.0,1.0,3.0,4,4.0,3.0
109,20200720.0,4.0,3.0,4.0,1.0,4.0,1.0,2.0,2,2,4.0,1.0,3.0,4,4.0,3.0
110,20200721.0,4.0,4.0,4,2.0,3.0,1.0,1.0,2,2,4.0,1.0,3.0,4.0,4.0,3.0
111,20200722.0,4.0,4.0,4.0,2.0,1.0,1.0,1.0,2,2,4,3.0,3.0,4.0,4.0,3.0
112,20200723.0,4.0,4.0,4.0,1.0,1.0,2.0,2.0,2,3,4.0,1.0,3.0,4.0,4,3.0
113,20200724.0,3.0,4.0,4.0,1.0,2.0,1.0,2.0,2,3,4,1.0,4.0,4.0,4.0,3.0
114,20200727.0,4.0,4.0,4.0,1.0,2.0,1.0,2.0,3,3,4,1.0,4.0,4,4.0,2.0
115,20200728.0,3.0,4.0,4.0,1.0,2.0,1.0,2.0,3,2,4,1.0,4.0,4.0,4.0,3.0
116,20200729.0,4.0,4.0,4.0,1.0,2.0,1.0,3.0,2,1,4.0,2.0,3.0,4.0,4,3.0
117,20200730.0,4.0,4.0,4.0,2.0,1.0,1.0,3.0,2,2,4,1.0,4.0,4,4.0,3.0
118,20200731.0,3.0,4.0,4.0,3.0,1.0,2.0,2.0,2,1,4.0,1.0,4.0,4,4.0,3.0
119,20200803.0,3.0,4.0,4.0,2.0,1.0,2.0,2.0,3,1,4.0,1.0,4.0,4,3.0,4.0
120,20200804.0,4.0,3.0,4.0,1.0,2.0,1.0,2.0,3,1,4,2.0,3.0,4.0,4.0,4.0
121,20200805.0,3.0,4.0,4.0,1.0,2.0,1.0,2.0,2,1,4,3.0,4.0,4.0,4.0,3.0
122,20200806.0,4.0,4.0,4.0,1.0,3.0,1.0,2.0,3,1,4,2.0,3.0,4.0,4.0,2.0
123,20200807.0,4.0,4.0,4.0,1.0,3.0,1.0,2.0,2,1,4,2.0,3.0,4.0,4.0,3.0
124,20200810.0,4.0,4.0,4.0,1.0,3.0,1.0,1.0,2,2,4,2.0,3.0,4.0,4.0,3.0
125,20200811.0,4.0,4.0,4.0,1.0,3.0,2.0,1.0,1,3,4,2.0,3.0,4.0,4.0,2.0
126,20200812.0,3.0,4.0,4.0,2.0,4.0,1.0,1.0,2,3,4,3.0,2.0,4.0,4.0,1.0
127,20200813.0,1.0,4.0,4.0,1.0,4.0,1.0,2.0,2,2,4,3.0,3.0,4.0,4.0,3.0
128,20200814.0,2.0,4.0,4,1.0,4.0,2.0,2.0,1,1,4.0,3.0,3.0,4.0,4.0,3.0
129,20200817.0,4.0,4.0,4,1.0,4.0,2.0,2.0,1,1,4.0,2.0,3.0,4,4.0,3.0
130,20200818.0,3.0,4.0,4,1.0,4.0,2.0,2.0,1,1,4.0,2.0,3.0,4.0,4.0,3.0
131,20200819.0,1.0,4.0,4,2.0,4.0,2.0,1.0,1,2,4.0,3.0,3.0,4.0,4.0,3.0
132,20200820.0,2.0,3.0,4.0,4.0,4.0,2.0,1.0,1,1,4,2.0,3.0,4.0,4.0,3.0
133,20200821.0,3.0,3.0,4.0,4.0,4.0,1.0,1.0,1,2,4,2.0,2.0,4.0,3.0,4.0
134,20200824.0,1.0,3.0,4.0,4.0,4.0,3.0,2.0,1,1,4.0,2.0,2.0,4,4.0,3.0
135,20200825.0,2.0,3.0,4.0,4,4.0,2.0,1.0,1,1,4.0,3.0,2.0,3.0,4.0,4.0
136,20200826.0,4.0,1.0,3.0,4,4.0,2.0,2.0,1,1,4.0,3.0,2.0,4.0,4.0,3.0
137,20200827.0,4.0,3.0,3.0,4.0,4.0,2.0,4.0,1,1,4,1.0,2.0,3.0,4.0,2.0
138,20200828.0,4.0,4.0,3.0,3.0,2.0,3.0,4.0,1,1,4.0,1.0,2.0,4.0,4,2.0
139,20200831.0,4.0,4.0,3.0,4.0,2.0,1.0,3.0,1,3,4.0,1.0,2.0,4.0,4,2.0
140,20200901.0,4.0,4.0,4.0,3.0,3.0,2.0,3.0,2,2,4,1.0,1.0,4.0,4.0,1.0
141,20200902.0,4.0,3.0,3.0,2.0,4.0,2.0,4.0,3,1,4,1.0,2.0,4.0,4.0,1.0
142,20200903.0,4.0,4.0,4.0,2.0,2.0,4.0,3.0,1,1,4,1.0,3.0,4.0,3.0,2.0
143,20200904.0,4.0,3.0,4.0,4.0,3.0,3.0,4.0,2,1,4.0,1.0,2.0,2.0,4,1.0
144,20200907.0,4.0,3.0,4,4.0,3.0,2.0,4.0,3,1,4.0,1.0,2.0,2.0,4.0,1.0
145,20200908.0,4.0,2.0,4,4.0,3.0,2.0,4.0,3,1,4.0,1.0,3.0,1.0,4.0,2.0
146,20200909.0,4.0,3.0,4,2.0,4.0,1.0,3.0,3,1,4.0,2.0,2.0,4.0,4.0,1.0
147,20200910.0,4.0,4.0,4.0,3.0,4.0,1.0,2.0,1,1,4.0,2.0,3.0,4,2.0,3.0
148,20200911.0,4,4.0,4.0,4.0,4.0,2.0,2.0,1,1,4.0,1.0,2.0,4,3.0,3.0
149,20200914.0,4.0,3.0,4.0,4.0,3.0,1.0,3.0,2,1,4.0,1.0,2.0,4,4.0,2.0
150,20200915.0,4.0,3.0,4.0,4.0,4.0,2.0,3.0,1,1,4.0,1.0,2.0,4,3.0,2.0
151,20200916.0,4.0,4.0,4.0,4.0,4.0,2.0,3.0,1,1,4,1.0,2.0,4,3.0,2.0
152,20200917.0,4.0,3.0,4,4.0,4.0,2.0,3.0,2,1,4.0,1.0,1.0,4.0,3.0,2.0
153,20200918.0,4.0,4.0,4.0,3.0,4,2.0,2.0,2,1,3.0,1.0,1.0,4.0,4.0,3.0
154,20200921.0,4.0,4.0,4.0,2.0,4.0,1.0,3.0,2,1,3.0,1.0,2.0,4,4.0,3.0
155,20200922.0,4.0,4,4.0,1.0,4.0,2.0,3.0,1,1,3.0,2.0,2.0,4,4.0,4.0
156,20200923.0,4.0,4,4.0,2.0,2.0,2.0,3.0,1,1,4.0,1.0,3.0,4.0,4.0,3.0
157,20200924.0,4.0,4,4.0,1.0,2.0,2.0,3.0,1,1,3.0,2.0,3.0,4.0,4.0,4.0
158,20200925.0,4.0,4,4.0,2.0,2.0,3.0,3.0,1,1,3.0,1.0,2.0,4.0,4.0,4.0
159,20200928.0,4,4.0,4,2.0,3.0,2.0,4.0,2,1,3.0,1.0,1.0,4.0,4.0,4.0
160,20200929.0,4,4.0,4,1.0,3.0,2.0,4.0,2,1,4.0,1.0,2.0,4.0,4.0,3.0
161,20200930.0,4,4.0,4.0,1.0,2.0,3.0,3.0,2,1,4.0,1.0,2.0,4.0,4.0,3.0
162,20201009.0,4,4.0,4.0,1.0,3.0,2.0,3.0,4,1,4.0,1.0,2.0,4,4.0,2.0
163,20201012.0,4,4.0,4,1.0,3.0,3.0,3.0,4,1,4.0,1.0,2.0,4,4.0,2.0
164,20201013.0,4,4.0,4.0,1.0,2.0,3.0,3.0,3,1,4.0,1.0,2.0,4.0,4.0,2.0
165,20201014.0,4,4.0,3.0,2.0,1.0,2.0,4.0,2,1,4.0,1.0,3.0,4.0,4.0,3.0
166,20201015.0,4.0,4.0,3.0,2.0,2.0,3.0,4.0,2,1,4,1.0,1.0,4.0,4.0,3.0
167,20201016.0,4,4.0,4.0,3.0,1.0,2.0,3.0,2,1,4.0,1.0,2.0,4.0,4.0,3.0
168,20201019.0,4.0,4.0,3.0,2.0,3.0,1.0,4.0,3,1,4,1.0,2.0,4.0,4.0,2.0
169,20201020.0,4.0,4.0,3.0,2.0,3.0,2.0,4.0,3,1,4.0,1.0,2.0,4.0,4,1.0
170,20201021.0,4,4.0,3.0,4.0,3.0,2.0,4.0,1,1,3.0,2.0,2.0,4.0,4.0,1.0
171,20201022.0,4,4.0,4.0,4.0,3.0,3.0,4.0,1,1,3.0,1.0,2.0,2.0,4.0,2.0
172,20201023.0,4.0,4,4.0,4.0,4.0,2.0,3.0,1,1,3.0,1.0,2.0,3.0,4.0,2.0
173,20201026.0,4.0,4.0,4.0,3.0,4.0,2.0,3.0,2,1,4,1.0,2.0,3.0,4.0,1.0
174,20201027.0,4.0,4.0,3.0,4.0,1.0,3.0,4.0,2,1,4,1.0,2.0,3.0,4.0,2.0
175,20201028.0,4.0,4.0,4.0,3.0,3.0,2.0,4.0,2,1,4,1.0,1.0,3.0,4.0,2.0
176,20201029.0,4.0,4.0,3.0,4.0,2.0,3.0,3.0,1,2,4,1.0,1.0,4.0,4.0,2.0
177,20201030.0,4.0,4.0,3.0,4.0,2.0,2.0,4.0,2,1,4,1.0,1.0,3.0,4.0,3.0
178,20201102.0,4.0,4,4.0,4.0,3.0,2.0,3.0,2,1,4.0,1.0,1.0,3.0,4.0,2.0
179,20201103.0,4.0,4.0,4.0,4.0,3.0,2.0,3.0,2,1,4,1.0,2.0,3.0,4.0,1.0
180,20201104.0,4,4.0,4.0,4.0,3.0,2.0,3.0,2,2,4.0,1.0,1.0,3.0,4.0,1.0
181,20201105.0,4.0,4.0,3.0,4.0,3.0,1.0,3.0,2,2,4,1.0,1.0,4.0,4.0,2.0
182,20201106.0,4.0,4.0,3.0,4.0,4.0,2.0,3.0,2,1,4,1.0,1.0,4.0,3.0,2.0
183,20201109.0,4.0,4,4.0,4.0,3.0,1.0,3.0,1,1,4.0,2.0,2.0,4.0,2.0,3.0
184,20201110.0,4.0,4.0,4,4.0,3.0,1.0,3.0,1,1,4.0,2.0,2.0,4.0,3.0,2.0
185,20201111.0,4.0,4.0,4.0,4.0,3.0,1.0,2.0,1,1,4.0,2.0,2.0,4,3.0,3.0
186,20201112.0,3.0,4.0,4,4.0,4.0,1.0,2.0,1,2,4,1.0,2.0,3.0,4.0,4.0
187,20201113.0,4.0,4.0,4.0,3.0,4.0,1.0,2.0,2,1,4,1.0,2.0,3.0,4.0,3.0
188,20201116.0,4.0,4.0,4.0,4.0,4.0,1.0,3.0,1,2,4,1.0,2.0,4,2.0,3.0
189,20201117.0,4.0,4.0,4,4.0,3.0,1.0,3.0,1,2,4,2.0,2.0,4.0,1.0,4.0
190,20201118.0,4.0,4,4,3.0,4.0,1.0,3.0,1,3,4,1.0,2.0,4.0,2.0,4.0
191,20201119.0,4.0,4.0,4.0,2.0,4.0,1.0,3.0,1,2,4,2.0,1.0,4.0,3.0,3.0
192,20201120.0,4.0,4,3.0,2.0,4.0,1.0,4.0,1,2,4,2.0,1.0,4.0,3.0,4.0
193,20201123.0,3.0,4.0,4.0,2.0,4.0,1.0,3.0,1,3,4,1.0,2.0,4.0,2.0,4.0
194,20201124.0,4.0,4.0,3.0,2.0,4.0,1.0,3.0,2,3,4,1.0,1.0,4.0,2.0,4.0
195,20201125.0,4.0,4.0,3.0,3.0,4.0,1.0,3.0,2,2,4,1.0,1.0,4.0,2.0,4.0
196,20201126.0,4.0,4.0,3.0,3.0,4,1.0,4.0,2,2,3.0,1.0,1.0,4.0,2.0,4.0
197,20201127.0,2.0,4.0,4.0,3.0,4.0,1.0,4.0,2,2,3.0,1.0,1.0,4,3.0,4.0
198,20201130.0,3.0,4.0,4.0,2.0,4.0,1.0,3.0,3,1,2.0,2.0,1.0,4,4.0,4.0
199,20201201.0,3.0,4.0,4,3.0,4.0,1.0,3.0,2,1,1.0,2.0,2.0,4.0,4.0,4.0
200,20201202.0,3.0,4,4.0,3.0,4.0,1.0,2.0,2,1,1.0,3.0,2.0,4.0,4.0,4.0
201,20201203.0,2.0,4.0,4,3.0,3.0,1.0,4.0,2,1,1.0,3.0,2.0,4.0,4.0,4.0
202,20201204.0,2.0,4,4,2.0,2.0,1.0,4.0,1,1,4.0,3.0,3.0,4.0,4.0,4.0
203,20201207.0,1.0,4.0,4.0,2.0,3.0,1.0,3.0,1,2,4.0,2.0,3.0,4.0,4,4.0
204,20201208.0,1.0,4,4.0,2.0,3.0,2.0,3.0,1,1,4.0,2.0,3.0,4.0,4.0,4.0
205,20201209.0,2.0,4.0,4.0,2.0,3.0,1.0,4.0,1,1,4.0,2.0,3.0,4.0,4,3.0
206,20201210.0,3.0,4,3.0,2.0,2.0,2.0,4.0,1,1,4.0,1.0,3.0,4.0,4.0,4.0
207,20201211.0,1.0,4,4.0,3.0,2.0,1.0,3.0,1,2,3.0,2.0,4.0,4.0,4.0,4.0
208,20201214.0,2.0,4.0,4.0,2.0,2.0,3.0,3.0,1,1,4.0,1.0,3.0,4.0,4,4.0
209,20201215.0,2.0,4.0,4.0,2.0,1.0,3.0,4.0,1,2,4.0,1.0,3.0,4,4,4.0
210,20201216.0,2.0,4,3.0,2.0,1.0,3.0,4.0,1,2,4.0,1.0,4.0,4.0,4.0,3.0
211,20201217.0,2.0,4.0,4,3.0,1.0,2.0,4.0,1,2,3.0,1.0,3.0,4.0,4.0,4.0
212,20201218.0,3.0,4.0,4.0,3.0,2.0,1.0,3.0,1,2,4,1.0,2.0,4.0,4.0,4.0
213,20201221.0,3.0,3.0,4.0,2.0,2.0,1.0,4.0,1,2,4.0,1.0,3.0,4,4.0,4.0
214,20201222.0,2.0,4.0,4.0,2.0,1.0,2.0,4.0,1,3,4,1.0,3.0,4,4.0,4.0
215,20201223.0,2.0,4.0,4.0,1.0,2.0,3.0,4,1,3,4,1.0,3.0,4,4.0,4.0
216,20201224.0,1.0,4.0,4.0,1.0,3.0,2.0,4.0,2,2,4,1.0,3.0,4,4.0,4.0
217,20201225.0,4.0,2.0,4.0,1.0,2.0,1.0,4.0,3,2,4,1.0,4.0,4,4.0,3.0
218,20201228.0,2.0,2.0,4.0,1.0,3.0,1.0,4.0,2,3,4.0,1.0,4.0,4,4.0,3.0
219,20201229.0,2.0,4.0,4.0,1.0,2.0,2.0,3.0,1,3,4.0,1.0,4.0,4,4.0,3.0
220,20201230.0,3.0,3.0,4.0,1.0,2.0,1.0,4.0,2,2,4.0,1.0,4.0,4,4.0,3.0
221,20201231.0,4.0,3.0,4.0,1.0,2.0,1.0,4.0,2,2,4.0,1.0,3.0,4,4.0,3.0
222,20210104.0,2.0,4.0,4.0,1.0,4.0,2.0,4.0,1,2,4,1.0,3.0,4,4.0,3.0
223,20210105.0,3.0,4,4.0,1.0,2.0,2.0,4.0,1,2,4.0,1.0,3.0,4,4.0,4.0
224,20210106.0,3.0,4.0,4.0,1.0,3.0,2.0,4.0,1,2,4,1.0,3.0,4,4,4.0
225,20210107.0,3.0,4.0,4.0,1.0,2.0,1.0,4.0,2,2,4,1.0,4.0,4,4.0,3.0
226,20210108.0,3.0,4,4.0,1.0,2.0,1.0,3.0,2,2,4.0,1.0,3.0,4.0,4.0,4.0
227,20210111.0,3.0,4.0,4.0,2.0,2.0,1.0,3.0,2,1,4.0,1.0,3.0,4,4.0,4.0
228,20210112.0,4.0,4,4.0,1.0,2.0,1.0,3.0,2,1,4.0,2.0,3.0,4.0,4.0,3.0
229,20210113.0,4.0,4,4,1.0,2.0,2.0,3.0,2,1,4.0,1.0,3.0,4.0,4.0,4.0
230,20210114.0,4.0,4,4.0,3.0,2.0,1.0,2.0,2,1,4.0,1.0,3.0,4.0,4.0,3.0
231,20210115.0,4,4.0,4.0,3.0,4.0,1.0,1.0,3,1,3.0,2.0,2.0,4.0,4.0,2.0
232,20210118.0,4.0,4,4.0,4.0,3.0,1.0,2.0,2,1,3.0,1.0,3.0,4.0,4.0,2.0
233,20210119.0,4.0,4.0,4.0,4.0,3.0,1.0,2.0,1,1,3.0,2.0,2.0,4.0,4,3.0
234,20210120.0,4,4,4.0,4.0,3.0,1.0,3.0,2,1,4.0,1.0,2.0,4.0,4.0,2.0
235,20210121.0,4.0,4,4.0,4.0,2.0,1.0,3.0,2,1,4.0,1.0,2.0,3.0,4.0,3.0
236,20210122.0,4.0,4.0,4.0,4.0,1.0,1.0,3.0,2,2,4,1.0,3.0,4.0,3.0,2.0
237,20210125.0,4.0,4.0,3.0,4.0,1.0,1.0,3.0,2,2,4,1.0,3.0,4.0,4.0,2.0
238,20210126.0,4.0,4.0,4.0,4.0,1.0,1.0,3.0,2,2,4.0,1.0,3.0,4,3.0,2.0
239,20210127.0,4.0,4.0,4.0,4.0,2.0,1.0,2.0,1,2,4.0,1.0,3.0,4,3.0,3.0
240,20210128.0,3.0,4.0,4,4.0,2.0,1.0,2.0,1,2,4.0,1.0,3.0,4.0,4.0,3.0
241,20210129.0,4.0,4.0,4.0,4,2.0,1.0,2.0,1,1,4.0,2.0,3.0,3.0,4.0,3.0
242,20210201.0,4.0,4.0,4.0,4,2.0,1.0,1.0,1,2,3.0,3.0,3.0,4.0,4.0,2.0
243,20210202.0,4.0,4.0,4.0,4,2.0,1.0,1.0,1,2,4.0,2.0,3.0,4.0,3.0,3.0
244,20210203.0,3.0,4.0,4,4.0,2.0,1.0,1.0,1,2,4.0,2.0,3.0,4.0,4.0,3.0
245,20210204.0,4.0,4.0,4,4.0,1.0,1.0,2.0,1,2,3.0,3.0,3.0,4.0,4.0,2.0
246,20210205.0,4.0,4.0,4.0,4,2.0,1.0,1.0,1,2,2.0,3.0,3.0,4.0,4.0,3.0
247,20210208.0,3.0,4.0,4.0,4,1.0,1.0,2.0,1,2,3.0,2.0,4.0,4.0,4.0,3.0
248,20210209.0,3.0,4.0,4,4.0,1.0,1.0,2.0,1,2,4.0,3.0,3.0,4.0,4.0,2.0
249,20210210.0,3.0,4.0,4.0,4,1.0,1.0,2.0,1,2,4.0,2.0,3.0,4.0,4.0,3.0
250,20210218.0,4.0,4.0,4.0,4,1.0,1.0,3.0,1,2,4.0,2.0,2.0,3.0,4.0,3.0
251,20210219.0,2.0,4.0,4.0,4,1.0,1.0,3.0,1,2,4.0,2.0,3.0,3.0,4.0,4.0
252,20210222.0,1.0,4.0,4.0,4.0,2.0,1.0,3.0,1,2,4,2.0,3.0,4.0,4.0,3.0
253,20210223.0,1.0,4.0,4,4,2.0,1.0,2.0,1,3,4.0,2.0,4.0,4.0,4.0,3.0
254,20210224.0,2.0,3.0,4,4.0,2.0,1.0,3.0,1,1,4.0,2.0,3.0,4.0,4.0,4.0
255,20210225.0,3.0,4.0,4,4.0,3.0,1.0,1.0,1,2,4.0,2.0,4.0,4.0,4,2.0
256,20210226.0,3.0,2.0,4,4,4.0,1.0,2.0,1,1,4.0,2.0,4.0,4.0,4.0,3.0
257,20210301.0,4.0,2.0,4,4,4.0,1.0,3.0,1,1,4.0,2.0,4.0,3.0,4.0,2.0
258,20210302.0,4.0,1.0,4,4,4.0,2.0,2.0,1,1,4.0,3.0,4.0,3.0,4.0,2.0
259,20210303.0,4.0,1.0,4,4,4.0,1.0,2.0,1,2,4.0,2.0,3.0,4.0,4.0,3.0
260,20210304.0,1.0,1.0,4,4,4.0,1.0,2.0,2,4,4.0,2.0,3.0,4.0,4.0,3.0
261,20210305.0,2.0,1.0,4,4.0,4.0,1.0,3.0,3,2,4.0,1.0,3.0,4.0,4.0,2.0
262,20210308.0,3.0,1.0,4.0,4,4.0,1.0,2.0,2,2,4.0,1.0,3.0,4.0,4.0,3.0
263,20210309.0,4.0,2.0,4.0,4,4.0,1.0,2.0,1,2,4.0,1.0,3.0,3.0,4.0,3.0
264,20210310.0,4.0,2.0,4.0,4,4.0,1.0,1.0,1,2,4.0,2.0,3.0,3.0,4.0,3.0
265,20210311.0,3.0,1.0,4.0,4,4.0,1.0,2.0,2,2,4.0,1.0,3.0,4.0,4.0,3.0
266,20210312.0,4.0,1.0,4.0,4.0,4.0,1.0,2.0,2,2,4,1.0,3.0,4,4.0,3.0
267,20210315.0,4.0,1.0,4,4.0,4.0,1.0,2.0,2,3,4,1.0,3.0,4,4.0,3.0
268,20210316.0,4.0,1.0,4,4.0,4.0,1.0,2.0,2,2,4,1.0,3.0,4.0,4.0,3.0
269,20210317.0,3.0,1.0,4,4.0,4.0,1.0,2.0,2,2,4,1.0,4.0,4.0,4.0,3.0
270,20210318.0,3.0,1.0,4.0,4.0,4.0,1.0,2.0,2,3,4,1.0,3.0,4.0,4.0,2.0
271,20210319.0,4.0,1.0,4.0,4.0,3.0,1.0,2.0,2,2,4,1.0,3.0,4.0,4.0,3.0
272,20210322.0,4.0,1.0,4,4.0,3.0,2.0,2.0,1,2,4.0,1.0,3.0,4.0,4.0,3.0
273,20210323.0,4.0,1.0,4.0,4.0,3.0,3.0,2.0,2,1,4.0,1.0,3.0,4.0,4,2.0
274,20210324.0,3.0,1.0,4.0,4.0,4.0,3.0,2.0,1,2,3.0,1.0,4.0,4.0,4,2.0
275,20210325.0,4.0,1.0,3.0,4.0,4.0,3.0,3.0,1,1,2.0,2.0,4.0,2.0,4,4.0
276,20210326.0,4.0,1.0,4.0,4,3.0,2.0,2.0,1,2,4.0,1.0,4.0,3.0,4.0,3.0
277,20210329.0,4.0,1.0,4,4.0,3.0,2.0,2.0,1,2,4.0,1.0,4.0,4,3.0,4.0
278,20210330.0,4.0,1.0,3.0,4.0,3.0,2.0,1.0,1,2,4.0,2.0,4.0,4,3.0,4.0
279,20210331.0,4,1.0,3.0,4.0,3.0,2.0,1.0,1,2,4.0,2.0,4.0,4,4.0,4.0
280,20210401.0,4.0,1.0,3.0,4.0,2.0,2.0,2.0,1,3,4.0,1.0,3.0,4,4.0,4.0
281,20210402.0,4.0,1.0,3.0,4.0,2.0,3.0,2.0,1,1,4.0,2.0,4.0,4,3.0,4.0
282,20210406.0,4.0,2.0,4.0,4.0,2.0,3.0,2.0,1,1,4.0,1.0,3.0,4,3.0,4.0
283,20210407.0,4.0,2.0,4.0,4.0,3.0,1.0,2.0,1,1,4,2.0,3.0,4.0,3.0,4.0
284,20210408.0,4.0,4.0,4,3.0,1.0,1.0,2.0,1,2,4.0,2.0,3.0,4.0,4.0,3.0
285,20210409.0,4.0,4.0,4.0,3.0,1.0,2.0,2.0,1,1,4,3.0,2.0,4.0,4.0,3.0
286,20210412.0,4.0,2.0,3.0,4.0,2.0,1.0,2.0,1,1,4,3.0,3.0,4.0,4.0,4.0
287,20210413.0,2.0,3.0,2.0,4.0,1.0,2.0,4.0,1,1,3.0,3.0,4.0,4.0,4,4.0
288,20210414.0,2.0,4.0,2.0,4.0,1.0,3.0,4.0,1,1,4.0,2.0,4.0,3.0,4,3.0
289,20210415.0,4.0,4.0,2.0,4,1.0,3.0,3.0,1,1,4.0,2.0,2.0,4.0,3.0,4.0
290,20210416.0,4.0,4,4.0,4.0,2.0,2.0,4.0,1,1,3.0,3.0,1.0,2.0,4.0,3.0
291,20210419.0,4.0,4.0,4.0,3.0,2.0,2.0,4.0,1,1,4.0,2.0,1.0,3.0,4,3.0
292,20210420.0,4,4.0,3.0,3.0,2.0,2.0,4.0,1,1,4.0,2.0,1.0,3.0,4.0,4.0
293,20210421.0,4.0,4.0,2.0,3.0,1.0,3.0,3.0,1,1,4.0,2.0,2.0,4.0,4,4.0
294,20210422.0,4,4.0,4.0,4.0,1.0,2.0,3.0,1,1,3.0,2.0,2.0,4.0,4.0,3.0
295,20210423.0,4,4.0,4.0,4.0,1.0,2.0,3.0,2,1,4.0,1.0,2.0,3.0,4.0,3.0
296,20210426.0,4.0,4,4.0,4.0,1.0,1.0,3.0,2,1,4,2.0,3.0,4.0,4.0,2.0
297,20210427.0,4.0,4,4.0,4.0,1.0,2.0,3.0,1,1,4.0,2.0,3.0,4.0,3.0,2.0
298,20210428.0,4.0,4,4.0,4.0,1.0,2.0,4.0,1,1,4,2.0,3.0,4.0,3.0,2.0
299,20210429.0,4,4.0,4.0,4.0,1.0,2.0,3.0,1,1,4.0,2.0,3.0,4.0,3.0,2.0
300,20210430.0,4.0,4,4,4.0,1.0,2.0,3.0,1,2,4.0,1.0,3.0,4.0,4.0,2.0
301,20210506.0,4.0,4,4,4.0,1.0,1.0,3.0,2,2,4.0,1.0,3.0,4.0,4.0,2.0
302,20210507.0,4.0,4,4.0,4.0,2.0,1.0,3.0,1,2,4.0,1.0,3.0,4.0,3.0,2.0
303,20210510.0,4.0,4,4.0,4.0,2.0,1.0,3.0,2,1,4.0,1.0,3.0,3.0,4.0,2.0
304,20210511.0,4.0,4,4.0,4.0,1.0,1.0,3.0,1,2,4.0,2.0,3.0,3.0,4.0,2.0
305,20210512.0,3.0,4,4.0,4.0,1.0,1.0,3.0,1,2,4.0,2.0,3.0,4.0,4.0,2.0
306,20210513.0,4.0,4,3.0,4.0,1.0,1.0,3.0,1,2,4.0,2.0,2.0,4.0,4.0,3.0
307,20210514.0,4.0,4,4.0,4.0,1.0,3.0,3.0,1,1,4.0,2.0,2.0,3.0,4.0,2.0
308,20210517.0,4.0,4,4.0,3.0,1.0,3.0,4.0,1,1,4.0,2.0,2.0,3.0,4.0,2.0
309,20210518.0,4.0,4.0,4.0,3.0,1.0,2.0,4.0,1,2,4,1.0,3.0,3.0,4.0,2.0
310,20210519.0,4.0,4.0,3.0,3.0,1.0,2.0,4.0,2,1,4,1.0,3.0,4.0,4.0,2.0
311,20210520.0,4,4.0,3.0,4.0,1.0,2.0,3.0,1,2,4.0,1.0,3.0,4.0,4.0,2.0
312,20210521.0,3.0,2.0,4.0,4.0,1.0,2.0,3.0,1,2,4,1.0,4.0,4.0,4.0,3.0
313,20210524.0,4.0,2.0,3.0,4.0,2.0,2.0,3.0,1,1,4,1.0,4.0,4.0,4.0,3.0
314,20210525.0,4.0,4.0,4.0,3.0,1.0,2.0,4.0,1,1,2.0,2.0,3.0,4.0,4,3.0
315,20210526.0,4.0,4.0,4.0,3.0,1.0,2.0,3.0,1,1,2.0,2.0,3.0,4,4.0,4.0
316,20210527.0,2.0,3.0,4.0,4.0,1.0,2.0,4.0,1,1,4.0,2.0,3.0,4,4.0,3.0
317,20210528.0,3.0,3.0,4.0,2.0,2.0,1.0,4.0,2,1,4.0,1.0,4.0,4,3.0,4.0
318,20210531.0,4.0,3.0,4.0,2.0,2.0,1.0,4,2,1,3.0,1.0,3.0,4.0,4.0,4.0
319,20210601.0,3.0,4.0,3.0,3.0,2.0,2.0,4.0,1,1,4,1.0,4.0,2.0,4.0,4.0
320,20210602.0,2.0,3.0,4.0,4.0,2.0,1.0,4.0,1,1,4,2.0,3.0,3.0,4.0,4.0
321,20210603.0,3.0,3.0,4.0,4,2.0,2.0,4.0,1,1,4.0,1.0,3.0,4.0,2.0,4.0
322,20210604.0,3.0,4.0,2.0,4.0,2.0,2.0,4.0,1,1,4,1.0,3.0,4.0,4.0,3.0
323,20210607.0,2.0,4.0,3.0,4.0,2.0,2.0,4.0,1,1,4,1.0,3.0,3.0,4.0,4.0
324,20210608.0,3.0,4.0,2.0,2.0,4.0,2.0,4,1,1,4.0,1.0,3.0,3.0,4.0,4.0
325,20210609.0,3.0,4.0,4,1.0,4.0,2.0,4.0,2,1,4.0,1.0,3.0,3.0,4.0,2.0
326,20210610.0,4.0,3.0,4,1.0,4.0,2.0,4.0,3,1,4.0,1.0,2.0,3.0,4.0,2.0
327,20210611.0,4,3.0,4.0,3.0,4.0,1.0,4.0,3,1,4.0,1.0,2.0,2.0,4.0,2.0
328,20210615.0,4.0,4.0,4,2.0,4.0,1.0,4,4,1,4.0,1.0,2.0,3.0,3.0,2.0
329,20210616.0,4.0,4,3.0,2.0,4.0,1.0,4.0,3,1,3.0,1.0,4.0,2.0,4.0,2.0
330,20210617.0,4.0,4.0,2.0,2.0,4.0,2.0,4,3,1,3.0,1.0,4.0,1.0,4.0,3.0
331,20210618.0,4.0,4.0,3.0,2.0,4.0,1.0,4,3,1,4.0,1.0,2.0,2.0,4.0,3.0
332,20210621.0,4.0,4.0,4.0,1.0,3.0,2.0,4,3,1,4.0,1.0,2.0,3.0,4.0,2.0
333,20210622.0,3.0,4.0,4,1.0,2.0,3.0,4.0,3,1,4.0,1.0,2.0,4.0,4.0,2.0
334,20210623.0,4.0,4.0,4,1.0,4.0,2.0,4.0,3,1,4,1.0,2.0,3.0,4.0,2.0
335,20210624.0,3.0,4.0,4,2.0,4.0,2.0,3.0,3,1,4.0,1.0,1.0,4.0,4.0,2.0
336,20210625.0,4.0,4,4.0,3.0,3.0,1.0,3.0,2,1,4.0,1.0,2.0,4.0,4.0,2.0
337,20210628.0,4.0,4.0,4.0,3.0,1.0,2.0,3.0,3,1,4,1.0,2.0,4.0,4.0,2.0
338,20210629.0,4.0,4.0,4,4.0,2.0,1.0,4.0,2,1,4,1.0,2.0,3.0,4.0,3.0
339,20210630.0,4.0,4,4.0,4.0,2.0,1.0,3.0,2,1,4.0,1.0,2.0,3.0,4.0,3.0
340,20210701.0,4.0,4,4.0,4,1.0,2.0,3.0,2,1,4.0,1.0,2.0,4.0,4.0,3.0
341,20210702.0,4.0,4,4.0,4.0,1.0,2.0,3.0,2,1,4.0,1.0,3.0,3.0,4.0,2.0
342,20210705.0,4,4.0,4,4.0,3.0,1.0,4.0,2,1,4.0,1.0,2.0,3.0,4.0,2.0
343,20210706.0,4.0,4.0,4,3.0,4.0,1.0,3.0,2,1,4,1.0,2.0,4.0,4.0,2.0
344,20210707.0,4.0,3.0,4.0,3.0,3.0,1.0,4.0,2,1,4,1.0,2.0,4.0,4.0,2.0
345,20210708.0,4.0,3.0,4.0,2.0,3.0,1.0,4.0,3,1,4,1.0,2.0,4.0,4.0,2.0
346,20210709.0,3.0,3.0,4.0,3.0,4.0,1.0,4.0,2,1,4,1.0,2.0,4.0,4.0,2.0
347,20210712.0,3.0,4.0,4.0,2.0,4.0,1.0,3.0,3,1,4,1.0,2.0,4.0,4.0,2.0
348,20210713.0,3.0,3.0,4.0,3.0,4.0,1.0,2.0,4,1,4.0,1.0,2.0,4.0,4,2.0
349,20210714.0,4.0,3.0,4.0,4.0,2.0,1.0,3.0,3,1,4,1.0,2.0,4.0,4.0,2.0
350,20210715.0,4.0,4.0,4.0,2.0,3.0,1.0,2.0,2,1,4,1.0,4.0,4.0,4,3.0
351,20210716.0,4.0,4.0,4.0,2.0,2.0,1.0,3.0,4,1,4,1.0,3.0,4,4.0,2.0
352,20210719.0,2.0,4.0,4.0,4.0,2.0,1.0,3.0,3,1,4.0,1.0,2.0,4,4,4.0
353,20210720.0,4.0,4.0,4.0,3.0,2.0,1.0,4.0,3,1,4.0,1.0,2.0,4,4,2.0
354,20210721.0,4.0,4.0,4.0,3.0,3.0,1.0,3.0,4,1,4,1.0,2.0,4,4,2.0
355,20210722.0,3.0,4.0,4.0,3.0,4.0,1.0,3.0,4,1,4,1.0,2.0,4,4,2.0
356,20210723.0,3.0,4.0,4.0,2.0,4.0,1.0,3.0,4,1,4,1.0,2.0,4,4.0,2.0
357,20210726.0,3.0,4.0,4.0,2.0,4.0,1.0,3.0,4,1,4,1.0,2.0,4,4.0,2.0
358,20210727.0,3.0,4.0,4.0,2.0,4.0,1.0,3.0,4,1,4,1.0,2.0,4,4.0,2.0
359,20210728.0,3.0,4.0,4.0,2.0,4.0,1.0,3.0,3,1,4,1.0,2.0,4.0,4.0,2.0
360,20210729.0,4.0,4.0,4.0,2.0,4.0,1.0,3.0,3,1,4,1.0,2.0,3.0,4.0,2.0
361,20210730.0,4.0,4.0,4,2.0,4.0,1.0,3.0,4,1,4,1.0,2.0,3.0,4.0,2.0
362,20210802.0,4.0,4.0,4,2.0,3.0,1.0,3.0,4,1,4,1.0,2.0,4.0,4.0,2.0
363,20210803.0,4,4.0,4,1.0,2.0,2.0,3.0,4,1,4.0,1.0,3.0,4.0,4.0,2.0
364,20210804.0,4.0,4.0,4,2.0,2.0,2.0,3.0,4,1,4,1.0,3.0,4.0,4.0,1.0
365,20210805.0,3.0,4.0,4,1.0,3.0,1.0,4.0,4,2,4,1.0,2.0,4.0,4.0,2.0
366,20210806.0,3.0,4.0,4.0,1.0,3.0,1.0,3.0,4,2,4,1.0,2.0,4.0,4.0,2.0
367,20210809.0,4.0,3.0,4.0,1.0,3.0,1.0,3.0,4,2,4.0,1.0,2.0,4.0,4,2.0
368,20210810.0,4.0,3.0,4.0,1.0,3.0,1.0,3.0,4,2,4.0,1.0,2.0,4.0,4,2.0
369,20210811.0,4.0,3.0,4.0,1.0,4.0,1.0,3.0,3,2,4.0,1.0,2.0,4.0,4,2.0
370,20210812.0,4.0,3.0,4.0,2.0,3.0,1.0,3.0,4,1,4.0,1.0,2.0,4.0,4,2.0
371,20210813.0,3.0,4.0,4.0,2.0,3.0,1.0,3.0,4,2,4,1.0,2.0,4.0,4.0,1.0
372,20210816.0,3.0,3.0,4.0,2.0,4.0,1.0,3.0,4,1,4.0,1.0,2.0,4.0,4,2.0
373,20210817.0,3.0,3.0,4.0,2.0,4.0,1.0,3.0,4,2,4.0,1.0,2.0,4.0,4,1.0
374,20210818.0,4.0,2.0,4.0,1.0,4.0,1.0,2.0,4,3,3.0,1.0,3.0,4.0,4,2.0
375,20210819.0,4.0,2.0,4,1.0,3.0,1.0,4.0,3,2,4.0,1.0,3.0,4.0,4.0,2.0
376,20210820.0,4.0,4.0,4,1.0,3.0,1.0,2.0,4,2,3.0,1.0,3.0,4.0,4.0,2.0
377,20210823.0,4.0,3.0,4,2.0,4.0,1.0,3.0,4,2,3.0,1.0,2.0,4.0,4.0,1.0
378,20210824.0,4.0,3.0,4.0,2.0,4.0,1.0,3.0,3,2,4.0,1.0,2.0,4.0,4,1.0
379,20210825.0,4.0,3.0,4,2.0,4.0,1.0,4.0,3,2,4.0,1.0,2.0,3.0,4.0,1.0
380,20210826.0,4.0,2.0,4.0,3.0,4.0,1.0,2.0,3,2,4,1.0,3.0,4.0,4.0,1.0
381,20210827.0,4.0,2.0,4.0,3.0,4.0,1.0,3.0,3,2,4,1.0,2.0,4.0,4.0,1.0
382,20210830.0,4.0,4.0,4,2.0,4,1.0,3.0,4,2,4.0,1.0,2.0,3.0,4.0,1.0
383,20210831.0,4.0,3.0,4,2.0,4.0,1.0,2.0,4,2,4.0,1.0,4.0,3.0,4,1.0
384,20210901.0,4.0,4.0,4,2.0,4,1.0,1.0,2,3,3.0,1.0,4.0,4.0,4.0,2.0
385,20210902.0,4.0,2.0,4.0,4.0,4,1.0,1.0,4,2,2.0,1.0,3.0,4.0,3.0,3.0
386,20210903.0,3.0,2.0,4,4.0,4.0,1.0,1.0,2,2,4.0,1.0,4.0,4.0,3.0,3.0
387,20210906.0,4.0,1.0,4,4,4.0,1.0,2.0,2,4,3.0,1.0,4.0,4.0,3.0,2.0
388,20210907.0,4.0,1.0,4,4,4.0,1.0,2.0,3,3,4.0,1.0,4.0,4.0,2.0,2.0
389,20210908.0,4.0,1.0,4,4.0,4.0,1.0,3.0,2,2,4.0,1.0,4,4.0,3.0,2.0
390,20210909.0,4.0,1.0,4,4.0,4.0,1.0,2.0,3,3,4.0,1.0,4.0,4,2.0,2.0
391,20210910.0,4.0,1.0,4.0,4.0,4.0,1.0,2.0,2,2,3.0,1.0,4.0,4,3.0,3.0
392,20210913.0,3.0,2.0,4.0,4,4.0,1.0,1.0,3,2,4.0,1.0,4.0,4.0,2.0,3.0
393,20210914.0,2.0,2.0,4.0,4,4.0,1.0,1.0,4,3,4.0,1.0,4.0,4,3.0,2.0
394,20210915.0,2.0,1.0,4,4,4.0,1.0,3.0,4,3,4,1.0,4.0,4,4.0,2.0
395,20210916.0,1.0,2.0,4.0,4.0,3.0,1.0,2.0,2,3,4,1.0,4.0,4.0,4.0,3.0
396,20210917.0,2.0,1.0,4.0,4.0,2.0,1.0,3.0,3,3,4.0,1.0,4.0,4,4.0,2.0
397,20210922.0,3.0,1.0,4,4.0,2.0,1.0,2.0,4,3,4,1.0,4.0,4.0,4.0,2.0
398,20210923.0,3.0,1.0,4.0,3.0,4.0,1.0,2.0,2,4,4.0,1.0,4.0,4,3.0,2.0
399,20210924.0,4.0,1.0,4,4.0,3.0,1.0,2.0,2,2,4.0,1.0,4.0,4.0,3.0,3.0
400,20210927.0,2.0,1.0,4,4.0,1.0,3.0,4.0,2,2,4.0,1.0,3.0,4.0,4.0,3.0
401,20210928.0,2.0,1.0,4.0,4.0,2.0,1.0,4.0,3,2,4.0,1.0,3.0,4,4.0,3.0
402,20210929.0,1.0,1.0,4,4.0,2.0,3.0,4.0,2,2,4.0,1.0,4.0,4,4.0,3.0
403,20210930.0,2.0,1.0,4.0,4.0,1.0,3.0,4.0,2,2,4.0,1.0,4.0,4,4,3.0
404,20211008.0,1.0,2.0,4.0,4,1.0,3.0,4.0,1,2,4.0,2.0,3.0,4.0,4.0,3.0
405,20211011.0,1.0,3.0,4.0,4.0,2.0,2.0,4.0,1,1,4,2.0,3.0,4.0,3.0,4.0
406,20211012.0,1.0,2.0,4.0,4.0,1.0,2.0,3.0,1,2,4.0,3.0,3.0,4,4.0,4.0
407,20211013.0,2.0,4.0,3.0,4.0,1.0,4,3.0,1,1,4.0,3.0,2.0,2.0,4.0,4.0
408,20211014.0,3.0,4.0,4.0,4.0,1.0,4.0,3.0,1,1,4,2.0,2.0,2.0,3.0,4.0
409,20211015.0,3.0,4.0,3.0,4.0,2.0,4.0,4.0,1,1,4,1.0,2.0,4.0,3.0,2.0
410,20211018.0,2.0,4.0,4.0,4.0,4.0,3.0,3.0,2,1,4,1.0,1.0,3.0,4.0,2.0
411,20211019.0,1.0,4.0,4.0,4.0,3.0,2.0,3.0,2,1,4,1.0,2.0,4.0,4.0,3.0
412,20211020.0,1.0,3.0,4.0,3.0,4.0,3.0,4.0,2,1,4,1.0,2.0,4.0,4.0,2.0
413,20211021.0,1.0,4.0,4.0,4.0,3.0,2.0,3.0,2,1,4.0,1.0,2.0,4.0,4,3.0
414,20211022.0,3.0,4,2.0,4.0,3.0,4.0,2.0,1,1,4.0,1.0,2.0,3.0,4.0,4.0
415,20211025.0,4.0,4.0,3.0,4.0,2.0,3.0,2.0,1,1,4.0,1.0,2.0,4.0,4,3.0
416,20211026.0,4.0,3.0,4.0,4.0,3.0,2.0,3.0,2,1,4.0,1.0,1.0,4.0,4,2.0
417,20211027.0,3.0,3.0,4,4.0,4.0,2.0,4.0,2,1,4.0,1.0,1.0,4.0,4,2.0
418,20211028.0,4.0,3.0,3.0,4.0,3.0,2.0,4.0,1,1,4,1.0,2.0,4.0,4.0,2.0
419,20211029.0,3.0,4.0,4,3.0,2.0,2.0,4.0,2,1,4.0,1.0,1.0,4.0,3.0,4.0
420,20211101.0,3.0,4.0,3.0,2.0,4.0,2.0,4.0,2,1,4,1.0,1.0,4.0,4.0,3.0
421,20211102.0,3.0,4.0,3.0,2.0,4.0,2.0,4.0,2,1,4,1.0,1.0,4.0,4.0,3.0
422,20211103.0,2.0,4.0,3.0,2.0,4.0,3.0,3.0,2,1,4,1.0,1.0,4.0,4.0,4.0
423,20211104.0,2.0,4.0,3.0,3.0,4.0,3.0,4.0,2,1,4.0,1.0,1.0,4.0,4,2.0
424,20211105.0,4.0,4.0,3.0,2.0,3.0,2.0,4.0,2,1,4,1.0,1.0,4.0,4.0,3.0
425,20211108.0,4.0,4.0,4.0,2.0,4.0,2.0,3.0,3,1,4.0,1.0,1.0,3.0,4,2.0
426,20211109.0,4.0,4.0,4.0,2.0,4.0,2.0,4.0,3,1,4,1.0,1.0,3.0,4,2.0
427,20211110.0,3.0,4.0,4,2.0,3.0,2.0,4.0,4,1,4.0,1.0,1.0,3.0,4.0,2.0
428,20211111.0,4.0,4.0,4.0,2.0,3.0,2.0,3.0,4,1,4.0,1.0,1.0,3.0,4,2.0
429,20211112.0,4.0,4.0,4.0,2.0,3.0,2.0,3.0,4,1,4,1.0,1.0,4,4,3.0
430,20211115.0,4.0,4.0,4.0,2.0,3.0,2.0,3.0,3,1,4.0,1.0,1.0,4.0,4,2.0
431,20211116.0,4.0,4.0,4.0,4.0,3.0,2.0,3.0,2,1,4.0,1.0,1.0,3.0,4,2.0
432,20211117.0,4.0,3.0,4.0,4.0,3.0,2.0,3.0,2,1,4,1.0,1.0,4.0,4.0,2.0
433,20211118.0,4,4.0,3.0,2.0,4.0,2.0,4.0,3,1,4,1.0,1.0,4.0,4,3.0
434,20211119.0,4,3.0,4.0,2.0,3.0,2.0,4.0,4,1,4,1.0,1.0,4.0,4.0,2.0
435,20211122.0,4.0,3.0,4.0,2.0,4.0,2.0,4.0,3,1,4,1.0,1.0,4,4.0,2.0
436,20211123.0,4.0,3.0,4.0,2.0,4.0,2.0,4.0,3,1,4,1.0,1.0,4,4.0,2.0
437,20211124.0,4,4.0,3.0,4.0,2.0,2.0,4.0,3,1,4,1.0,1.0,4.0,4.0,2.0
438,20211125.0,4.0,3.0,3.0,4.0,2.0,2.0,4.0,3,1,4,1.0,1.0,4.0,4.0,2.0
439,20211126.0,4.0,3.0,3.0,4.0,2.0,2.0,4.0,3,1,4,1.0,1.0,4.0,4.0,2.0
440,20211129.0,4.0,3.0,4.0,3.0,2.0,2.0,4.0,3,1,4.0,1.0,1.0,4.0,4,2.0
441,20211130.0,4,3.0,4.0,3.0,2.0,2.0,4.0,3,1,4.0,1.0,1.0,4.0,4.0,2.0
442,20211201.0,4.0,4.0,3.0,3.0,3.0,2.0,4.0,2,1,4.0,1.0,1.0,4,4.0,2.0
443,20211202.0,3.0,4.0,4.0,4,3.0,2.0,3.0,2,1,4.0,1.0,1.0,4.0,4.0,2.0
444,20211203.0,4.0,3.0,4,4.0,3.0,1.0,2.0,3,2,4.0,1.0,1.0,4.0,4.0,2.0
445,20211206.0,4.0,3.0,4,4.0,4.0,1.0,2.0,3,2,4,1.0,1.0,4.0,4.0,2.0
446,20211207.0,4.0,3.0,4,4,4.0,1.0,1.0,2,2,4.0,1.0,2.0,4.0,3.0,4.0
447,20211208.0,4,3.0,4,3.0,4.0,2.0,1.0,2,2,4.0,1.0,1.0,4.0,4.0,4.0
448,20211209.0,4,2.0,4,4.0,4.0,3.0,2.0,1,1,4.0,1.0,2.0,3.0,4.0,4.0
449,20211210.0,4.0,3.0,4,4.0,3.0,2.0,2.0,1,1,4.0,1.0,2.0,3.0,4.0,4.0
450,20211213.0,4.0,3.0,4,4.0,4.0,2.0,2.0,1,1,4,1.0,2.0,4.0,3.0,4.0
451,20211214.0,4.0,2.0,4,4.0,4.0,1.0,3.0,2,1,4.0,1.0,3.0,4.0,2.0,3.0
452,20211215.0,4,1.0,4.0,4.0,4.0,2.0,2.0,2,1,4.0,1.0,3.0,3.0,3.0,4.0
453,20211216.0,4,1.0,4.0,4.0,4.0,2.0,2.0,3,1,4.0,1.0,2.0,4.0,3.0,3.0
454,20211217.0,4,1.0,4.0,4.0,3.0,2.0,2.0,3,1,4.0,1.0,2.0,4.0,4.0,3.0
455,20211220.0,4,3.0,4.0,4.0,2.0,3.0,1.0,4,1,4.0,1.0,2.0,3.0,2.0,4.0
456,20211221.0,4.0,3.0,4,4.0,1.0,3.0,1.0,2,1,4.0,2.0,2.0,3.0,4.0,4.0
457,20211222.0,4.0,4.0,4.0,3.0,1.0,2.0,1.0,3,1,4,2.0,3.0,2.0,4.0,4.0
458,20211223.0,3.0,3.0,4,4.0,1.0,2.0,2.0,4,1,4,1.0,2.0,4.0,4.0,4.0
459,20211224.0,2.0,2.0,4.0,4.0,1.0,4.0,3.0,2,1,4,3.0,1.0,3.0,4.0,4.0
460,20211227.0,3.0,2.0,4,4.0,1.0,2.0,1.0,1,2,4.0,3.0,3.0,4.0,4.0,4.0
461,20211228.0,2.0,4.0,4,4.0,1.0,3.0,2.0,1,1,4.0,2.0,3.0,4.0,4.0,3.0
462,20211229.0,4.0,4.0,4,2.0,1.0,2.0,1.0,1,3,4.0,2.0,4.0,4.0,3.0,3.0
463,20211230.0,4.0,4.0,4.0,2.0,1.0,3.0,2.0,1,1,4,3.0,3.0,2.0,4.0,4.0
464,20211231.0,3.0,4.0,4.0,3.0,1.0,2.0,2.0,1,1,4,4.0,4.0,2.0,4.0,3.0
465,20220104.0,2.0,4.0,4.0,4.0,1.0,3.0,2.0,2,1,4.0,4.0,3.0,1.0,4,3.0
466,20220105.0,2.0,4.0,4.0,4,1.0,2.0,3.0,1,1,4.0,4.0,3.0,2.0,4.0,3.0
467,20220106.0,2.0,4.0,4.0,4,1.0,3.0,2.0,1,1,4.0,3.0,4.0,2.0,4.0,3.0
468,20220107.0,3.0,4.0,4.0,4.0,1.0,2.0,1.0,2,1,4,3.0,3.0,2.0,4.0,4.0
469,20220110.0,2.0,3.0,4.0,4,1.0,2.0,1.0,2,1,4.0,4.0,4.0,3.0,4.0,3.0
470,20220111.0,2.0,3.0,4.0,4,1.0,2.0,1.0,2,1,4.0,3.0,4.0,4.0,4.0,3.0
471,20220112.0,2.0,4,3.0,4.0,1.0,2.0,2.0,1,1,4.0,4.0,4.0,3.0,4.0,3.0
472,20220113.0,2.0,4.0,3.0,4,1.0,2.0,2.0,1,1,4.0,4.0,3.0,3.0,4.0,4.0
473,20220114.0,2.0,4.0,3.0,4.0,1.0,3.0,4.0,1,1,4.0,4.0,2.0,2.0,4,3.0
474,20220117.0,3.0,4.0,4.0,4.0,1.0,3.0,4.0,2,1,2.0,4.0,1.0,2.0,4,3.0
475,20220118.0,3.0,4.0,4.0,4.0,2.0,3.0,2.0,3,1,2.0,4.0,1.0,1.0,4,4.0
476,20220119.0,3.0,4.0,3.0,4.0,1.0,3.0,1.0,2,1,2.0,4.0,4.0,2.0,4,4.0
477,20220120.0,3.0,4.0,4.0,4,2.0,2.0,1.0,2,1,1.0,4.0,4.0,3.0,3.0,4.0
478,20220121.0,3.0,4.0,4.0,4,3.0,2.0,2.0,1,1,1.0,4.0,4.0,3.0,2.0,4.0
479,20220124.0,4.0,4.0,4.0,4.0,4,2.0,2.0,1,1,1.0,3.0,3.0,2.0,3.0,4.0
480,20220125.0,3.0,4.0,4.0,4,4.0,2.0,2.0,1,1,1.0,2.0,4.0,3.0,3.0,4.0
481,20220126.0,3.0,4.0,4,4.0,4.0,2.0,2.0,1,1,1.0,3.0,3.0,4.0,2.0,4.0
482,20220127.0,4.0,4.0,4,4.0,4.0,1.0,1.0,2,1,2.0,3.0,3.0,4,2.0,4.0
483,20220128.0,3.0,4.0,4,4.0,4.0,2.0,1.0,1,1,3.0,2.0,4.0,4,2.0,4.0
484,20220207.0,3.0,4.0,4.0,4.0,4.0,2.0,1.0,1,2,2.0,3.0,4.0,4,1.0,3.0
485,20220208.0,3.0,4.0,4.0,4.0,4,1.0,1.0,2,2,2.0,3.0,4.0,4.0,1.0,3.0
486,20220209.0,3.0,4.0,4.0,4,4.0,1.0,1.0,2,1,2.0,3.0,4.0,4.0,2.0,3.0
487,20220210.0,2.0,3.0,4.0,4,4.0,1.0,1.0,2,1,3.0,3.0,4.0,4.0,2.0,4.0
488,20220211.0,2.0,4.0,4,4.0,4.0,1.0,1.0,2,1,2.0,3.0,4.0,3.0,3.0,4.0
489,20220214.0,3.0,4.0,4.0,4.0,4.0,1.0,1.0,1,2,2.0,3.0,4.0,2.0,3.0,4
490,20220215.0,3.0,3.0,4.0,4.0,4.0,2.0,1.0,1,1,3.0,2.0,4.0,2.0,4,4.0
491,20220216.0,3.0,3.0,4.0,4,4.0,2.0,1.0,1,1,4.0,2.0,4.0,2.0,4.0,3.0
492,20220217.0,3.0,1.0,4.0,4.0,4,1.0,1.0,2,2,4.0,2.0,4.0,3.0,4.0,3.0
493,20220218.0,2.0,2.0,4,4.0,4.0,1.0,1.0,3,1,4.0,2.0,4.0,3.0,4.0,3.0
494,20220221.0,2.0,3.0,4,4.0,3.0,1.0,1.0,3,1,4.0,2.0,4.0,2.0,4.0,4.0
495,20220222.0,2.0,3.0,4,4.0,3.0,1.0,1.0,3,1,4.0,2.0,4.0,2.0,4.0,4.0
496,20220223.0,2.0,4.0,4,4.0,3.0,1.0,2.0,3,1,4.0,1.0,4.0,2.0,4.0,3.0
497,20220224.0,2.0,3.0,4.0,2.0,4.0,1.0,4.0,3,1,4,1.0,4.0,2.0,4.0,3.0
498,20220225.0,2.0,2.0,4,2.0,3.0,1.0,4.0,3,1,4.0,1.0,4.0,4.0,4.0,3.0
499,20220228.0,2.0,3.0,4.0,2.0,1.0,1.0,4.0,4,2,4,1.0,4.0,4,3.0,4.0
500,20220301.0,2.0,3.0,4,2.0,2.0,1.0,4.0,4,1,4.0,1.0,4.0,4,4.0,3.0
501,20220302.0,1.0,4.0,4.0,2.0,2.0,1.0,4.0,3,2,4.0,1.0,4.0,4,3.0,3.0
502,20220303.0,3.0,3.0,4.0,4.0,1.0,1.0,4.0,2,2,4.0,2.0,4.0,4,1.0,3.0
503,20220304.0,2.0,4.0,4.0,4.0,1.0,1.0,4.0,2,3,4.0,1.0,4,2.0,3.0,3.0
504,20220307.0,2.0,4.0,4,4.0,1.0,1.0,3.0,2,2,4.0,3.0,4.0,1.0,4.0,3.0
505,20220308.0,3.0,3.0,4.0,4.0,1.0,1.0,3.0,2,1,4.0,2.0,4,2.0,4.0,4.0
506,20220309.0,4.0,3.0,4.0,4.0,2.0,1.0,2.0,2,1,4,1.0,4.0,3.0,4.0,3.0
507,20220310.0,4.0,2.0,3.0,4.0,1.0,2.0,2.0,3,1,4.0,1.0,4.0,4.0,4,3.0
508,20220311.0,2.0,4.0,4.0,4,1.0,2.0,3.0,2,1,4.0,1.0,3.0,4.0,4.0,3.0
509,20220314.0,3.0,4.0,3.0,4.0,1.0,2.0,2.0,2,1,4,1.0,4.0,4.0,4.0,3.0
510,20220315.0,3.0,4.0,4.0,4.0,1.0,3.0,2.0,2,1,4.0,1.0,4.0,2.0,4,3.0
511,20220316.0,3.0,4.0,3.0,4.0,1.0,4.0,2.0,2,1,4.0,1.0,4.0,2.0,4,3.0
512,20220317.0,4.0,4.0,4.0,4.0,1.0,3.0,2.0,2,1,4.0,1.0,3.0,3.0,4,2.0
513,20220318.0,3.0,4.0,3.0,4.0,1.0,2.0,2.0,2,1,4.0,1.0,4.0,4.0,4,3.0
514,20220321.0,2.0,3.0,4.0,4.0,1.0,3.0,1.0,2,1,4.0,2.0,3.0,4,4.0,4.0
515,20220322.0,2.0,4.0,4.0,4,1.0,3.0,1.0,2,2,4.0,1.0,3.0,3.0,4.0,4.0
516,20220323.0,1.0,4.0,4,4.0,1.0,2.0,1.0,2,3,4.0,2.0,4.0,4.0,4,3.0
517,20220324.0,1.0,4.0,4,4.0,1.0,2.0,1.0,2,3,4,2.0,4.0,4.0,3.0,4.0
518,20220325.0,1.0,4.0,4,4.0,1.0,2.0,1.0,2,2,4.0,3.0,3.0,4,4.0,4.0
519,20220328.0,1.0,4.0,4,4,2.0,2.0,1.0,1,2,4.0,3.0,3.0,4.0,4.0,4.0
520,20220329.0,1.0,4.0,4.0,4,1.0,2.0,1.0,2,2,4.0,3.0,3.0,4.0,4.0,3.0
521,20220330.0,1.0,3.0,4.0,4,1.0,2.0,1.0,2,2,4.0,3.0,4.0,4.0,4.0,3.0
522,20220331.0,2.0,4.0,4.0,4,1.0,2.0,1.0,2,1,3.0,4.0,4.0,3.0,4,4.0
523,20220401.0,2.0,4.0,4.0,4,2.0,3.0,1.0,1,1,3.0,3.0,4.0,2.0,4.0,4.0
524,20220406.0,1.0,4.0,4.0,4,3.0,2.0,1.0,2,2,1.0,4.0,4.0,4.0,3.0,4
525,20220407.0,3.0,4.0,4.0,4,1.0,1.0,1.0,2,2,2.0,4.0,4.0,3.0,3.0,4.0
526,20220408.0,2.0,3.0,4.0,4,3.0,1.0,1.0,1,3,2.0,4.0,4.0,4.0,2.0,4.0
527,20220411.0,1.0,4.0,4,4.0,2.0,1.0,1.0,2,3,3.0,4.0,3.0,4.0,2.0,4.0
528,20220412.0,2.0,4.0,4.0,4.0,2.0,2.0,1.0,1,3,4.0,3.0,4.0,3.0,1.0,4
529,20220413.0,2.0,4.0,4.0,4,3.0,1.0,2.0,1,2,4.0,3.0,4.0,4,1.0,4.0
530,20220414.0,2.0,3.0,4.0,4,3.0,1.0,2.0,1,2,4.0,3.0,4.0,4.0,1.0,4.0
531,20220415.0,2.0,4.0,4.0,4.0,3.0,1.0,1.0,1,3,2.0,4.0,4,4,2.0,4.0
532,20220418.0,1.0,3.0,4.0,4.0,3.0,1.0,2.0,1,3,4.0,4.0,2.0,4,2.0,4.0
533,20220419.0,1.0,4.0,4.0,4.0,3.0,1.0,2.0,1,3,4,4.0,2.0,4.0,2.0,3.0
534,20220420.0,1.0,4.0,3.0,4.0,4.0,1.0,3.0,1,2,4,4.0,2.0,4.0,2.0,3.0
535,20220421.0,1.0,4.0,2.0,4.0,3.0,2.0,4.0,1,3,3.0,4.0,2.0,4,1.0,4.0
536,20220422.0,4.0,2.0,4.0,4,3.0,2.0,2.0,1,4,1.0,4.0,3.0,4.0,1.0,3.0
537,20220425.0,3.0,2.0,4.0,4,4.0,3.0,1.0,1,4,1.0,4,3.0,4,2.0,4.0
538,20220426.0,4.0,2.0,4.0,4,2.0,3.0,1.0,1,3,1.0,4,4.0,4,3.0,4.0
539,20220427.0,4.0,3.0,3.0,4,1.0,2.0,1.0,1,2,4.0,4.0,4.0,4,2.0,4.0
540,20220428.0,4.0,2.0,3.0,4,2.0,1.0,1.0,1,3,4.0,4.0,4.0,4,2.0,4.0
541,20220429.0,3.0,4.0,4.0,4.0,2.0,1.0,1.0,1,2,4,4.0,4.0,4,2.0,3.0
542,20220505.0,4.0,4.0,4.0,3.0,2.0,1.0,1.0,1,2,4,4.0,4.0,4,2.0,3.0
543,20220506.0,4.0,3.0,4.0,2.0,1.0,1.0,3.0,1,2,4,4.0,4.0,4.0,2.0,3.0
544,20220509.0,4.0,3.0,4.0,1.0,2.0,1.0,2.0,1,4,4,2.0,4.0,4,3.0,4.0
545,20220510.0,4.0,4.0,4.0,3.0,2.0,2.0,1.0,1,2,4,1.0,4.0,4,3.0,4.0
546,20220511.0,4.0,4.0,4.0,3.0,1.0,4.0,1.0,3,2,4,1.0,2.0,4.0,3.0,2.0
547,20220512.0,4.0,3.0,4.0,4.0,1.0,4.0,2.0,2,1,4,1.0,2.0,4,4.0,3.0
548,20220513.0,4.0,3.0,4,4.0,2.0,4.0,2.0,3,1,4,1.0,1.0,4,4.0,3.0
549,20220516.0,4.0,4.0,4,4.0,2.0,3.0,1.0,3,2,4,1.0,1.0,4,4.0,3.0
550,20220517.0,4.0,4.0,4.0,3.0,3.0,2.0,2.0,2,1,4,1.0,1.0,4.0,4.0,3.0
551,20220518.0,4.0,4.0,4.0,2.0,4.0,3.0,2.0,2,1,4,1.0,1.0,4,4.0,3.0
552,20220519.0,4.0,4.0,4.0,2.0,4.0,2.0,2.0,3,1,4,1.0,1.0,4,4.0,3.0
553,20220520.0,4.0,4.0,4.0,3.0,4.0,2.0,2.0,2,1,4,1.0,1.0,4,4.0,3.0
554,20220523.0,4.0,4.0,4.0,4.0,3.0,1.0,2.0,3,2,4,1.0,1.0,4,4.0,2.0
555,20220524.0,4.0,4.0,4.0,2.0,3.0,1.0,2.0,4,2,4,1.0,1.0,4,4.0,3.0
556,20220525.0,3.0,3.0,4.0,3.0,4.0,2.0,2.0,4,1,4,1.0,1.0,4.0,4.0,2.0
557,20220526.0,4.0,3.0,4.0,2.0,4.0,2.0,3.0,2,1,4,1.0,1.0,4.0,4.0,3.0
558,20220527.0,3.0,3.0,4.0,2.0,4.0,1.0,2.0,4,2,4,1.0,1.0,3.0,4.0,4.0
559,20220530.0,3.0,4.0,4.0,2.0,4.0,1.0,2.0,3,2,4,1.0,1.0,4.0,4.0,3.0
560,20220531.0,2.0,4.0,4.0,3.0,4.0,2.0,3.0,4,1,4,1.0,1.0,3.0,4.0,2.0
561,20220601.0,3.0,3.0,4.0,2.0,4.0,2.0,4.0,3,1,4.0,1.0,1.0,4,4.0,2.0
562,20220602.0,4.0,4.0,4.0,2.0,4.0,2.0,3.0,4,1,4,1.0,1.0,4,3.0,2.0
563,20220606.0,4.0,3.0,4,3.0,4.0,2.0,3.0,4,1,4,1.0,1.0,4,4.0,2.0
564,20220607.0,4,2.0,4,4.0,4.0,2.0,3.0,3,1,4.0,1.0,1.0,4.0,4.0,2.0
565,20220608.0,4.0,2.0,4,4.0,3.0,1.0,3.0,4,2,4.0,1.0,1.0,3.0,4.0,2.0
566,20220609.0,2.0,2.0,4.0,4.0,3.0,1.0,4,4,2,4.0,1.0,1.0,3.0,4.0,3.0
567,20220610.0,3.0,2.0,4,4.0,3.0,1.0,4,4,2,4.0,1.0,1.0,4.0,4.0,2.0
568,20220613.0,3.0,4.0,4,2.0,3.0,1.0,4.0,4,2,4.0,1.0,1.0,3.0,4.0,2.0
569,20220614.0,3.0,3.0,4,4.0,4.0,1.0,4.0,3,2,2.0,1.0,1.0,4.0,4.0,2.0
570,20220615.0,4.0,4.0,4,4.0,3.0,1.0,4.0,2,2,1.0,2.0,1.0,4.0,4,3.0
571,20220616.0,3.0,4.0,4,4.0,3.0,2.0,4,3,1,4.0,1.0,1.0,2.0,4,4.0
572,20220617.0,3.0,4,4,4.0,2.0,1.0,4.0,3,2,4.0,1.0,1.0,3.0,4,4.0
573,20220620.0,2.0,4.0,4,4.0,2.0,2.0,4.0,4,1,4,1.0,1.0,3.0,4.0,3.0
574,20220621.0,4.0,4.0,4,4.0,2.0,3.0,3.0,2,2,4.0,1.0,1.0,4.0,4,1.0
575,20220622.0,3.0,4.0,4,4.0,2.0,2.0,4.0,4,2,4.0,1.0,1.0,3.0,4,1.0
576,20220623.0,3.0,4.0,4,3.0,3.0,2.0,4.0,4,2,4.0,1.0,1.0,4,4,1.0
577,20220624.0,4.0,4.0,4.0,3.0,2.0,2.0,3.0,3,1,4.0,1.0,1.0,4.0,4,2.0
578,20220627.0,4,4.0,4.0,4.0,3.0,2.0,3.0,3,2,4,1.0,1.0,4,4.0,1.0
579,20220628.0,4,4.0,4.0,3.0,3.0,2.0,4.0,3,2,4,1.0,1.0,4,4.0,1.0
580,20220629.0,4,4.0,4.0,4.0,3.0,3.0,3.0,2,1,4,2.0,1.0,4,4.0,1.0
581,20220630.0,4.0,4.0,4.0,4.0,2.0,2.0,3.0,1,1,4,1.0,3.0,4,4.0,2.0
582,20220701.0,4.0,4.0,4,4.0,3.0,1.0,3.0,2,1,4,1.0,3.0,4.0,4,2.0
583,20220704.0,2.0,4.0,4,4.0,1.0,1.0,4.0,3,2,4.0,1.0,3.0,4,4.0,2.0
584,20220705.0,2.0,3.0,4.0,4.0,1.0,1.0,4.0,3,2,4,1.0,3.0,4.0,4.0,2.0
585,20220706.0,4.0,4.0,4.0,3.0,2.0,1.0,4.0,3,2,4.0,1.0,2.0,4,4,1.0
586,20220707.0,3.0,4.0,4.0,2.0,3.0,2.0,4.0,4,2,4,1.0,1.0,4,4.0,1.0
587,20220708.0,2.0,4.0,3.0,4.0,3.0,2.0,4.0,4,2,4,1.0,1.0,4.0,4,1.0
588,20220711.0,2.0,3.0,4.0,4.0,2.0,3.0,3.0,4,1,4,1.0,2.0,4.0,4.0,1.0
589,20220712.0,3.0,2.0,4.0,4.0,1.0,4.0,2.0,3,1,4.0,1.0,3.0,4,4.0,2.0
590,20220713.0,3.0,1.0,4.0,4.0,4.0,3.0,2.0,3,2,4,1.0,2.0,4.0,4.0,1.0
591,20220714.0,4.0,4.0,2.0,3.0,3.0,2.0,3.0,4,2,4,1.0,1.0,4.0,4.0,1.0
592,20220715.0,4.0,3.0,2.0,3.0,3.0,2.0,4.0,4,1,4,1.0,1.0,4.0,4.0,2.0
593,20220718.0,4.0,2.0,3.0,4.0,4.0,2.0,3.0,4,1,4,1.0,1.0,4.0,3.0,2.0
594,20220719.0,4.0,3.0,3.0,2.0,4.0,2.0,4.0,3,1,4,1.0,1.0,4.0,4.0,2.0
595,20220720.0,4.0,4.0,4.0,2.0,3.0,2.0,3.0,3,1,4,1.0,1.0,4.0,4.0,2.0
596,20220721.0,4.0,4.0,4.0,2.0,4.0,2.0,3.0,3,1,4,1.0,1.0,4,4.0,2.0
597,20220722.0,4.0,2.0,4.0,3.0,4.0,2.0,3.0,4,1,4,1.0,1.0,4,4.0,2.0
598,20220725.0,4.0,3.0,3.0,4.0,4.0,2.0,4.0,4,1,4,1.0,2.0,4,2.0,1.0
599,20220726.0,4.0,4.0,2.0,4.0,3.0,2.0,3.0,3,1,4,1.0,1.0,4.0,4.0,2.0
600,20220727.0,4.0,3.0,2.0,4.0,3.0,2.0,4.0,3,1,4,1.0,1.0,4.0,4.0,2.0
601,20220728.0,4.0,3.0,4.0,2.0,4.0,2.0,3.0,3,2,4,1.0,1.0,4.0,4.0,1.0
602,20220729.0,4.0,3.0,4.0,2.0,4.0,2.0,3.0,4,2,4,1.0,1.0,4,4.0,1.0
603,20220801.0,4,2.0,4.0,3.0,4.0,2.0,4.0,3,1,4.0,1.0,1.0,4,4.0,2.0
604,20220802.0,4.0,4.0,4.0,2.0,4.0,2.0,3.0,3,1,4,1.0,1.0,4.0,3.0,2.0
605,20220803.0,4.0,3.0,4.0,1.0,3.0,2.0,4.0,3,1,4,1.0,2.0,4.0,4.0,2.0
606,20220804.0,4,4.0,4.0,1.0,3.0,2.0,4.0,3,1,4.0,1.0,2.0,3.0,4.0,2.0
607,20220805.0,4.0,4.0,4,1.0,3.0,2.0,4.0,3,1,4.0,1.0,2.0,4.0,4,2.0
608,20220808.0,4.0,4,4,2.0,4.0,2.0,4.0,3,1,4.0,1.0,2.0,3.0,4.0,1.0
609,20220809.0,4.0,4.0,4,1.0,4.0,2.0,3.0,4,1,4.0,1.0,2.0,4,3.0,2.0
610,20220810.0,4.0,3.0,4,2.0,4.0,2.0,4.0,3,1,4,1.0,2.0,4.0,4.0,1.0
611,20220811.0,4.0,3.0,4,2.0,4,2.0,4.0,3,1,4.0,1.0,2.0,4.0,4.0,1.0
612,20220812.0,4.0,2.0,4,4.0,4.0,1.0,4.0,3,1,3.0,2.0,2.0,4,4.0,1.0
613,20220815.0,4.0,3.0,4.0,3.0,4.0,2.0,3.0,2,1,4.0,1.0,2.0,4,4.0,1.0
614,20220816.0,4.0,3.0,4.0,4.0,4.0,2.0,2.0,3,1,4.0,1.0,2.0,4,3.0,1.0
615,20220817.0,4.0,2.0,4.0,4.0,4.0,2.0,3.0,3,1,4.0,1.0,2.0,4,3.0,1.0
616,20220818.0,4.0,3.0,4,4.0,4.0,2.0,3.0,2,1,4.0,1.0,2.0,4,4.0,1.0
617,20220819.0,4.0,2.0,4.0,3.0,4.0,2.0,3.0,3,1,4.0,1.0,2.0,4,4.0,1.0
618,20220822.0,4.0,2.0,3.0,4.0,4.0,1.0,3.0,3,1,4,1.0,2.0,4.0,4.0,2.0
619,20220823.0,4.0,2.0,2.0,4.0,4.0,1.0,3.0,3,1,4,1.0,2.0,4.0,4.0,3.0
620,20220824.0,3.0,2.0,2.0,4.0,4.0,1.0,4.0,3,1,4,1.0,2.0,4.0,4.0,3.0
621,20220825.0,2.0,2.0,2.0,4.0,4.0,1.0,4.0,3,1,4.0,1.0,4.0,4,3.0,3.0
622,20220826.0,1.0,2.0,3.0,4.0,3.0,1.0,4.0,2,1,4.0,2.0,4.0,4,3.0,4.0
623,20220829.0,2.0,2.0,4.0,4.0,3.0,1.0,3.0,1,2,4.0,1.0,4.0,4,4.0,3.0
624,20220830.0,2.0,3.0,2.0,4.0,3.0,1.0,2.0,1,1,4,3.0,4.0,4.0,4.0,4.0
625,20220831.0,2.0,3.0,4.0,4.0,2.0,2.0,1.0,1,1,4.0,4.0,4.0,3.0,3.0,4
626,20220901.0,2.0,3.0,3.0,4.0,2.0,2.0,1.0,1,1,4.0,4.0,4.0,4.0,3.0,4
627,20220902.0,3.0,4.0,2.0,3.0,2.0,2.0,1.0,1,1,4.0,4.0,4.0,4.0,3.0,4
628,20220905.0,3.0,2.0,4.0,4.0,3.0,1.0,1.0,2,1,4.0,3.0,4.0,4.0,2.0,4
629,20220906.0,3.0,2.0,4,4.0,3.0,1.0,1.0,3,2,4.0,2.0,4.0,4.0,1.0,4.0
630,20220907.0,4.0,2.0,4.0,4.0,4.0,1.0,1.0,3,2,4,1.0,3.0,4.0,2.0,3.0
631,20220908.0,4,3.0,4.0,4.0,4.0,2.0,1.0,2,2,4.0,1.0,3.0,4.0,1.0,3.0
632,20220909.0,4,3.0,4.0,4.0,4.0,1.0,1.0,2,1,4.0,2.0,3.0,4.0,2.0,3.0
633,20220913.0,4,4.0,3.0,4.0,3.0,2.0,1.0,1,1,2.0,4.0,4.0,3.0,2.0,4.0
634,20220914.0,4,3.0,4.0,3.0,2.0,2.0,1.0,1,1,4.0,4.0,4.0,3.0,2.0,4.0
635,20220915.0,4,4.0,4.0,3.0,2.0,2.0,1.0,1,1,2.0,4.0,4.0,3.0,3.0,4.0
636,20220916.0,4,4.0,2.0,2.0,3.0,3.0,1.0,1,1,2.0,4.0,4.0,4.0,3.0,4.0
637,20220919.0,4.0,4.0,2.0,2.0,4.0,3.0,1.0,1,1,3.0,4,4.0,3.0,2.0,4.0
638,20220920.0,4,3.0,3.0,3.0,4.0,2.0,1.0,1,1,4.0,4.0,2.0,4.0,2.0,4.0
639,20220921.0,4,3.0,4.0,4.0,4.0,2.0,1.0,1,2,4.0,3.0,2.0,3.0,1.0,4.0
640,20220922.0,4.0,4.0,2.0,1.0,4,1.0,2.0,2,1,4.0,3.0,3.0,4.0,3.0,4.0
641,20220923.0,4,4.0,4.0,1.0,4.0,1.0,1.0,2,2,3.0,2.0,4.0,3.0,3.0,4.0
642,20220926.0,4,4.0,4.0,2.0,4.0,3.0,1.0,1,1,4.0,2.0,2.0,4.0,3.0,3.0
643,20220927.0,4,4.0,3.0,3.0,3.0,4.0,1.0,1,1,4.0,2.0,4.0,2.0,2.0,4.0
644,20220928.0,4,4.0,2.0,4.0,2.0,3.0,1.0,1,1,4.0,3.0,4.0,3.0,2.0,4.0
645,20220929.0,4,4.0,4.0,3.0,1.0,2.0,3.0,1,1,4.0,2.0,4.0,3.0,4.0,2.0
646,20220930.0,4.0,3.0,4.0,4,1.0,2.0,2.0,1,1,4.0,3.0,4.0,2.0,4.0,3.0
647,20221010.0,4.0,2.0,3.0,4,1.0,1.0,2.0,1,2,3.0,4.0,4.0,3.0,4.0,4.0
648,20221011.0,4.0,2.0,4.0,4.0,1.0,1.0,3.0,1,2,4.0,2.0,3.0,3.0,4,4.0
649,20221012.0,4.0,4.0,4.0,3.0,1.0,2.0,4.0,3,1,4.0,1.0,2.0,3.0,4,2.0
650,20221013.0,1.0,4.0,3.0,4.0,1.0,3.0,4.0,2,1,4.0,2.0,3.0,2.0,4,4.0
651,20221014.0,2.0,3.0,4.0,4.0,1.0,3.0,4.0,3,1,4.0,2.0,4.0,1.0,4,2.0
652,20221017.0,3.0,4.0,3.0,2.0,1.0,2.0,4.0,4,1,4,3.0,4.0,1.0,4.0,2.0
653,20221018.0,4.0,3.0,3.0,2.0,1.0,3.0,4.0,4,1,4,2.0,4.0,1.0,4.0,2.0
654,20221019.0,4.0,4.0,3.0,3.0,1.0,3.0,4,4,1,4.0,2.0,2.0,2.0,4.0,1.0
655,20221020.0,4.0,4.0,4.0,3.0,1.0,2.0,4.0,3,1,4,2.0,3.0,2.0,4.0,1.0
656,20221021.0,4.0,4.0,4.0,3.0,1.0,2.0,3.0,3,1,4,2.0,4.0,2.0,4.0,1.0
657,20221024.0,4.0,4.0,3.0,2.0,1.0,3.0,4.0,4,1,4,1.0,3.0,2.0,4.0,2.0
658,20221025.0,4.0,4.0,4.0,2.0,2.0,3.0,2.0,4,1,4,1.0,3.0,3.0,4.0,1.0
659,20221026.0,4.0,4.0,4.0,2.0,1.0,3.0,3.0,4,1,4.0,2.0,3.0,2.0,4,1.0
660,20221027.0,4.0,4.0,4.0,2.0,1.0,4.0,3.0,3,1,4.0,2.0,3.0,2.0,4,1.0
661,20221028.0,4.0,4.0,4,2.0,1.0,4.0,4.0,3,1,3.0,2.0,3.0,2.0,4.0,1.0
662,20221031.0,3.0,4.0,4,1.0,1.0,4.0,4,4,1,2.0,3.0,4.0,2.0,4.0,2.0
663,20221101.0,2.0,3.0,4.0,1.0,1.0,4.0,4.0,4,1,3.0,2.0,4.0,3.0,4,2.0
664,20221102.0,3.0,4.0,4,2.0,1.0,4.0,4.0,4,1,4,1.0,2.0,3.0,4.0,2.0
665,20221103.0,2.0,4.0,4.0,2.0,1.0,3.0,4.0,4,1,4,1.0,3.0,3.0,4.0,2.0
666,20221104.0,3.0,3.0,4.0,4.0,1.0,2.0,4.0,4,1,4,1.0,2.0,3.0,4.0,2.0
667,20221107.0,3.0,4.0,4.0,4.0,1.0,3.0,4.0,2,1,4,1.0,2.0,2.0,4.0,3.0
668,20221108.0,3.0,4.0,4.0,4.0,1.0,3.0,4.0,3,1,4.0,1.0,2.0,2.0,4,2.0
669,20221109.0,2.0,4.0,4.0,3.0,1.0,2.0,4.0,2,1,4.0,1.0,4.0,3.0,4,3.0
670,20221110.0,2.0,3.0,4.0,4.0,1.0,3.0,4.0,1,1,4.0,2.0,4.0,2.0,4,3.0
671,20221111.0,2.0,3.0,4.0,4.0,1.0,3.0,2.0,1,1,4.0,3.0,4.0,2.0,4,4.0
672,20221114.0,2.0,4.0,4.0,4.0,1.0,3.0,2.0,1,1,3.0,3.0,4.0,2.0,4,4.0
673,20221115.0,3.0,4.0,4.0,4.0,1.0,2.0,2.0,2,1,1.0,3.0,4.0,4.0,4,3.0
674,20221116.0,4.0,3.0,4.0,3.0,1.0,2.0,2.0,1,1,2.0,4.0,4.0,3.0,4,4.0
675,20221117.0,4.0,4.0,4,2.0,1.0,4.0,2.0,1,1,3.0,4.0,3.0,4.0,4,2.0
676,20221118.0,4.0,3.0,4,4.0,1.0,4.0,2.0,2,1,3.0,4.0,4.0,1.0,4,2.0
677,20221121.0,3.0,3.0,4.0,3.0,1.0,4.0,2.0,2,1,4.0,1.0,4.0,4.0,4,2.0
678,20221122.0,3.0,4.0,4.0,4.0,1.0,3.0,2.0,2,1,4.0,2.0,4.0,1.0,4,3.0
679,20221123.0,2.0,3.0,4.0,2.0,4.0,4.0,1.0,4,1,4.0,1.0,3.0,2.0,4,3.0
680,20221124.0,4.0,3.0,4,4.0,2.0,2.0,1.0,2,1,3.0,1.0,4.0,4.0,4.0,3.0
681,20221125.0,3.0,2.0,4.0,4,3.0,2.0,1.0,2,1,3.0,1.0,4.0,4.0,4.0,4.0
682,20221128.0,4.0,2.0,4,4.0,3.0,2.0,1.0,1,2,3.0,1.0,4.0,4.0,3.0,4.0
683,20221129.0,4.0,3.0,4,4,1.0,2.0,1.0,1,2,2.0,4.0,4.0,3.0,4.0,4.0
684,20221130.0,4.0,2.0,4,4,1.0,3.0,1.0,1,2,2.0,3.0,4.0,4.0,4.0,4.0
685,20221201.0,4.0,3.0,4.0,4,2.0,2.0,1.0,1,1,3.0,3.0,4.0,2.0,4.0,4.0
686,20221202.0,4.0,4.0,3.0,4.0,2.0,2.0,1.0,1,1,4.0,3.0,4.0,2.0,4,3.0
687,20221205.0,4.0,4.0,3.0,4.0,2.0,2.0,1.0,1,1,2.0,3.0,4.0,3.0,4.0,4
688,20221206.0,4.0,4.0,3.0,4.0,3.0,2.0,1.0,1,1,2.0,3.0,4,4.0,2.0,4.0
689,20221207.0,4.0,4.0,3.0,4,1.0,4.0,2.0,1,1,2.0,3.0,4.0,3.0,2.0,4.0
690,20221208.0,4.0,4,2.0,4.0,1.0,3.0,2.0,1,2,4.0,3.0,4.0,3.0,1.0,4.0
691,20221209.0,4.0,4.0,3.0,4,1.0,2.0,1.0,1,2,2.0,3.0,4.0,4.0,4.0,3.0
692,20221212.0,4,4.0,3.0,4.0,1.0,2.0,2.0,1,1,4.0,3.0,2.0,4.0,3.0,4.0
693,20221213.0,3.0,4.0,4.0,4,1.0,2.0,2.0,1,2,4.0,3.0,3.0,4.0,1.0,4.0
694,20221214.0,2.0,4.0,3.0,4.0,1.0,3.0,2.0,1,2,4,3.0,4.0,4.0,1.0,4.0
695,20221215.0,3.0,4.0,2.0,4.0,1.0,2.0,3.0,1,1,4,3.0,4.0,4.0,2.0,4.0
696,20221216.0,3.0,4.0,2.0,4,1.0,3.0,2.0,1,2,4.0,4.0,4.0,3.0,1.0,4.0
697,20221219.0,3.0,4.0,2.0,4,3.0,3.0,1.0,1,2,4.0,4.0,4.0,2.0,1.0,4.0
698,20221220.0,4.0,4.0,4.0,4.0,3.0,2.0,1.0,1,1,4,3.0,2.0,4.0,2.0,3.0
699,20221221.0,3.0,4.0,3.0,4.0,2.0,2.0,1.0,1,1,4,3.0,4.0,4.0,2.0,4.0
700,20221222.0,2.0,4.0,1.0,4.0,2.0,3.0,3.0,1,3,4,4.0,4.0,2.0,1.0,4.0
701,20221223.0,3.0,4,2.0,4.0,2.0,3.0,3.0,1,1,4.0,4.0,4.0,1.0,2.0,4.0
702,20221226.0,2.0,4.0,3.0,4.0,2.0,4.0,3.0,1,1,4,4.0,4.0,1.0,2.0,3.0
703,20221227.0,1.0,4.0,2.0,4.0,2.0,3.0,4.0,1,1,4,2.0,3.0,3.0,4.0,4.0
704,20221228.0,3.0,4.0,2.0,3.0,1.0,2.0,4.0,1,1,4,2.0,4.0,4.0,3.0,4.0
705,20221229.0,3.0,4.0,2.0,3.0,1.0,2.0,4.0,1,1,4,2.0,4.0,4.0,4.0,3.0
706,20221230.0,4.0,3.0,4,3.0,1.0,2.0,4.0,1,1,4.0,2.0,4.0,4.0,2.0,3.0
707,20230103.0,4.0,4.0,4.0,2.0,1.0,3.0,4.0,1,1,4,2.0,4.0,2.0,3.0,3.0
708,20230104.0,4.0,4.0,4.0,3.0,1.0,3.0,2.0,1,1,4.0,3.0,4,2.0,4.0,2.0
709,20230105.0,4,4.0,3.0,3.0,1.0,4.0,3.0,1,1,4.0,2.0,4.0,2.0,4.0,2.0
710,20230106.0,4,4.0,4.0,4.0,2.0,2.0,3.0,3,1,4.0,1.0,1.0,4,4,3.0
711,20230109.0,4.0,4.0,4.0,4.0,2.0,2.0,3.0,3,1,3.0,1.0,1.0,4.0,4,2.0
712,20230110.0,4.0,4.0,3.0,4.0,2.0,2.0,3.0,2,1,4.0,1.0,1.0,4.0,4,3.0
713,20230111.0,4.0,4.0,4.0,4.0,1.0,2.0,3.0,2,1,3.0,1.0,2.0,4.0,4,3.0
714,20230112.0,4,4.0,4.0,4.0,1.0,4.0,3.0,2,1,3.0,1.0,2.0,4.0,4,2.0
715,20230113.0,4.0,4.0,4.0,4.0,1.0,4.0,2.0,1,1,2.0,2.0,3.0,3.0,4,3.0
716,20230116.0,4.0,4.0,4.0,4.0,1.0,4.0,3.0,1,1,2.0,2.0,2.0,3.0,4,3.0
717,20230117.0,4.0,4,4.0,3.0,1.0,4.0,4.0,2,1,2.0,1.0,3.0,4.0,4,2.0
718,20230118.0,4.0,4.0,4.0,3.0,1.0,3.0,4.0,4,1,2.0,1.0,3.0,2.0,4,2.0
719,20230119.0,4.0,4,4.0,2.0,1.0,3.0,4.0,4,1,1.0,2.0,3.0,3.0,4.0,2.0
720,20230120.0,4.0,4,4.0,2.0,1.0,3.0,4.0,4,1,2.0,2.0,3.0,3.0,4.0,1.0
721,20230130.0,4.0,4.0,3.0,1.0,3.0,2.0,4.0,4,1,3.0,2.0,2.0,4.0,4,1.0
722,20230131.0,4.0,4.0,3.0,2.0,4.0,2.0,4.0,3,1,4.0,1.0,2.0,3.0,4,1.0
723,20230201.0,4,4.0,4.0,2.0,4.0,2.0,4.0,4,1,3.0,2.0,1.0,3.0,4,1.0
724,20230202.0,4.0,4.0,4.0,3.0,2.0,1.0,3.0,4,1,4.0,2.0,2.0,3.0,4,1.0
725,20230203.0,4,4.0,4.0,3.0,2.0,2.0,4.0,4,1,4.0,2.0,1.0,3.0,4,1.0
726,20230206.0,4,4.0,4.0,3.0,2.0,3.0,4.0,4,1,3.0,2.0,1.0,2.0,4.0,1.0
727,20230207.0,4,4.0,4,4.0,3.0,2.0,3.0,4,1,4.0,2.0,1.0,2.0,4.0,1.0
728,20230208.0,4.0,3.0,4.0,3.0,2.0,2.0,4.0,4,1,4,1.0,1.0,3.0,4.0,2.0
729,20230209.0,4.0,4.0,3.0,2.0,3.0,2.0,4.0,4,1,4.0,1.0,1.0,3.0,4,2.0
730,20230210.0,4.0,4.0,3.0,3.0,3.0,2.0,4.0,4,1,4.0,2.0,1.0,2.0,4,1.0
731,20230213.0,4.0,4.0,4.0,2.0,3.0,3.0,3.0,4,1,4.0,1.0,2.0,2.0,4,1.0
732,20230214.0,4.0,3.0,4.0,4.0,1.0,2.0,3.0,3,1,4.0,1.0,2.0,4.0,4,2.0
733,20230215.0,4.0,3.0,4.0,2.0,3.0,3.0,4.0,4,1,4,1.0,1.0,2.0,4.0,2.0
734,20230216.0,4.0,3.0,3.0,3.0,2.0,4.0,4.0,1,1,4,1.0,2.0,4.0,4.0,2.0
735,20230217.0,4.0,4.0,4.0,2.0,1.0,2.0,4.0,1,1,4,2.0,3.0,3.0,4.0,3.0
736,20230220.0,4.0,4.0,4.0,4.0,3.0,2.0,2.0,1,1,4,3.0,1.0,2.0,4.0,3.0
737,20230221.0,4.0,4.0,4.0,2.0,3.0,1.0,2.0,3,1,4,3.0,1.0,4.0,4.0,2.0
738,20230222.0,4.0,4.0,4.0,1.0,2.0,3.0,2.0,1,1,4.0,3.0,3.0,4.0,4,2.0
739,20230223.0,4.0,3.0,4.0,3.0,2.0,2.0,2.0,1,1,4,4.0,1.0,4.0,4.0,3.0
740,20230224.0,4.0,4.0,4.0,2.0,4.0,3.0,3.0,1,1,4.0,2.0,1.0,3.0,4,2.0
741,20230227.0,3.0,4.0,4,2.0,2.0,2.0,3.0,1,1,4.0,1.0,3.0,4.0,4.0,4.0
742,20230228.0,4.0,3.0,4,2.0,1.0,3.0,2.0,1,1,4,2.0,4.0,4.0,4.0,4.0
743,20230301.0,3.0,3.0,4,2.0,1.0,3.0,2.0,1,1,4.0,4.0,4.0,4.0,4.0,2.0
744,20230302.0,4,2.0,4.0,2.0,3.0,3.0,1.0,1,1,4.0,3.0,4.0,2.0,4.0,4.0
745,20230303.0,4.0,4.0,4.0,1.0,3.0,2.0,1.0,2,1,4,4.0,3.0,2.0,3.0,4.0
746,20230306.0,4.0,2.0,4.0,1.0,2.0,3.0,1.0,2,1,4,3.0,4.0,3.0,4.0,4.0
747,20230307.0,3.0,4.0,2.0,3.0,1.0,3.0,1.0,2,1,4.0,2.0,4.0,4,4.0,4.0
748,20230308.0,2.0,3.0,4.0,1.0,2.0,3.0,1.0,2,1,4.0,3.0,4.0,4,4.0,4.0
749,20230309.0,4.0,2.0,4.0,2.0,1.0,3.0,1.0,3,1,4.0,4.0,4.0,4,2.0,3.0
750,20230310.0,4.0,2.0,4,1.0,1.0,4.0,2.0,3,1,4.0,4.0,4,3.0,4.0,2.0
751,20230313.0,4.0,4.0,4.0,2.0,1.0,2.0,1.0,3,1,4.0,4.0,4,2.0,3.0,3.0
752,20230314.0,4.0,4.0,4.0,1.0,1.0,3.0,2.0,4,1,3.0,4.0,4,2.0,3.0,2.0
753,20230315.0,4.0,3.0,4.0,2.0,1.0,2.0,1.0,3,1,4.0,4.0,4.0,4,2.0,3.0
754,20230316.0,4.0,4.0,4,3.0,1.0,3.0,1.0,2,1,4.0,4.0,4.0,4,2.0,2.0
755,20230317.0,4.0,4.0,4,3.0,1.0,2.0,1.0,2,1,4.0,4.0,4,4.0,3.0,2.0
756,20230320.0,4.0,4.0,4,3.0,2.0,2.0,1.0,1,1,4.0,4.0,4,3.0,4.0,2.0
757,20230321.0,4.0,4.0,4.0,2.0,3.0,2.0,3.0,1,1,4.0,3.0,4.0,1.0,4,2.0
758,20230322.0,3.0,4.0,4,2.0,3.0,4.0,2.0,1,1,3.0,4,4.0,1.0,4,4.0
759,20230323.0,4.0,4.0,4,1.0,3.0,4.0,3.0,2,1,2.0,4,3.0,1.0,4,4.0
760,20230324.0,4,4.0,4,2.0,3.0,4.0,3.0,1,1,3.0,4.0,4.0,1.0,4,2.0
761,20230327.0,4.0,4,4,3.0,1.0,4.0,3.0,2,1,2.0,4.0,4.0,1.0,4.0,2.0
762,20230328.0,4.0,4.0,4,3.0,1.0,4.0,3.0,2,1,2.0,4.0,4.0,1.0,4,2.0
763,20230329.0,4.0,4.0,4.0,3.0,1.0,4.0,4,2,1,3.0,2.0,3.0,1.0,4.0,2.0
764,20230330.0,3.0,4.0,3.0,4.0,2.0,4.0,4,1,1,4.0,2.0,3.0,1.0,4.0,2.0
765,20230331.0,2.0,4.0,3.0,4.0,1.0,3.0,4,1,1,4.0,2.0,4.0,2.0,4.0,3.0
766,20230403.0,1.0,4,4,4.0,1.0,4.0,4.0,2,1,2.0,4.0,3.0,2.0,4.0,3.0
767,20230404.0,2.0,4,4,2.0,1.0,4.0,4.0,2,1,1.0,4.0,3.0,4.0,4.0,3.0
768,20230406.0,1.0,4,4,2.0,1.0,4.0,4,3,1,3.0,4.0,4.0,3.0,4.0,2.0
769,20230407.0,3.0,4,4,4.0,1.0,4.0,4.0,2,1,2.0,4.0,3.0,1.0,4.0,2.0
770,20230410.0,4.0,4.0,4,4.0,1.0,4.0,3.0,2,1,4,2.0,3.0,2.0,4.0,1.0
771,20230411.0,3.0,4.0,4,4.0,1.0,2.0,4.0,1,1,4.0,2.0,4.0,3.0,4,2.0
772,20230412.0,4.0,4.0,4,4,2.0,3.0,4.0,1,1,3.0,3.0,4.0,1.0,4,2.0
773,20230413.0,4.0,4,4,4.0,2.0,3.0,4.0,1,1,3.0,3.0,4.0,1.0,4,2.0
774,20230414.0,4,4.0,4,4.0,1.0,2.0,3.0,1,1,4.0,3.0,4.0,2.0,4,3.0
775,20230417.0,4,4.0,4.0,4.0,1.0,1.0,3.0,2,1,2.0,2.0,4.0,3.0,4.0,3.0
776,20230418.0,4,4.0,4.0,4.0,1.0,2.0,3.0,1,1,3.0,2.0,4.0,2.0,4.0,3.0
777,20230419.0,4,4.0,4.0,4.0,2.0,3.0,2.0,1,1,3.0,2.0,4.0,1.0,4.0,3.0
778,20230420.0,4.0,4.0,4,4,2.0,4.0,2.0,1,1,4.0,2.0,3.0,1.0,4.0,3.0
779,20230421.0,3.0,4.0,4.0,3.0,1.0,3.0,2.0,2,1,4,4.0,4.0,1.0,2.0,4.0
780,20230424.0,2.0,4.0,4.0,4.0,1.0,4,2.0,2,1,3.0,4.0,3.0,1.0,4.0,3.0
781,20230425.0,4.0,4.0,4,4.0,1.0,4.0,2.0,2,1,2.0,3.0,4.0,1.0,3.0,3.0
782,20230426.0,4.0,2.0,4,4.0,1.0,4.0,3.0,1,1,3.0,2.0,4.0,2.0,3.0,4.0
783,20230427.0,4,2.0,4.0,2.0,1.0,3.0,3.0,1,1,4.0,2.0,4.0,4.0,4.0,3.0
784,20230428.0,4,4.0,4.0,4.0,1.0,3.0,2.0,2,1,4.0,3.0,4.0,1.0,2.0,3.0
785,20230504.0,4.0,3.0,4,4.0,1.0,4.0,2.0,2,1,3.0,4.0,4.0,2.0,1.0,3.0
786,20230505.0,4,3.0,4,4.0,3.0,4.0,1.0,1,1,2.0,4.0,4.0,2.0,2.0,4.0
787,20230508.0,4,4.0,4,3.0,3.0,4.0,1.0,2,1,2.0,4.0,4.0,1.0,2.0,4.0
788,20230509.0,4,3.0,4.0,4.0,3.0,4.0,1.0,2,1,1.0,4.0,4.0,2.0,2.0,3.0
789,20230510.0,4.0,3.0,4,4.0,4.0,4.0,2.0,1,1,3.0,1.0,3.0,2.0,2.0,4.0
790,20230511.0,4,2.0,4,4.0,4.0,4.0,2.0,1,1,4.0,2.0,3.0,1.0,3.0,4.0
791,20230512.0,4.0,1.0,4,4.0,3.0,4.0,2.0,1,1,4.0,2.0,3.0,2.0,3.0,4.0
792,20230515.0,4,1.0,4.0,4.0,3.0,4.0,3.0,1,2,3.0,1.0,2.0,2.0,4.0,4.0
793,20230516.0,4,1.0,4.0,4.0,2.0,3.0,3.0,1,2,4.0,1.0,3.0,4.0,4.0,2.0
794,20230517.0,4,1.0,4.0,2.0,3.0,4.0,3.0,2,2,4.0,1.0,3.0,4.0,4.0,1.0
795,20230518.0,4.0,3.0,4,2.0,3.0,4.0,3.0,2,1,4.0,1.0,2.0,4.0,4.0,1.0
796,20230519.0,4.0,4.0,4.0,1.0,2.0,3.0,3.0,2,1,4,2.0,3.0,4.0,4.0,1.0
797,20230522.0,4.0,2.0,4.0,3.0,2.0,4.0,4.0,3,1,4,1.0,2.0,4,4.0,1.0
798,20230523.0,4.0,3.0,4.0,4.0,1.0,3.0,4.0,2,2,4,2.0,1.0,4,4.0,1.0
799,20230524.0,4.0,2.0,4,4.0,2.0,3.0,4.0,3,1,4,1.0,2.0,4.0,4.0,1.0
800,20230525.0,4.0,2.0,4,4.0,4.0,2.0,3.0,3,1,4,1.0,2.0,4.0,4.0,1.0
801,20230526.0,4.0,2.0,4,3.0,2.0,4.0,3.0,4,1,4,2.0,1.0,4.0,4.0,1.0
802,20230529.0,4.0,1.0,4,3.0,2.0,4.0,4.0,4,1,4,3.0,2.0,2.0,4.0,1.0
803,20230530.0,4.0,2.0,4,4.0,3.0,4.0,4.0,3,1,4,3.0,2.0,1.0,4,1.0
804,20230531.0,4.0,2.0,4,2.0,3.0,4.0,4.0,3,1,4,4.0,2.0,1.0,4.0,1.0
805,20230601.0,4,3.0,4,2.0,3.0,4.0,4.0,2,1,4.0,4.0,2.0,1.0,4.0,1.0
806,20230602.0,4.0,3.0,4,4.0,4.0,3.0,4.0,3,1,4,2.0,1.0,1.0,4,2.0
807,20230605.0,4.0,3.0,4.0,4.0,3.0,4.0,4.0,1,1,4,2.0,1.0,2.0,4,2.0
808,20230606.0,4.0,4.0,4.0,4.0,3.0,3.0,2.0,1,1,4,1.0,2.0,2.0,4.0,3.0
809,20230607.0,3.0,4.0,4.0,4.0,2.0,4.0,1.0,1,1,4,2.0,3.0,2.0,4.0,3.0
810,20230608.0,2.0,3.0,4.0,4.0,4.0,4.0,1.0,1,1,4,2.0,2.0,3.0,3.0,4.0
811,20230609.0,2.0,4.0,3.0,3.0,4.0,4.0,3.0,1,1,4,1.0,2.0,2.0,4.0,4.0
812,20230612.0,3.0,4.0,4.0,4.0,4.0,4.0,3.0,2,1,4,2.0,1.0,1.0,3.0,2.0
813,20230613.0,2.0,4.0,3.0,3.0,4.0,4,4.0,2,1,4.0,3.0,1.0,1.0,4.0,2.0
814,20230614.0,2.0,4.0,4,3.0,4.0,4.0,4.0,2,1,4.0,3.0,1.0,1.0,3.0,2.0
815,20230615.0,4.0,4.0,3.0,4.0,4.0,3.0,3.0,2,1,4,2.0,1.0,2.0,4.0,1.0
816,20230616.0,4.0,4.0,4,4.0,4.0,3.0,3.0,2,1,4,2.0,1.0,2.0,4.0,1.0
817,20230619.0,4.0,4.0,4,3.0,4.0,3.0,4.0,3,1,4,2.0,1.0,2.0,4,1.0
818,20230620.0,4,4.0,4,2.0,3.0,4.0,4.0,3,1,4.0,3.0,1.0,2.0,4,1.0
819,20230621.0,4.0,3.0,4.0,2.0,4.0,4.0,3.0,2,1,4,2.0,1.0,3.0,4.0,1.0
820,20230626.0,4.0,2.0,4.0,2.0,4.0,3.0,4.0,3,1,4,2.0,1.0,4.0,4,1.0
821,20230627.0,4.0,3.0,4,3.0,4.0,4.0,3.0,2,1,4,2.0,1.0,4.0,4,1.0
822,20230628.0,4.0,3.0,4.0,3.0,4.0,3.0,2.0,2,2,4,1.0,1.0,4.0,4.0,1.0
823,20230629.0,4.0,3.0,4.0,2.0,4.0,3.0,2.0,3,1,4,2.0,1.0,4.0,4.0,1.0
824,20230630.0,4.0,4.0,4.0,3.0,3.0,2.0,3.0,2,1,4,2.0,1.0,4.0,4.0,1.0
825,20230703.0,4.0,4.0,4,3.0,4.0,2.0,3.0,2,2,4,1.0,1.0,4.0,4.0,1.0
826,20230704.0,4.0,3.0,4.0,2.0,4.0,2.0,3.0,3,1,4,2.0,1.0,4.0,4.0,1.0
827,20230705.0,4.0,4.0,4.0,3.0,3.0,1.0,3.0,2,1,4,2.0,1.0,4.0,4.0,2.0
828,20230706.0,4.0,4.0,4.0,2.0,4.0,1.0,3.0,3,1,4,2.0,1.0,3.0,4.0,2.0
829,20230707.0,4.0,3.0,4,4.0,4.0,2.0,3.0,2,1,4,1.0,1.0,4.0,4.0,2.0
830,20230710.0,4.0,4.0,4,3.0,4.0,2.0,3.0,2,1,4,1.0,1.0,4.0,4.0,2.0
831,20230711.0,4.0,4.0,4,3.0,4.0,2.0,2.0,3,1,4.0,1.0,1.0,4.0,4,2.0
832,20230712.0,4.0,4.0,4,3.0,4.0,2.0,2.0,3,1,4.0,1.0,1.0,4.0,4,2.0
833,20230713.0,3.0,4.0,4.0,3.0,4.0,2.0,4.0,2,1,4,1.0,1.0,4,4.0,2.0
834,20230714.0,4.0,3.0,4,2.0,4.0,1.0,3.0,4,1,4.0,2.0,1.0,4.0,4,2.0
835,20230717.0,4.0,2.0,4,3.0,4.0,2.0,4.0,3,1,4.0,1.0,2.0,4.0,4,1.0
836,20230718.0,4.0,3.0,4,4.0,4.0,1.0,2.0,2,1,4.0,1.0,2.0,4.0,4,3.0
837,20230719.0,3.0,2.0,4,4.0,4.0,1.0,2.0,1,1,4.0,2.0,3.0,4.0,4.0,3.0
838,20230720.0,2.0,2.0,4.0,4,4.0,1.0,1.0,1,3,4.0,2.0,3.0,4.0,4.0,3.0
839,20230721.0,2.0,2.0,4,4,4.0,1.0,1.0,1,2,4.0,3.0,4.0,3.0,4.0,4.0
840,20230724.0,3.0,3.0,4.0,4,2.0,2.0,1.0,1,1,4.0,2.0,4.0,4.0,3.0,4.0
841,20230725.0,4.0,3.0,4.0,4,2.0,2.0,1.0,1,2,1.0,4.0,3.0,4.0,3.0,4.0
842,20230726.0,4.0,1.0,4.0,4.0,3.0,2.0,1.0,1,2,2.0,3.0,4.0,3.0,4,4.0
843,20230727.0,4.0,2.0,4,4.0,3.0,1.0,1.0,1,3,2.0,3.0,2.0,4.0,4.0,4.0
844,20230728.0,4,3.0,4.0,4.0,2.0,2.0,1.0,1,3,1.0,4.0,2.0,4,4.0,4.0
845,20230731.0,2.0,3.0,4.0,4.0,4.0,2.0,1.0,1,3,1.0,3.0,2.0,4,4.0,4.0
846,20230801.0,4.0,4.0,4,4.0,4.0,2.0,1.0,1,2,1.0,3.0,2.0,4.0,3.0,3.0
847,20230802.0,3.0,4.0,4.0,4.0,4.0,2.0,1.0,1,2,1.0,3.0,2.0,4,4.0,3.0
848,20230803.0,3.0,4.0,4.0,4.0,2.0,2.0,1.0,1,2,1.0,3.0,3.0,4,4.0,4.0
849,20230804.0,4.0,4.0,4,4.0,2.0,3.0,1.0,2,1,1.0,2.0,3.0,4,4.0,4.0
850,20230807.0,4.0,4.0,4,4.0,4.0,2.0,1.0,2,1,1.0,2.0,3.0,4,4.0,3.0
851,20230808.0,3.0,3.0,4.0,4.0,3.0,1.0,2.0,2,1,1.0,2.0,4.0,4,4.0,4.0
852,20230809.0,3.0,3.0,4,4.0,1.0,2.0,2.0,2,1,1.0,4.0,3.0,4.0,4.0,4.0
853,20230810.0,4.0,3.0,4.0,4,1.0,2.0,2.0,2,1,1.0,3.0,4.0,4.0,3.0,4.0
854,20230811.0,4.0,3.0,4.0,4,1.0,2.0,1.0,1,2,2.0,3.0,4.0,4.0,3.0,4.0
855,20230814.0,4.0,3.0,4.0,4,1.0,2.0,2.0,1,1,3.0,3.0,4.0,4.0,2.0,4.0
856,20230815.0,4.0,3.0,2.0,4,1.0,3.0,2.0,1,1,2.0,3.0,4.0,4.0,4.0,4.0
857,20230816.0,4.0,3.0,3.0,4,1.0,2.0,1.0,2,2,1.0,3.0,4.0,4.0,4.0,4.0
858,20230817.0,4,3.0,3.0,3.0,1.0,4.0,1.0,2,1,2.0,4.0,4.0,4.0,4.0,2.0
859,20230818.0,4,1.0,4.0,4.0,4.0,4.0,1.0,3,1,3.0,2.0,3.0,4.0,2.0,2.0
860,20230821.0,4,1.0,3.0,4.0,4.0,3.0,1.0,2,1,4.0,4.0,3.0,4.0,2.0,2.0
861,20230822.0,4.0,1.0,4.0,2.0,4.0,4.0,2.0,3,1,1.0,4,4.0,3.0,2.0,3.0
862,20230823.0,4.0,1.0,4,4.0,4.0,3.0,3.0,4,1,1.0,4.0,2.0,3.0,2.0,2.0
863,20230824.0,1.0,1.0,3.0,4.0,4.0,3.0,4.0,2,1,2.0,4,3.0,2.0,4.0,4.0
864,20230825.0,2.0,1.0,4.0,4.0,3.0,2.0,3.0,2,1,1.0,4.0,3.0,4,4.0,4.0
865,20230828.0,2.0,1.0,4.0,3.0,3.0,2.0,2.0,3,1,1.0,4.0,4.0,4,4.0,4.0
866,20230829.0,4.0,2.0,4.0,3.0,3.0,4.0,1.0,4,1,3.0,4.0,2.0,2.0,4,1.0
867,20230830.0,4.0,4.0,4,1.0,3.0,4.0,2.0,3,1,3.0,4.0,2.0,2.0,4.0,1.0
868,20230831.0,4,4.0,4.0,3.0,2.0,4.0,3.0,2,1,3.0,4.0,1.0,2.0,4.0,1.0
869,20230901.0,4.0,4.0,4.0,4.0,3.0,2.0,2.0,1,1,4,3.0,2.0,3.0,4.0,1.0
870,20230904.0,4.0,4.0,3.0,4.0,3.0,2.0,1.0,1,1,4,3.0,2.0,4.0,4.0,2.0
871,20230905.0,4.0,4.0,4.0,3.0,3.0,1.0,2.0,1,1,4.0,3.0,2.0,4.0,4,2.0
872,20230906.0,4,4.0,4,1.0,4.0,1.0,3.0,3,1,4,3.0,2.0,4.0,4.0,2.0
873,20230907.0,4.0,4.0,4,1.0,4.0,1.0,3.0,2,1,4,4.0,2.0,3.0,4.0,2.0
874,20230908.0,4,4.0,4,1.0,4.0,2.0,3.0,3,1,4.0,4.0,1.0,2.0,4.0,2.0
875,20230911.0,4.0,4.0,4,1.0,2.0,2.0,4.0,3,1,4,3.0,1.0,4.0,4.0,2.0
876,20230912.0,4.0,4.0,4.0,2.0,2.0,2.0,4.0,3,1,4,3.0,1.0,3.0,4.0,1.0
877,20230913.0,4.0,2.0,4.0,3.0,2.0,1.0,4.0,2,1,4,3.0,1.0,4.0,4.0,3.0
878,20230914.0,4.0,2.0,4,4.0,1.0,1.0,4.0,4,1,4,3.0,2.0,4.0,3.0,2.0
879,20230915.0,4.0,4.0,4,4.0,1.0,1.0,3.0,2,1,4.0,3.0,2.0,4,4.0,2.0
880,20230918.0,4.0,4.0,4,4,1.0,1.0,3.0,2,2,4.0,3.0,1.0,4.0,4.0,2.0
881,20230919.0,4.0,4.0,4,4.0,1.0,1.0,3.0,2,1,4.0,4.0,2.0,4,3.0,2.0
882,20230920.0,4.0,4.0,4.0,4,1.0,1.0,3.0,2,2,4.0,4.0,1.0,4,3.0,2.0
883,20230921.0,4.0,4.0,4.0,4.0,1.0,1.0,3.0,2,1,4.0,3.0,2.0,4,3.0,2.0
884,20230922.0,4.0,4,4.0,4.0,1.0,2.0,3.0,2,1,4.0,3.0,1.0,4.0,3.0,2.0
885,20230925.0,4.0,4.0,4,4.0,1.0,2.0,3.0,3,1,4.0,2.0,2.0,4,4.0,1.0
886,20230926.0,4.0,4.0,4.0,4.0,1.0,3.0,3.0,2,1,4,2.0,2.0,4.0,3.0,1.0
887,20230927.0,4,4.0,4.0,4.0,1.0,3.0,2.0,4,1,4,2.0,3.0,4,3.0,1.0
888,20230928.0,4,4.0,4.0,3.0,1.0,2.0,2.0,4,1,4,3.0,2.0,4.0,4.0,1.0
889,20231009.0,4,4.0,4.0,2.0,1.0,3.0,3.0,4,1,4,2.0,1.0,4.0,4.0,2.0
890,20231010.0,4.0,4.0,4.0,2.0,1.0,3.0,4.0,3,1,4,3.0,1.0,2.0,4.0,2.0
891,20231011.0,4.0,4.0,4.0,2.0,1.0,3.0,4.0,3,1,4,2.0,2.0,1.0,4.0,3.0
892,20231012.0,4.0,4.0,4.0,3.0,1.0,3.0,4.0,3,1,4,2.0,1.0,2.0,4.0,2.0
893,20231013.0,4.0,4.0,4,3.0,1.0,3.0,4.0,4,1,4,3.0,1.0,2.0,4,2.0
894,20231016.0,4,4.0,4,4.0,1.0,2.0,3.0,3,1,4.0,2.0,1.0,4.0,4.0,2.0
895,20231017.0,4.0,4.0,4,4.0,1.0,3.0,3.0,2,1,2.0,2.0,1.0,3.0,4.0,4.0
896,20231018.0,4.0,4,4.0,4.0,1.0,2.0,4.0,3,1,2.0,2.0,1.0,4.0,3.0,3.0
897,20231019.0,4.0,4,4,1.0,2.0,3.0,4.0,3,1,2.0,2.0,1.0,4.0,4.0,4.0
898,20231020.0,4.0,4.0,4,3.0,2.0,3.0,2.0,3,1,2.0,1.0,1.0,4.0,4.0,4.0
899,20231023.0,4.0,4.0,4,2.0,2.0,4.0,4.0,3,1,2.0,1.0,1.0,3.0,4,4.0
900,20231024.0,4.0,4.0,4,3.0,2.0,2.0,3.0,4,1,1.0,2.0,1.0,3.0,4.0,4.0
901,20231025.0,4.0,3.0,4,2.0,4.0,2.0,1.0,4,1,4.0,3.0,1.0,2.0,4,4.0
902,20231026.0,4.0,4.0,4,1.0,3.0,2.0,2.0,4,1,4.0,2.0,1.0,4.0,4,3.0
903,20231027.0,4.0,4.0,4,3.0,1.0,3.0,2.0,2,1,4.0,2.0,1.0,4.0,4.0,3.0
904,20231030.0,4.0,4.0,4,2.0,1.0,3.0,4.0,2,1,4.0,2.0,1.0,4,4.0,3.0
905,20231031.0,4.0,4,4,2.0,1.0,3.0,3.0,2,1,4,4.0,1.0,4.0,4.0,3.0
906,20231101.0,4.0,4.0,4.0,3.0,1.0,2.0,3.0,2,1,4,2.0,1.0,4.0,4.0,3.0
907,20231102.0,4.0,4.0,4.0,4.0,1.0,2.0,3.0,2,1,4,3.0,1.0,3.0,4.0,2.0
908,20231103.0,4.0,4.0,4.0,3.0,1.0,3.0,3.0,2,1,4,4.0,1.0,2.0,4.0,2.0
909,20231106.0,4,4.0,4.0,3.0,2.0,3.0,3.0,2,1,4.0,4.0,1.0,2.0,4.0,1.0
910,20231107.0,4,4.0,4.0,4.0,2.0,3.0,3.0,2,1,4.0,3.0,1.0,2.0,4.0,1.0
911,20231108.0,4.0,4.0,4.0,4,1.0,2.0,3.0,2,1,4.0,3.0,1.0,3.0,4.0,2.0
912,20231109.0,4,4.0,4.0,4.0,1.0,2.0,3.0,2,1,3.0,4.0,2.0,3.0,4.0,1.0
913,20231110.0,4,4.0,4.0,2.0,2.0,2.0,4.0,3,1,3.0,4.0,1.0,3.0,4.0,1.0
914,20231113.0,4,4.0,4.0,1.0,3.0,3.0,3.0,2,1,4.0,4.0,2.0,2.0,4.0,1.0
915,20231114.0,4.0,4,4,1.0,4.0,3.0,3.0,2,1,4.0,4.0,2.0,2.0,4.0,1.0
916,20231115.0,4,3.0,4,2.0,4.0,2.0,4.0,4,1,4.0,2.0,1.0,3.0,4.0,1.0
917,20231116.0,4.0,4.0,4,4.0,4.0,3.0,3.0,2,1,4.0,2.0,1.0,2.0,4,1.0
918,20231117.0,4,4.0,4,4.0,2.0,3.0,4.0,2,1,4.0,3.0,1.0,2.0,4.0,1.0
919,20231120.0,4.0,4.0,4.0,2.0,3.0,2.0,4.0,2,1,4,3.0,1.0,3.0,4.0,1.0
920,20231121.0,4.0,4.0,4.0,3.0,2.0,3.0,4.0,2,1,4,3.0,1.0,2.0,4.0,1.0
921,20231122.0,4.0,4.0,4.0,2.0,1.0,3.0,3.0,1,1,4.0,4.0,2.0,2.0,4,3.0
922,20231123.0,4.0,4.0,4.0,3.0,1.0,3.0,2.0,2,1,4.0,3.0,1.0,4,4.0,2.0
923,20231124.0,3.0,4.0,4.0,4.0,1.0,3.0,2.0,1,1,4,4.0,2.0,4,4.0,2.0
924,20231127.0,3.0,4.0,4,4.0,1.0,2.0,3.0,2,1,4.0,3.0,1.0,4.0,4.0,2.0
925,20231128.0,3.0,4.0,4,4.0,2.0,2.0,3.0,2,1,4.0,3.0,1.0,4.0,4.0,1.0
926,20231129.0,4.0,3.0,4.0,3.0,2.0,3.0,4.0,2,1,4,2.0,1.0,4.0,4.0,1.0
927,20231130.0,3.0,4.0,4.0,4.0,1.0,3.0,4.0,2,1,4,2.0,1.0,3.0,4.0,2.0
928,20231201.0,4.0,3.0,4.0,4.0,1.0,2.0,3.0,1,1,4,4.0,2.0,2.0,4.0,3.0
929,20231204.0,3.0,4.0,4.0,4.0,1.0,2.0,3.0,1,1,4.0,4.0,3.0,2.0,2.0,4
930,20231205.0,2.0,4.0,4,4.0,1.0,2.0,3.0,1,1,4.0,4.0,3.0,3.0,2.0,4.0
931,20231206.0,2.0,4.0,4,4.0,1.0,2.0,3.0,1,1,4.0,4.0,3.0,2.0,3.0,4.0
932,20231207.0,1.0,4.0,4.0,4,2.0,3.0,3.0,1,1,4.0,3.0,2.0,2.0,4.0,4.0
933,20231208.0,2.0,4.0,4.0,4.0,1.0,3.0,4,2,1,4.0,2.0,3.0,1.0,4.0,3.0
934,20231211.0,2.0,4.0,4.0,4,1.0,4.0,4.0,2,1,3.0,3.0,3.0,1.0,4.0,2.0
935,20231212.0,4.0,4.0,4,4.0,2.0,2.0,3.0,1,1,4.0,3.0,4.0,1.0,3.0,2.0
936,20231213.0,4.0,3.0,4,4.0,1.0,2.0,3.0,2,1,4.0,4.0,4.0,1.0,3.0,2.0
937,20231214.0,4.0,3.0,4.0,4.0,1.0,3.0,2.0,1,1,4,4.0,4.0,2.0,3.0,2.0
938,20231215.0,3.0,3.0,4.0,4.0,4.0,3.0,1.0,1,1,4,4.0,4.0,2.0,2.0,2.0
939,20231218.0,3.0,4.0,3.0,4,2.0,2.0,1.0,2,1,4.0,4.0,4.0,4.0,1.0,3.0
940,20231219.0,2.0,4.0,4.0,4.0,3.0,4.0,2.0,1,1,4,4.0,3.0,3.0,2.0,1.0
941,20231220.0,2.0,4.0,4.0,4.0,4.0,1.0,2.0,3,1,4,3.0,3.0,4.0,2.0,1.0
942,20231221.0,3.0,4.0,3.0,4.0,4.0,2.0,2.0,1,1,4,2.0,3.0,4.0,4.0,1.0
943,20231222.0,4.0,4.0,4.0,3.0,4.0,1.0,2.0,2,2,4.0,1.0,3.0,4,3.0,1.0
944,20231225.0,4.0,4.0,4,2.0,3.0,2.0,3.0,2,1,4.0,1.0,3.0,4.0,4.0,1.0
945,20231226.0,4.0,2.0,4.0,3.0,4.0,1.0,2.0,3,1,4,1.0,3.0,4.0,4.0,2.0
946,20231227.0,2.0,3.0,3.0,4.0,4.0,1.0,2.0,1,1,4,2.0,4.0,4.0,4.0,3.0
947,20231228.0,3.0,4,4.0,3.0,3.0,1.0,2.0,2,1,4.0,1.0,4.0,4.0,4.0,2.0
948,20231229.0,3.0,4.0,4,4.0,4.0,2.0,2.0,3,1,4.0,1.0,3.0,2.0,4.0,1.0
949,20240102.0,4.0,4.0,4,2.0,4.0,2.0,2.0,3,1,4,1.0,3.0,4.0,4.0,1.0
950,20240103.0,4.0,2.0,4,3.0,4.0,1.0,2.0,3,1,4.0,1.0,4.0,4.0,4,2.0
951,20240104.0,4.0,3.0,4,3.0,3.0,1.0,2.0,2,1,4.0,1.0,4.0,4.0,4.0,2.0
952,20240105.0,4.0,2.0,4,4.0,3.0,1.0,2.0,1,1,4.0,2.0,4.0,4.0,3.0,3.0
953,20240108.0,4.0,3.0,4,4.0,3.0,1.0,1.0,1,2,4.0,2.0,4.0,4.0,3.0,2.0
954,20240109.0,4.0,3.0,4,4.0,3.0,2.0,2.0,1,4,4.0,1.0,3.0,4.0,2.0,1.0
955,20240110.0,2.0,3.0,4.0,4.0,4.0,1.0,2.0,1,4,4.0,1.0,3.0,4,3.0,2.0
956,20240111.0,3.0,3.0,4.0,4.0,3.0,2.0,1.0,1,2,4.0,1.0,4.0,4,4.0,2.0
957,20240112.0,3.0,2.0,4.0,4.0,4.0,1.0,2.0,1,2,4.0,1.0,4.0,4,3.0,3.0
958,20240115.0,4.0,3.0,2.0,4.0,4.0,2.0,1.0,1,4,3.0,1.0,4.0,4,2.0,3.0
959,20240116.0,4.0,4.0,3.0,4,4.0,2.0,2.0,1,2,1.0,1.0,3.0,4,4.0,4.0
960,20240117.0,4.0,3.0,4.0,4.0,4.0,2.0,2.0,1,3,1.0,1.0,3.0,4,2.0,4.0
961,20240118.0,3.0,4.0,4.0,4.0,4.0,1.0,2.0,1,2,2.0,1.0,3.0,4,3.0,4.0
962,20240119.0,4.0,4.0,4,4.0,4.0,2.0,2.0,1,2,1.0,1.0,3.0,3.0,3.0,4.0
963,20240122.0,4.0,4.0,4.0,4.0,3.0,2.0,2.0,1,2,1.0,1.0,3.0,4,3.0,4.0
964,20240123.0,4.0,3.0,4.0,4,4.0,2.0,2.0,2,1,1.0,1.0,3.0,4.0,3.0,4.0
965,20240124.0,4.0,3.0,4.0,4,4.0,3.0,1.0,2,1,1.0,2.0,3.0,4.0,2.0,4.0
966,20240125.0,4.0,3.0,3.0,4.0,4,2.0,1.0,2,1,1.0,3.0,4.0,4.0,2.0,4.0
967,20240126.0,4.0,3.0,3.0,4.0,4.0,2.0,1.0,2,2,1.0,3.0,4.0,4.0,1.0,4
968,20240129.0,3.0,2.0,4.0,4.0,4.0,2.0,1.0,2,3,1.0,3.0,4.0,4.0,1.0,4
969,20240130.0,4.0,2.0,4.0,4.0,3.0,2.0,1.0,2,3,1.0,3.0,4.0,4,1.0,4.0
970,20240131.0,4.0,2.0,4.0,4.0,3.0,2.0,1.0,2,3,1.0,4.0,3.0,4.0,1.0,4
971,20240201.0,3.0,3.0,4.0,4.0,4.0,1.0,1.0,2,2,1.0,3.0,4.0,4.0,2.0,4
972,20240202.0,4.0,3.0,4,4.0,3.0,2.0,1.0,1,2,1.0,4.0,3.0,4.0,2.0,4.0
973,20240205.0,4.0,3.0,4,4.0,3.0,1.0,2.0,1,2,1.0,3.0,4.0,4.0,2.0,4.0
974,20240206.0,4.0,4.0,4,4.0,1.0,2.0,2.0,1,3,1.0,3.0,3.0,4.0,2.0,4.0
975,20240207.0,4.0,4.0,4.0,4.0,1.0,1.0,2.0,1,2,3.0,3.0,3.0,4,2.0,4.0
976,20240208.0,3.0,4.0,4,4.0,1.0,1.0,2.0,1,2,3.0,2.0,4.0,4.0,3.0,4.0
977,20240219.0,4.0,4.0,4,4.0,1.0,1.0,3.0,2,1,3.0,3.0,4.0,2.0,2.0,4.0
978,20240220.0,4.0,4.0,4,4.0,1.0,1.0,3.0,3,1,2.0,4.0,3.0,2.0,2.0,4.0
979,20240221.0,4.0,4,4.0,4.0,3.0,1.0,2.0,2,1,1.0,4.0,4.0,2.0,3.0,3.0
980,20240222.0,4.0,4.0,4,3.0,4.0,1.0,2.0,2,1,1.0,4.0,3.0,2.0,4.0,3.0
981,20240223.0,4.0,4.0,4,4.0,3.0,1.0,3.0,2,1,2.0,4.0,4.0,2.0,3.0,1.0
982,20240226.0,4.0,4,4.0,2.0,2.0,3.0,4.0,4,1,4.0,2.0,1.0,3.0,3.0,1.0
983,20240227.0,4,4.0,4.0,2.0,3.0,3.0,4.0,3,1,4.0,2.0,2.0,1.0,4.0,1.0
984,20240228.0,3.0,4.0,4,2.0,2.0,3.0,4.0,4,1,3.0,4.0,2.0,1.0,4.0,1.0
985,20240229.0,3.0,4.0,4.0,2.0,3.0,4.0,3.0,4,1,4.0,2.0,2.0,1.0,4,1.0
986,20240301.0,4.0,4.0,4,2.0,4.0,3.0,4.0,3,1,4.0,2.0,2.0,1.0,4,1.0
987,20240304.0,4.0,4.0,4.0,3.0,2.0,4.0,4.0,3,1,4,2.0,1.0,2.0,4,1.0
988,20240305.0,4,4.0,3.0,4.0,2.0,3.0,4.0,3,1,4.0,2.0,2.0,1.0,4.0,1.0
1,20240305.0,4,4,3,4,2,3,4,3,1,4,2,2,1,4,1
2,20240306.0,4,4,3,2,4,3,4,4,1,4,2,2,1,4,1
3,20240307.0,4,4,4,3,4,2,3,2,1,4,1,2,3,4,1
4,20240308.0,4,4,4,2,4,2,3,4,1,4,1,3,2,4,1
5,20240311.0,4,4,4,2,4,3,3,4,1,4,1,3,2,4,1
6,20240312.0,4,4,4,1,3,4,3,4,1,4,1,2,2,4,2
7,20240313.0,4,4,3,1,4,4,3,4,1,4,2,1,2,4,2
8,20240314.0,4,4,2,2,3,4,4,4,1,4,3,1,3,4,1
9,20240315.0,4,3,4,3,4,2,2,2,1,4,3,1,4,4,1
10,20240318.0,4,3,4,2,2,2,3,3,1,4,4,1,4,4,1
11,20240319.0,4,3,4,2,3,2,3,4,1,4,2,1,4,4,1
12,20240320.0,4,4,4,2,3,2,3,4,1,4,3,1,1,4,2
13,20240321.0,4,4,4,1,3,2,3,4,1,4,3,1,2,4,2
14,20240322.0,4,4,2,1,4,3,4,4,1,4,3,1,2,4,2
15,20240325.0,3,4,4,2,4,1,4,2,1,4,3,1,2,4,3
16,20240326.0,4,3,4,3,4,1,2,2,1,4,2,1,4,4,3
17,20240327.0,4,3,4,4,3,2,2,1,1,4,2,1,4,4,3
18,20240328.0,4,4,4,2,3,2,2,1,1,4,3,1,4,4,3
19,20240329.0,3,4,4,1,4,1,3,2,1,4,2,2,4,4,3
20,20240401.0,3,4,4,2,4,1,2,2,1,4,3,1,4,4,3
21,20240402.0,3,4,4,4,4,1,2,1,2,4,1,2,4,4,3
22,20240403.0,2,2,4,4,4,1,2,1,3,4,1,3,4,3,4
23,20240408.0,2,1,4,4,4,1,2,1,3,4,2,3,4,3,4
24,20240409.0,2,2,4,4,3,1,3,1,4,4,1,2,4,4,4
25,20240410.0,2,3,4,4,3,1,3,1,4,4,1,2,4,4,4
26,20240411.0,4,1,4,4,4,1,2,1,4,4,2,3,4,3,2
27,20240412.0,4,2,4,4,4,1,1,1,4,4,2,3,4,2,3
28,20240415.0,4,3,4,4,3,1,2,1,4,4,2,3,4,1,2
29,20240416.0,4,2,4,4,3,1,1,2,4,4,2,3,4,1,3
30,20240417.0,4,3,4,4,3,1,1,1,4,4,2,2,4,2,3
31,20240418.0,4,4,4,4,3,1,1,1,4,4,2,2,4,2,3
32,20240419.0,3,4,4,4,4,1,1,1,4,4,2,2,4,2,3
33,20240422.0,4,4,2,3,2,1,1,1,4,4,3,2,4,3,4
34,20240423.0,4,3,4,2,1,1,2,1,3,4,4,2,4,4,3
35,20240424.0,4,4,4,1,1,2,2,1,2,4,3,3,4,4,3
36,20240425.0,4,4,4,2,1,1,1,2,3,4,3,3,4,2,4
37,20240426.0,4,4,4,1,2,1,4,3,1,3,2,2,4,4,3
