,date,style,field
0,20200210.0,7.389007688509697,8.546189126962794
1,20200211.0,7.158073447784694,9.362221542061768
2,20200212.0,6.866424566017838,9.931870419436349
3,20200213.0,6.546465448985141,8.883833218388991
4,20200214.0,5.826191743452134,6.100101052097863
5,20200217.0,5.223376269088486,8.856348486171905
6,20200218.0,5.951211147260105,9.178512375020809
7,20200219.0,6.267473844738118,9.350353919109583
8,20200220.0,7.793200442668798,8.109796061177391
9,20200221.0,7.65795776882465,8.069698557224159
10,20200224.0,6.459239918173054,8.027783075361553
11,20200225.0,6.549102830870671,8.667721807905993
12,20200226.0,6.479234079857055,6.881326003696256
13,20200227.0,6.539684047973431,8.325557143692544
14,20200228.0,7.263544089213194,9.00882242970124
15,20200302.0,6.755070068196215,8.789957689767155
16,20200303.0,7.261917977592842,7.042999548726876
17,20200304.0,6.225388904347,9.74096744993039
18,20200305.0,6.408136188669651,9.04785467129152
19,20200306.0,6.022927353428265,9.326709215548744
20,20200309.0,5.800884112042421,8.799356063043263
21,20200310.0,6.835382152719752,8.796866415130223
22,20200311.0,6.811074397556499,9.002132910875247
23,20200312.0,5.5144564681878405,7.625659852527262
24,20200313.0,5.7435905933288005,7.262847098992209
25,20200316.0,6.341138213894415,8.088113293792993
26,20200317.0,5.23350408176289,7.916242863093903
27,20200318.0,5.366918523769962,8.641260025216068
28,20200319.0,4.76309762932284,8.98028847336988
29,20200320.0,5.608558570956268,8.617614639483422
30,20200323.0,5.0936374122588175,7.900440578284972
31,20200324.0,4.910207156213664,8.341628935808776
32,20200325.0,5.561255923568,9.29998538145633
33,20200326.0,5.374234718976323,8.991105215496283
34,20200327.0,4.50253830297141,8.285370192607196
35,20200330.0,4.91279938885849,8.690554702995435
36,20200331.0,6.0605857582467895,8.565311063239388
37,20200401.0,5.704179398603324,8.82674478012375
38,20200402.0,5.6648419077882455,9.96765022144806
39,20200403.0,6.013233163818484,8.949300086122834
40,20200407.0,7.000092097432736,9.29469225699962
41,20200408.0,6.261110892455736,8.647538897134845
42,20200409.0,6.781644879887858,8.526356038733363
43,20200410.0,5.380653369046676,7.865036952349833
44,20200413.0,4.459945140260358,9.209921316391563
45,20200414.0,6.409170285677997,7.28263002889478
46,20200415.0,5.8351698027119845,8.842195150475403
47,20200416.0,5.706992127072456,8.160210325349537
48,20200417.0,5.044572438609719,8.513316615784449
49,20200420.0,5.046696246715673,8.171167836601372
50,20200421.0,6.8541143238339375,9.498239167284911
51,20200422.0,6.369662920064856,9.370295489763278
52,20200423.0,5.092432014515626,9.181767913473069
53,20200424.0,4.947393742476868,8.230626560229908
54,20200427.0,5.113332091188059,8.690515043298626
55,20200428.0,5.76433455749184,9.376864775496774
56,20200429.0,5.962519265930349,9.083938559993904
57,20200430.0,5.56199822744398,9.313066523611154
58,20200506.0,5.600674447224031,8.861360529690094
59,20200507.0,5.742544586528616,9.977385047436336
60,20200508.0,5.812456795762752,6.747500242423929
61,20200511.0,5.667149968606402,7.450814979996951
62,20200512.0,5.379848831284316,7.534759298591367
63,20200513.0,5.646910091591792,6.411411515717798
64,20200514.0,4.8101871832658425,6.0089743139970215
65,20200515.0,6.025674822987035,7.183163566449638
66,20200518.0,6.586820694462293,7.623322659012126
67,20200519.0,6.317222489164803,7.400067036839006
68,20200520.0,5.813949230185975,5.898525514826254
69,20200521.0,5.819024416008858,6.8532877699319
70,20200522.0,5.728599684291763,7.412723177030772
71,20200525.0,6.527004876076303,7.805050819875437
72,20200526.0,5.970548891691153,6.957755242670687
73,20200527.0,7.464334124867205,8.330230710533913
74,20200528.0,6.998799647391371,7.591495586108927
75,20200529.0,6.313394302861639,8.743056318228307
76,20200601.0,5.377871771024162,10.825307704110983
77,20200602.0,5.833985562262625,7.847296914776926
78,20200603.0,6.4146704630882105,9.221293907646317
79,20200604.0,6.595068264184551,8.794722592152945
80,20200605.0,5.8077952818885725,8.154649396004343
81,20200608.0,5.791562832028984,7.939785668908062
82,20200609.0,5.464517923642475,10.234699785681611
83,20200610.0,5.62766988951056,9.593692878300446
84,20200611.0,6.2452333090477845,9.961221809790406
85,20200612.0,5.399511150396559,8.28275447112109
86,20200615.0,5.574288169137493,7.05351154410643
87,20200616.0,6.152809956683976,8.76567531777001
88,20200617.0,6.37044845823093,8.53538801545648
89,20200618.0,6.5490594152479575,10.3191955576485
90,20200619.0,6.176484106813454,8.676758933933872
91,20200622.0,6.732897336265683,9.242989945386322
92,20200623.0,6.363520214142517,9.454897684669351
93,20200624.0,5.931126238666601,10.496264415267326
94,20200629.0,6.594263189551283,7.590314380810234
95,20200630.0,5.999803813230592,8.016413140749659
96,20200701.0,5.25040068977622,8.316836981241066
97,20200702.0,6.106454771642957,6.7203324796399695
98,20200703.0,6.282025710883188,7.687608934555833
99,20200706.0,6.096827348967025,10.938368123781087
100,20200707.0,5.657830695474763,9.638135219417482
101,20200708.0,5.453680288790529,9.616498813460629
102,20200709.0,4.822613202656466,8.993478817470017
103,20200710.0,4.86546849574536,9.731306282113854
104,20200713.0,5.111558523036823,10.294629614551988
105,20200714.0,5.9803251341048895,10.266711758213669
106,20200715.0,5.872027921324749,7.684306668767739
107,20200716.0,7.134871956837336,8.485957554059084
108,20200717.0,5.952244691867677,8.285918002956159
109,20200720.0,6.89348102226833,7.1744613068431535
110,20200721.0,7.256199096877177,9.181324389241205
111,20200722.0,6.204939807952387,6.620174615831864
112,20200723.0,6.678134104735159,8.995844232316124
113,20200724.0,6.159620029619506,6.506940686843916
114,20200727.0,6.420300185855745,6.362953566638241
115,20200728.0,5.876894699974276,7.2237632107342336
116,20200729.0,5.858010921115832,8.161063233245192
117,20200730.0,5.31349211411957,8.221897249260245
118,20200731.0,6.635683742428427,7.504498467174058
119,20200803.0,7.299579462456014,7.825095331583613
120,20200804.0,6.935544123570846,8.542218284113478
121,20200805.0,6.785118715392315,8.307979929288459
122,20200806.0,7.079282241988517,8.884685264943634
123,20200807.0,7.107196552004031,7.889385440891744
124,20200810.0,6.415017170953075,8.516423990054356
125,20200811.0,7.371449755693834,6.983711502614569
126,20200812.0,6.190101289330396,8.745481890365745
127,20200813.0,5.714518764339395,8.239285354849311
128,20200814.0,6.154147599180472,9.240671202106215
129,20200817.0,5.859355862826655,8.546312563722044
130,20200818.0,6.069593038192224,8.77911371436546
131,20200819.0,5.666996738832208,9.379506872018084
132,20200820.0,5.442186697607359,9.88059299359153
133,20200821.0,5.76548864689838,7.65131991300948
134,20200824.0,5.755310061513587,8.412518432027566
135,20200825.0,5.456826221593355,8.142331135223374
136,20200826.0,4.98030490056485,7.906279914257401
137,20200827.0,5.5727336703956825,8.783780734260372
138,20200828.0,4.966748705543634,7.586379163150832
139,20200831.0,5.719758703596097,7.471992311053099
140,20200901.0,6.121967707943571,8.294858237480511
141,20200902.0,5.961282307844327,8.931172433911659
142,20200903.0,5.393753690158456,7.096274292789459
143,20200904.0,5.403789234616733,6.76884446216341
144,20200907.0,5.537961561453965,7.26107431445139
145,20200908.0,5.618044032190839,7.777561071517363
146,20200909.0,5.455079258404099,8.646723290242127
147,20200910.0,5.384318291125855,9.457506235700585
148,20200911.0,6.495318940208256,8.718234651620584
149,20200914.0,6.302640691794028,8.843562873380492
150,20200915.0,6.417560008825083,7.566975283153068
151,20200916.0,5.982699978529783,8.936592378539693
152,20200917.0,6.388305672088832,9.03365316760872
153,20200918.0,5.481809723096299,6.056638998869003
154,20200921.0,5.519178859167681,8.995484556688485
155,20200922.0,5.784396749675228,6.342133541329463
156,20200923.0,5.6441463886935015,8.790574539952473
157,20200924.0,6.681490879104646,8.140977811076368
158,20200925.0,5.746667821891532,6.898695158732234
159,20200928.0,6.284171812334175,8.475375286516774
160,20200929.0,6.450679371572273,8.375162776451283
161,20200930.0,6.654138343963978,8.041406297075643
162,20201009.0,6.470218015481798,8.386416822734722
163,20201012.0,6.49897018647778,7.169325930829637
164,20201013.0,6.5937009538087406,7.164519727467184
165,20201014.0,6.898897592194822,7.240832852402629
166,20201015.0,6.092314933316701,5.236530149217982
167,20201016.0,5.648505747123688,4.476295787869891
168,20201019.0,6.367487257964481,5.600650404565636
169,20201020.0,7.758116991787189,5.854492986289975
170,20201021.0,6.3833193025969575,8.495643922368647
171,20201022.0,6.257339190749421,7.81482958957794
172,20201023.0,6.342590940951148,7.556370074344323
173,20201026.0,6.361638194375553,7.807386612371968
174,20201027.0,5.988208698236999,8.041655904029719
175,20201028.0,5.208650241026597,7.2490478081570116
176,20201029.0,5.852957311172656,7.857729910510932
177,20201030.0,6.568705347478906,7.906715152168786
178,20201102.0,6.361009419597509,9.351627280879288
179,20201103.0,6.643886831511443,8.560089766032345
180,20201104.0,5.116957339452211,8.350266628422814
181,20201105.0,5.668952876040858,8.156507711644085
182,20201106.0,5.459158791953992,6.162835392106468
183,20201109.0,5.331202546831279,7.013335891803758
184,20201110.0,6.442203543378059,8.089715105139552
185,20201111.0,6.193060975275748,7.732665900948149
186,20201112.0,5.010971099731796,7.945721539067159
187,20201113.0,5.115088863444176,8.240519463651731
188,20201116.0,5.387115468124593,7.002912676683612
189,20201117.0,4.767846717499746,7.136633597507514
190,20201118.0,4.992469561812237,7.484508145039558
191,20201119.0,4.858821969812824,7.121894962649903
192,20201120.0,5.378913446288848,7.540021138717626
193,20201123.0,5.2631984880656,7.248816521219537
194,20201124.0,4.961315198184174,7.090004149981458
195,20201125.0,5.353950032754691,7.173703397605347
196,20201126.0,4.499978622332898,6.131748413266768
197,20201127.0,5.583907357291603,7.982393835089127
198,20201130.0,6.061898928145388,7.446610063760078
199,20201201.0,5.336739350869259,6.842390289828544
200,20201202.0,5.762333919462312,7.493800389534739
201,20201203.0,4.607406993485712,6.562878767878685
202,20201204.0,4.839362706500069,7.411065086724119
203,20201207.0,5.84053822634837,7.397124062763955
204,20201208.0,5.490822744843299,8.127784417168971
205,20201209.0,5.034035220637914,7.856364400652191
206,20201210.0,5.283305739812667,7.006268689116678
207,20201211.0,5.15022729520825,8.04665351514663
208,20201214.0,5.3901598427684,7.404714151965998
209,20201215.0,4.581633044797962,7.1926265409315615
210,20201216.0,5.216418673223584,7.751760123174183
211,20201217.0,4.666266537391336,6.814262857218173
212,20201218.0,5.410042572258778,7.620232522829328
213,20201221.0,5.615102486086166,8.224450194595848
214,20201222.0,5.295495173435526,7.714074394012238
215,20201223.0,5.071798426389013,6.635043000966917
216,20201224.0,5.081598216841866,5.991350655988443
217,20201225.0,4.692833171839154,7.226616353116253
218,20201228.0,5.2104557043649695,7.209484195488194
219,20201229.0,4.790271867157039,7.540441626449353
220,20201230.0,4.92278099606403,6.969500043467765
221,20201231.0,4.93828534692318,6.874002348012477
222,20210104.0,5.768749312263695,7.736212674921688
223,20210105.0,5.529688692674059,7.031541069613646
224,20210106.0,5.508094542979516,8.274336261778446
225,20210107.0,5.624193155195501,6.345982529160238
226,20210108.0,5.9055835572767545,6.390835515800126
227,20210111.0,6.011714851750903,8.371176097517008
228,20210112.0,5.235508769239583,6.934322397016729
229,20210113.0,5.47936654761064,6.976986152872865
230,20210114.0,4.651316892004648,6.53681626362444
231,20210115.0,5.002885449264509,7.413913734889965
232,20210118.0,5.330239000453263,7.042559960277183
233,20210119.0,5.215005911372211,8.950909906736753
234,20210120.0,4.703256411346527,6.898186890841868
235,20210121.0,5.775985213488554,8.567750806342112
236,20210122.0,5.067431901412757,6.408821366364426
237,20210125.0,5.006346394714337,7.1248453332211525
238,20210126.0,4.897742788688071,6.397872360477079
239,20210127.0,5.006084661850727,6.838422737406113
240,20210128.0,5.64733449188267,7.668805011260351
241,20210129.0,5.056022095358575,6.988025681129981
242,20210201.0,5.257420297260836,6.576965333791428
243,20210202.0,5.008719703712066,8.606890992806875
244,20210203.0,4.979088634273588,6.702456851884139
245,20210204.0,4.679911355297183,6.723239406661713
246,20210205.0,5.026209484733362,6.953406288224519
247,20210208.0,5.735661976180323,8.288960566143036
248,20210209.0,4.67217454737868,6.330575872097412
249,20210210.0,6.069217121825358,8.276897178265441
250,20210218.0,7.141093130179642,8.986698289313347
251,20210219.0,5.604579997390693,8.578880905009527
252,20210222.0,5.538229780095595,8.912268112712084
253,20210223.0,5.78065940548123,7.955056553311519
254,20210224.0,5.422205837598094,9.049622311698926
255,20210225.0,5.121825249601857,7.922510930217551
256,20210226.0,6.3058792634332175,6.841739016281668
257,20210301.0,5.439042643386545,6.776361954626858
258,20210302.0,5.339604501106971,6.5607331843891785
259,20210303.0,4.759459533717272,9.08614640608533
260,20210304.0,5.339100284129164,7.330205969043557
261,20210305.0,5.387700903226495,8.943986642186658
262,20210308.0,4.940519578357667,8.160380945797408
263,20210309.0,4.721413807526887,8.07068068340952
264,20210310.0,4.72460866049738,7.723578616329248
265,20210311.0,5.909495485079918,6.159354939708504
266,20210312.0,6.089102256004463,9.34817813157743
267,20210315.0,6.409760574868136,8.870842564082778
268,20210316.0,4.705209066510749,7.789645422441223
269,20210317.0,5.122249590002671,7.276140418556698
270,20210318.0,6.469281685422638,7.4661345661689085
271,20210319.0,5.794238004940854,9.046722551608651
272,20210322.0,5.4225503657312375,8.156460382524735
273,20210323.0,5.9100047123979165,8.047450605939119
274,20210324.0,5.724896893963172,7.522748010053565
275,20210325.0,6.172834788201967,6.402531619599801
276,20210326.0,5.474334051147019,8.234476794746465
277,20210329.0,7.452032539231759,6.612063444963894
278,20210330.0,5.946119150183868,6.907154821044427
279,20210331.0,6.6269264887259824,6.820066791061565
280,20210401.0,5.76842609672095,6.278949883585206
281,20210402.0,6.021546976032704,6.760773812946987
282,20210406.0,6.705208637882171,6.216236102727248
283,20210407.0,5.943041248720824,7.20329741523118
284,20210408.0,5.981317987412154,5.819410037833428
285,20210409.0,6.250525054792767,5.804333258414228
286,20210412.0,5.2909836436233455,8.009493259944588
287,20210413.0,5.3379392221784565,5.518941719339306
288,20210414.0,4.140085559496455,8.611102862385568
289,20210415.0,4.867638723497605,10.11873960532481
290,20210416.0,4.864483407009502,8.087800731585833
291,20210419.0,5.051434313480549,6.817693688690441
292,20210420.0,5.637062063970099,9.003853126049753
293,20210421.0,5.1397459945893385,10.672741387258668
294,20210422.0,5.639190633374911,9.069187724164289
295,20210423.0,5.502696123944015,9.414438721756223
296,20210426.0,4.978295583149375,9.473370986009227
297,20210427.0,6.165879301302965,8.683427786260586
298,20210428.0,5.513579350817538,9.253966129077517
299,20210429.0,5.716392775769892,10.590711619360878
300,20210430.0,5.949238087770314,9.706271098661762
301,20210506.0,6.706717440963286,8.504508450546906
302,20210507.0,5.66833454809595,7.583793365812233
303,20210510.0,5.385030391989679,7.488019945859397
304,20210511.0,6.175411719439471,8.431033562294434
305,20210512.0,5.70138559863756,8.34372821233691
306,20210513.0,5.967051218423077,8.181126076064638
307,20210514.0,6.153983890363957,9.636249939519532
308,20210517.0,5.210745952325013,7.71868824201674
309,20210518.0,6.101249111906966,9.84663929528556
310,20210519.0,5.671642188321489,9.07170308480363
311,20210520.0,5.670998448573891,8.261943846991592
312,20210521.0,4.825849236751243,7.643154730142159
313,20210524.0,5.258033172083677,7.485841569751737
314,20210525.0,5.633135199769412,7.801984828006391
315,20210526.0,5.50728490489263,6.737099481421857
316,20210527.0,7.041920953812046,8.88314785165439
317,20210528.0,6.314426238134367,9.362771878228386
318,20210531.0,5.102584310573154,10.341681534389078
319,20210601.0,3.807193443731281,8.705968060987331
320,20210602.0,4.9907113534100045,10.236368567836715
321,20210603.0,5.462405102687632,10.623280497526617
322,20210604.0,4.689895218610768,9.803594912331492
323,20210607.0,5.81540882834699,9.142993519080893
324,20210608.0,5.896456366950709,8.582453143107966
325,20210609.0,5.9821694663905385,9.175446954568669
326,20210610.0,6.534400888334648,9.483144345904735
327,20210611.0,6.868174301262116,7.978586752861006
328,20210615.0,7.408764962650084,8.889268205702685
329,20210616.0,7.122512145197984,9.474857054567082
330,20210617.0,5.922055712972625,7.670208007322004
331,20210618.0,7.239304599432089,7.804623293693144
332,20210621.0,7.2431616753914865,8.730853605131838
333,20210622.0,6.919315239701114,8.078394944407743
334,20210623.0,7.427287613958616,8.213672285383746
335,20210624.0,5.772020263937249,8.35441739660665
336,20210625.0,6.274372745495644,8.803677325143067
337,20210628.0,7.293767790018202,8.632744550466237
338,20210629.0,5.420518125157916,7.3012253583535776
339,20210630.0,6.668378033077058,6.638289077370862
340,20210701.0,5.015121118075006,6.32604525561116
341,20210702.0,6.732586592601361,8.130803634211109
342,20210705.0,6.158408081412425,7.457955118795224
343,20210706.0,5.554385310451987,6.876963698411027
344,20210707.0,5.665204526232992,6.834944525412648
345,20210708.0,5.696839404138329,6.918787845569183
346,20210709.0,5.191596425301454,6.344952541511073
347,20210712.0,6.874327701143604,8.824026203017354
348,20210713.0,5.912006782696186,6.816611069274102
349,20210714.0,6.170134119092687,7.442026063544343
350,20210715.0,5.065346453557927,7.792328965288754
351,20210716.0,4.688151016764373,6.241133033694703
352,20210719.0,4.849618104148122,7.20360552077483
353,20210720.0,4.858913471868321,7.48088135758696
354,20210721.0,5.54005345931948,8.316817222468256
355,20210722.0,5.442405404961845,7.88409507242083
356,20210723.0,5.7853147959312725,8.515160006740196
357,20210726.0,5.024144471144135,6.95125591631019
358,20210727.0,5.625319911252551,8.35218569084657
359,20210728.0,5.737959677450503,7.835591256190119
360,20210729.0,5.836471123521789,7.7510909730250654
361,20210730.0,5.806120402609165,7.171545241177167
362,20210802.0,6.973774750812661,8.23556519262267
363,20210803.0,6.1017090892951344,7.460016495230191
364,20210804.0,7.156981166850696,7.809417740424466
365,20210805.0,5.662795765249485,6.931922103545537
366,20210806.0,5.684720589369055,7.337304392858412
367,20210809.0,6.152599896776748,7.911025251331952
368,20210810.0,6.166619750171459,7.479135120725996
369,20210811.0,5.712418074949098,7.1061747284216
370,20210812.0,6.094705415580975,7.998275591339465
371,20210813.0,6.186778378251342,7.755022922713678
372,20210816.0,5.431683814744196,7.371685944730438
373,20210817.0,5.804092326542124,8.50053500502194
374,20210818.0,5.901799920769097,8.935313692682666
375,20210819.0,5.510710491821938,8.389672032611696
376,20210820.0,6.045553802053938,8.446929518029995
377,20210823.0,5.5567994558262335,6.947415975269383
378,20210824.0,5.97051881519479,5.780919942095969
379,20210825.0,5.169998425878029,6.4220618382134695
380,20210826.0,5.522308584333588,6.198981166341464
381,20210827.0,4.614709729046801,8.720614753673267
382,20210830.0,4.609606541910817,7.529150512623295
383,20210831.0,4.373078720062808,7.890070796532264
384,20210901.0,4.656038446538432,8.225359398706829
385,20210902.0,4.624862399231127,9.822691185300323
386,20210903.0,4.768867669717184,8.302716497255112
387,20210906.0,5.205618628197306,9.080725720240103
388,20210907.0,4.633596119662253,9.159903886961668
389,20210908.0,5.067063594389829,6.830065554507489
390,20210909.0,4.899645465434636,7.321180769350062
391,20210910.0,6.1932233688087175,7.8331797929480285
392,20210913.0,5.292488538076835,4.829321721948113
393,20210914.0,5.203450467469026,8.456335269030095
394,20210915.0,5.389009053333028,6.570262883315888
395,20210916.0,5.180805928978896,6.339415854298555
396,20210917.0,4.300079645736574,6.2633526840682885
397,20210922.0,4.289014649434225,5.47941026198276
398,20210923.0,4.708155080810096,5.724602652443925
399,20210924.0,4.805902049337435,8.21375785668638
400,20210927.0,4.3960845132163895,7.4591866431831155
401,20210928.0,4.0965705603368034,6.205739286155721
402,20210929.0,3.96764683594756,7.587260682026028
403,20210930.0,4.707602477918062,7.620698104960447
404,20211008.0,4.233951511244785,6.3823478323084375
405,20211011.0,4.636366113058738,7.269952536370333
406,20211012.0,4.0017453029944186,5.8649352845720495
407,20211013.0,4.231678058909832,7.477833979532736
408,20211014.0,4.289377864572444,8.869755893159361
409,20211015.0,4.222229254805812,9.427437493354336
410,20211018.0,4.117293266931388,8.455097592460675
411,20211019.0,4.182339810548895,10.099318700452066
412,20211020.0,4.3308949709441285,8.51893974544141
413,20211021.0,5.482211833814923,7.83060852344967
414,20211022.0,3.992439241292457,8.60349538020219
415,20211025.0,4.7798994639004855,8.17666868946722
416,20211026.0,3.939137411303592,7.96531057812593
417,20211027.0,4.92694883150161,8.519707020376071
418,20211028.0,4.698227012505121,8.271245776513776
419,20211029.0,4.5276011457175125,7.8961151369109
420,20211101.0,4.812165204729829,9.064150872026865
421,20211102.0,4.572789134765294,9.469558219479064
422,20211103.0,4.484755257939701,7.896620538319754
423,20211104.0,3.6347548744639617,8.657134847473573
424,20211105.0,5.094958828488088,7.366983540350064
425,20211108.0,4.7043596729316,8.68577186087539
426,20211109.0,4.4602159626813656,9.200037439831322
427,20211110.0,4.62824428202294,8.577262723191653
428,20211111.0,4.623366864451854,8.027056502990712
429,20211112.0,4.059588621106608,7.680552410461019
430,20211115.0,4.688406545392948,7.422881913937572
431,20211116.0,5.242821020640704,9.005491651676637
432,20211117.0,5.284728461592913,7.911655869197454
433,20211118.0,5.207132514681742,8.393184591045523
434,20211119.0,5.064255327211232,9.247449964945254
435,20211122.0,5.6258570917825965,8.496075404941559
436,20211123.0,5.321296779574917,8.11327278040989
437,20211124.0,5.461391819396792,8.188207783907751
438,20211125.0,5.25346588552482,7.665230290617553
439,20211126.0,4.858248668416712,5.888305086020679
440,20211129.0,5.810581351655447,7.418284855707409
441,20211130.0,5.549789291260238,6.4294897005398015
442,20211201.0,6.320545614679952,5.239719230391151
443,20211202.0,5.479008243426392,7.595004895674796
444,20211203.0,5.188507664542179,7.713908937415144
445,20211206.0,5.875088263624942,4.905150674893757
446,20211207.0,5.2047493290033495,5.202488248924271
447,20211208.0,5.17256852893095,6.465845761532307
448,20211209.0,5.570906454702033,6.062078387687808
449,20211210.0,5.359976669123218,5.9918434446678805
450,20211213.0,5.245049189752789,7.775269361459386
451,20211214.0,5.890957859583477,7.419664263391541
452,20211215.0,6.284010988866052,7.82548502152593
453,20211216.0,5.283940844748078,6.462551556397255
454,20211217.0,5.478755980406152,6.338919521108775
455,20211220.0,4.342276329590921,4.721775603975726
456,20211221.0,4.930002369765294,4.597968248574709
457,20211222.0,4.927870337770287,5.939965221297928
458,20211223.0,5.24268526938717,6.716265287844998
459,20211224.0,4.66740120059081,5.853431098036324
460,20211227.0,4.187350666242124,5.2801672844416965
461,20211228.0,4.235237156388518,5.186457623800855
462,20211229.0,4.029841881841607,5.492295659017758
463,20211230.0,5.069687906686559,5.48804862547508
464,20211231.0,5.071385674563955,6.91184034956454
465,20220104.0,5.127531000251377,6.719649679253292
466,20220105.0,4.965141590951976,5.776060180610834
467,20220106.0,5.4905678619676985,8.268829928322779
468,20220107.0,5.2340622434208175,9.538150404805036
469,20220110.0,5.341965755838522,6.514950380931789
470,20220111.0,5.907592202400893,7.783499433373096
471,20220112.0,4.92446357435286,5.39922839393128
472,20220113.0,5.2927835694184,7.418647202632056
473,20220114.0,4.958844099114493,9.532355925556253
474,20220117.0,6.929168739032331,8.945040163895568
475,20220118.0,6.0521896274855695,7.024237155976752
476,20220119.0,5.833412938750249,8.124896715580508
477,20220120.0,6.287051576626949,8.407376244233243
478,20220121.0,6.37266032349297,6.105903478522587
479,20220124.0,6.60288458436737,6.022728726488567
480,20220125.0,5.9435806434889695,9.336422185457735
481,20220126.0,6.837374032235998,7.654665006779644
482,20220127.0,6.910365409062937,8.820399570991071
483,20220128.0,7.174412682148205,8.762897953306037
484,20220207.0,6.5429130092683465,8.804193239705025
485,20220208.0,6.024660349433814,8.14267020499302
486,20220209.0,6.139053729145622,8.22255769626784
487,20220210.0,5.391048845762104,7.221254377669322
488,20220211.0,6.212391649442563,7.784083355659094
489,20220214.0,6.60753501161973,7.682915879488331
490,20220215.0,5.077803503403228,7.726839931597566
491,20220216.0,5.681724765676768,5.410855934057506
492,20220217.0,4.8265398808437,6.540042684174513
493,20220218.0,6.24146074450538,6.097492640656737
494,20220221.0,6.52325499595195,6.169461271581982
495,20220222.0,6.885466169167587,5.861844087272789
496,20220223.0,6.801139571244056,6.795977840264398
497,20220224.0,7.11959737154167,6.820652970974541
498,20220225.0,6.769445110478252,7.128939561193311
499,20220228.0,6.719489977815345,8.00500054822688
500,20220301.0,7.078715217133853,7.938013024662809
501,20220302.0,7.53567851871219,8.127886554757684
502,20220303.0,5.1047859313787,8.748289850876839
503,20220304.0,5.660906923681063,5.885606934757917
504,20220307.0,6.789963183483351,9.1846119588893
505,20220308.0,6.017576363618876,9.209437325317255
506,20220309.0,6.3328284024877615,9.344567070200256
507,20220310.0,7.140799212275749,8.416368670442615
508,20220311.0,5.437477089612969,8.444396524779705
509,20220314.0,7.168331767916511,8.316683911286823
510,20220315.0,6.089569694876101,9.165171907274278
511,20220316.0,6.412576819177346,8.357181895161403
512,20220317.0,5.479231271537689,9.709154942650908
513,20220318.0,5.220021289998703,7.534440726510496
514,20220321.0,6.6303531421950455,8.20975200583791
515,20220322.0,5.643270621775759,7.1607192438277885
516,20220323.0,5.920870532528839,6.270448026788135
517,20220324.0,5.148639453931889,6.423056289769198
518,20220325.0,5.207370810054363,6.857246072355847
519,20220328.0,5.702877206519587,8.9449585399134
520,20220329.0,5.871375150567744,5.999983253887109
521,20220330.0,5.900060396593008,6.775041912325271
522,20220331.0,5.154626748524435,6.797975682575784
523,20220401.0,6.212899756891761,7.557509454658771
524,20220406.0,4.967845060479226,6.087068362395372
525,20220407.0,5.8346343805161895,7.536723742614745
526,20220408.0,4.845471908615536,6.196959871294582
527,20220411.0,5.791029214675222,7.66562286966094
528,20220412.0,6.307429382237294,9.398384576106752
529,20220413.0,5.37916306276072,8.441519929409838
530,20220414.0,5.180539266305491,7.274513640844268
531,20220415.0,5.451049089253703,6.677974100335695
532,20220418.0,5.787563427104451,6.117331996141924
533,20220419.0,5.3344264119025455,8.830263859203384
534,20220420.0,5.399633524117429,7.984259682969074
535,20220421.0,4.85550128981288,9.029140433249816
536,20220422.0,4.067722299212892,6.9314157625873785
537,20220425.0,4.410652449559144,5.81770754708717
538,20220426.0,4.895127251552074,6.851192557615178
539,20220427.0,5.29733073296149,8.853598449266206
540,20220428.0,5.298195168551365,9.586751027551822
541,20220429.0,5.545313501742728,7.710654610264997
542,20220505.0,5.64651459473063,6.581290660003796
543,20220506.0,5.253504453554454,7.169002245164367
544,20220509.0,5.260903798945312,6.553173601005312
545,20220510.0,5.076273315719309,8.46870154501584
546,20220511.0,5.846424301864974,9.391525543060729
547,20220512.0,4.964126117468496,9.416716100060194
548,20220513.0,5.096226361940463,8.459819327793236
549,20220516.0,4.541345634141133,8.425911982632337
550,20220517.0,4.688428898865754,7.805696634669615
551,20220518.0,4.034404091843002,8.128544464394833
552,20220519.0,4.738130501400938,9.277149685445949
553,20220520.0,4.192108253869339,7.506072576590287
554,20220523.0,3.9162261672953393,8.550408455482707
555,20220524.0,4.959805349999228,10.117986065707376
556,20220525.0,4.74798215052108,8.688609752075582
557,20220526.0,3.648694312913669,8.529087211155325
558,20220527.0,3.5523423319675094,7.990236518338597
559,20220530.0,4.88069432472154,8.714087037201901
560,20220531.0,3.8316502537630415,7.398058080256107
561,20220601.0,4.840153120423281,8.304934141024688
562,20220602.0,4.063465747112188,7.507447964177833
563,20220606.0,4.6672515184965215,8.741305446714012
564,20220607.0,4.364031752949567,7.600011010769093
565,20220608.0,5.207601562838566,7.938363030773344
566,20220609.0,3.8855347805532015,8.13573404426558
567,20220610.0,4.939995113487671,8.583173556121613
568,20220613.0,4.1969733947263945,8.697529160716172
569,20220614.0,4.231747958234619,7.932558905238587
570,20220615.0,4.059048311983571,8.607457020760576
571,20220616.0,3.925988337993519,8.664567861860904
572,20220617.0,4.095037262734344,7.875107784699543
573,20220620.0,4.29426734473468,8.791468774602574
574,20220621.0,4.248425503118045,7.424550618491447
575,20220622.0,4.035306981574635,8.446090677446069
576,20220623.0,4.248091720224695,7.069640379765402
577,20220624.0,3.942361881306964,6.775199207805418
578,20220627.0,4.548385111957617,7.2012110092232815
579,20220628.0,4.744466828959299,5.869989768740963
580,20220629.0,4.298505764951911,6.424765808599503
581,20220630.0,3.6970446196444056,6.801398110109188
582,20220701.0,4.388450007660014,7.03201239554039
583,20220704.0,4.46674696362607,7.06038676545714
584,20220705.0,4.972336590835742,7.824917111998165
585,20220706.0,4.7004898450834585,8.047371569372984
586,20220707.0,5.376133713660104,7.53434343335722
587,20220708.0,5.330105246592908,7.070368553498812
588,20220711.0,4.2886845926321495,8.898441768135177
589,20220712.0,4.358289569192045,6.795197460836414
590,20220713.0,5.196966527419521,7.677564168246376
591,20220714.0,5.811213088405709,7.350186065650041
592,20220715.0,5.416019873796498,6.521207166661797
593,20220718.0,4.084055832015956,8.395372652842033
594,20220719.0,5.170166028424576,6.764004777697798
595,20220720.0,4.91523973586037,7.4275550790962415
596,20220721.0,5.263858381500598,5.766543927980701
597,20220722.0,5.043593133554819,8.141419616942327
598,20220725.0,4.291181902246697,8.772306879269456
599,20220726.0,4.380996625496331,8.354897453331178
600,20220727.0,4.169388814318739,7.738421857210849
601,20220728.0,4.502539773282738,8.649917815471309
602,20220729.0,4.731780256792492,7.99565685116551
603,20220801.0,4.097669719572578,5.548994458324083
604,20220802.0,4.205749771490085,5.749913972893445
605,20220803.0,4.596042213088894,6.678417425105514
606,20220804.0,5.3724528545144405,7.245289767767699
607,20220805.0,5.7829795357188765,6.350787034071357
608,20220808.0,4.085425587738851,7.193548460677595
609,20220809.0,4.599041733465306,8.986473712442885
610,20220810.0,4.435336229483831,8.311968226505416
611,20220811.0,5.208588798019073,8.176578248339132
612,20220812.0,4.76227387511959,9.84820939691017
613,20220815.0,5.1677633363172655,8.41658230223803
614,20220816.0,5.374070155292095,9.117172699016573
615,20220817.0,6.259244160935071,8.172807704277545
616,20220818.0,5.589943209781684,9.064497745013313
617,20220819.0,5.630561038081627,8.81232317589295
618,20220822.0,4.365093237007426,6.500408390432302
619,20220823.0,4.427605230636742,7.021138899966278
620,20220824.0,5.785940354002003,7.4157678453613585
621,20220825.0,4.344130061265779,7.788233106669781
622,20220826.0,4.811799085110849,8.039019381768306
623,20220829.0,5.640645743077269,5.4517500281193385
624,20220830.0,5.14128090193909,7.394222471513252
625,20220831.0,5.433342344577657,5.705953133724858
626,20220901.0,5.667338674408813,6.288281723424124
627,20220902.0,5.559541632239031,6.243146930394219
628,20220905.0,6.47349150643874,5.602923894488106
629,20220906.0,6.566748950899133,5.153681839724362
630,20220907.0,6.842527511884719,5.18020834535663
631,20220908.0,4.964539691844968,6.512994124196982
632,20220909.0,5.460214534168501,5.403591512008679
633,20220913.0,5.761876266057015,5.406069280818646
634,20220914.0,6.17075754652715,6.112490324592377
635,20220915.0,5.039490568742586,6.845553087955092
636,20220916.0,5.476303322586714,7.615773884643989
637,20220919.0,5.890551716028347,6.685959841120753
638,20220920.0,5.674233906867778,6.414666109908055
639,20220921.0,4.880165623413652,8.132130255307363
640,20220922.0,5.717335612273649,8.331962862874736
641,20220923.0,4.6626816829195175,9.00772718382384
642,20220926.0,5.526664466724856,8.466302102975865
643,20220927.0,4.435788942219492,7.764677067668805
644,20220928.0,4.891523285402854,8.187812498350674
645,20220929.0,5.296883208544188,8.265909726217414
646,20220930.0,5.824840182645682,7.08113547296272
647,20221010.0,6.838546394305149,7.525644446051809
648,20221011.0,5.668937574312504,7.889384868350231
649,20221012.0,5.448297473109407,6.524514270385948
650,20221013.0,7.084913325161893,7.856254082422479
651,20221014.0,5.510874610009513,8.536828603462236
652,20221017.0,5.575752156846519,8.587545961165938
653,20221018.0,5.699486316148036,8.346541756184992
654,20221019.0,5.808095478549853,8.192503984783317
655,20221020.0,7.003607606265622,8.62218680578334
656,20221021.0,5.319698568328195,8.179278859945576
657,20221024.0,5.763940241564319,8.196377973380548
658,20221025.0,4.769179064598267,6.953001946105865
659,20221026.0,5.800455624673622,8.267543305401924
660,20221027.0,5.92109313910125,7.393470834778735
661,20221028.0,5.343216045087354,7.217754913192447
662,20221031.0,7.186120777467017,7.562099847471972
663,20221101.0,5.814552851207919,7.377928961879976
664,20221102.0,6.7242982483851765,7.308802713477362
665,20221103.0,6.54762249580222,8.977020094628994
666,20221104.0,6.779719047453653,9.821928689137966
667,20221107.0,6.516044579464944,8.55826651366048
668,20221108.0,5.605907206727034,7.834689624158522
669,20221109.0,6.44722104324315,7.792006444488424
670,20221110.0,6.726722413412002,7.949195846096994
671,20221111.0,5.290501227923956,9.237531448907712
672,20221114.0,5.717770635534652,8.188840249915078
673,20221115.0,6.0502251982378015,6.374889416098979
674,20221116.0,5.421685073546346,8.819589292036957
675,20221117.0,5.692311755709428,7.368945974316269
676,20221118.0,6.262318265906613,8.577543291959133
677,20221121.0,5.591477337770118,7.654886771821374
678,20221122.0,4.892784316058924,6.088682936002837
679,20221123.0,4.667002486109612,8.637311451539729
680,20221124.0,5.628796895931228,8.524231264952823
681,20221125.0,5.486847470147728,5.146812091515025
682,20221128.0,5.239545820521606,4.644221891595052
683,20221129.0,4.792909871872518,6.277963110669052
684,20221130.0,5.273948277779631,6.713027858911225
685,20221201.0,5.241407924669944,6.607070508282382
686,20221202.0,4.864207561770147,6.018057282096174
687,20221205.0,5.294596243136928,6.46653813825839
688,20221206.0,5.56096351609024,6.5054631355207775
689,20221207.0,4.50210648814981,5.653302481217162
690,20221208.0,4.716584173345265,6.320607926840074
691,20221209.0,5.899087546008832,6.542391772322366
692,20221212.0,5.276294418204148,7.107161457967281
693,20221213.0,4.774688180251891,6.334045865316032
694,20221214.0,4.677798932863651,6.152579107081506
695,20221215.0,5.149463113299086,7.668314322048349
696,20221216.0,5.745908131811525,7.590029411631647
697,20221219.0,5.122098158963233,7.017146486214364
698,20221220.0,4.927117060876611,7.343707935022559
699,20221221.0,5.094941328560737,6.662406972440109
700,20221222.0,5.632804470818745,7.325088129047538
701,20221223.0,5.847515015813349,7.80468417469465
702,20221226.0,5.300718318530774,9.368941274456851
703,20221227.0,5.4699136393998495,8.362755848667597
704,20221228.0,5.27293607304031,8.185036964306548
705,20221229.0,5.648902980038624,8.525628704510156
706,20221230.0,5.935354779561457,6.834087000229091
707,20230103.0,6.245211292286045,6.74521907950619
708,20230104.0,6.379508548348894,7.388878098444525
709,20230105.0,5.502900905944627,8.513957168656033
710,20230106.0,4.76729285540825,5.085355207682776
711,20230109.0,4.688472932756046,8.1881099176567
712,20230110.0,4.299694788331347,5.916572036477637
713,20230111.0,5.094136196949241,8.208233719664353
714,20230112.0,5.091660915338929,8.234736059931995
715,20230113.0,5.645882337994917,7.967181625147266
716,20230116.0,5.100324628123404,7.6416332739905775
717,20230117.0,5.604797886156201,6.853136364124277
718,20230118.0,5.793319849725725,8.58040616340887
719,20230119.0,6.522528115095308,9.336885838226468
720,20230120.0,5.5909840360656045,8.892040262424938
721,20230130.0,5.425105060583622,8.080330415255375
722,20230131.0,5.725164396244872,7.356248767532238
723,20230201.0,5.5580992603642505,8.54814480975233
724,20230202.0,5.9253116129108605,7.064827162012729
725,20230203.0,6.148380789175657,7.118948931985588
726,20230206.0,5.708272491155054,6.391593848065543
727,20230207.0,5.236380088898912,6.702752094842785
728,20230208.0,6.101879722291104,6.613382677054716
729,20230209.0,5.804976819368878,7.119438526262168
730,20230210.0,5.939605654317325,7.447307140288426
731,20230213.0,6.016629821203482,7.196402774386745
732,20230214.0,5.5826464309676265,7.613250496171984
733,20230215.0,5.9115070164614485,7.530469597961482
734,20230216.0,5.793324601413562,7.850281599830548
735,20230217.0,5.75698237371809,7.30465411880597
736,20230220.0,5.380799930503046,7.070496599149862
737,20230221.0,6.829984434977847,8.902080239716666
738,20230222.0,6.14036492771569,7.332943530636342
739,20230223.0,5.443236410826718,7.2067653690828495
740,20230224.0,6.24454105969301,7.07171933664527
741,20230227.0,5.588897763484409,7.552641876958086
742,20230228.0,5.871529985198792,7.871118444556504
743,20230301.0,5.461672354148837,7.415129073915429
744,20230302.0,5.811650165468575,7.966128996521371
745,20230303.0,4.972384357086055,6.764647505632907
746,20230306.0,5.840343458079949,8.271518120570516
747,20230307.0,6.154398185763406,7.925260844472081
748,20230308.0,6.19186410099133,7.5126665260271075
749,20230309.0,6.176744240945992,6.814803069533737
750,20230310.0,6.000078239192049,8.132599821180769
751,20230313.0,5.384118710320614,7.0445549640772605
752,20230314.0,4.520521627735114,7.628904714358336
753,20230315.0,5.805822386446231,7.908022751138989
754,20230316.0,5.69813421542623,7.800375718491381
755,20230317.0,4.150617437842588,7.14659627137193
756,20230320.0,5.540874584591695,7.819082011959728
757,20230321.0,5.541761519145307,5.36911800309984
758,20230322.0,5.688137254132321,6.209289203998338
759,20230323.0,5.336226068710076,6.589121204479079
760,20230324.0,4.621028791932123,8.084131474647503
761,20230327.0,6.240816287032898,7.666397559187278
762,20230328.0,6.068437432512666,6.732355426910592
763,20230329.0,5.407979648813423,7.648791878896872
764,20230330.0,5.483716242512041,7.879294520234783
765,20230331.0,5.150680705141704,5.208117750207215
766,20230403.0,5.688373109521439,8.077117656805068
767,20230404.0,7.036799850703716,7.666058024313851
768,20230406.0,6.74259081186155,7.475255667275632
769,20230407.0,7.385174671346382,7.6881127055967475
770,20230410.0,6.163506408348836,8.084282145274921
771,20230411.0,6.488284019692632,8.240698580049667
772,20230412.0,6.38471857092139,8.932731672999351
773,20230413.0,6.072309093085464,6.430427905051127
774,20230414.0,5.963699732116896,8.485752760022088
775,20230417.0,6.447073811558967,5.000104891570566
776,20230418.0,6.827268148225175,5.559586720136
777,20230419.0,6.367595330156462,7.410690466855931
778,20230420.0,5.690278162851308,7.437485324655414
779,20230421.0,6.173519847335321,7.767625600756924
780,20230424.0,6.360086579077718,7.508186943753554
781,20230425.0,6.169616104591566,7.599793375182186
782,20230426.0,6.768913939994092,8.251469274689393
783,20230427.0,5.932797786974773,5.498119039487295
784,20230428.0,6.392479806637094,5.603221385112493
785,20230504.0,6.500652288591208,7.879510740767568
786,20230505.0,6.865592589996048,5.964936764384326
787,20230508.0,6.548431946568626,7.983732688742886
788,20230509.0,5.718993202862476,5.527336965023334
789,20230510.0,5.293783942506242,5.340911068967885
790,20230511.0,5.308810047831894,4.566108196015969
791,20230512.0,5.427381480322032,4.896317785840477
792,20230515.0,5.294815547371742,4.624804861719463
793,20230516.0,4.698529954391154,7.175638719912364
794,20230517.0,5.3875248254551344,7.03931965416948
795,20230518.0,4.424975935835653,4.533053175828684
796,20230519.0,5.397376698392786,7.813313162838175
797,20230522.0,5.882032606419993,7.684063012507254
798,20230523.0,5.763557297668231,7.289928517782436
799,20230524.0,6.7136302207901135,7.050629499521527
800,20230525.0,5.480153136109835,7.7479405324501665
801,20230526.0,4.922521761481962,7.244614826845714
802,20230529.0,4.979334089297151,7.484678488745717
803,20230530.0,4.984440067427543,7.747835434107556
804,20230531.0,5.547200821116861,7.764762515060579
805,20230601.0,5.068522044118276,6.974861128495324
806,20230602.0,5.217262131824928,6.926217923317085
807,20230605.0,4.854076576385335,4.471801027648093
808,20230606.0,4.593903348403814,6.54013677935609
809,20230607.0,5.460023435167848,7.717709566508691
810,20230608.0,4.917257126573371,4.45343769614741
811,20230609.0,5.647376674299137,8.466945240205142
812,20230612.0,4.381508368240855,4.695192269682685
813,20230613.0,4.559285333399797,5.9820588452509975
814,20230614.0,4.225074435008298,6.570402098275773
815,20230615.0,4.480514001955296,5.004022140714517
816,20230616.0,4.690095248152927,7.596846547554519
817,20230619.0,4.80487184375039,6.360996539017653
818,20230620.0,4.835926498684554,8.145054251134285
819,20230621.0,4.725996707017389,6.95219896378434
820,20230626.0,4.308633633272583,7.260423997845123
821,20230627.0,4.120354988184097,6.216144599915101
822,20230628.0,4.479974827284789,7.134425530920219
823,20230629.0,4.131187185171132,7.150669675713536
824,20230630.0,4.734175651655171,6.278507954256139
825,20230703.0,4.758859126483461,7.00254784946217
826,20230704.0,4.981701699164625,6.764058720560292
827,20230705.0,5.543737730029323,5.234537028639662
828,20230706.0,6.212719519015545,5.708040189514222
829,20230707.0,6.07720909632344,7.342142305474901
830,20230710.0,5.262736111346719,7.531458346575361
831,20230711.0,4.9503058259866215,7.978838889342449
832,20230712.0,5.067110907555373,5.974342485998861
833,20230713.0,5.334171908557313,6.494668672954058
834,20230714.0,5.836883234909223,6.2128520111019006
835,20230717.0,5.306263194249755,7.317719815228743
836,20230718.0,5.402966931659036,4.386713497310248
837,20230719.0,5.011462005797584,4.634947237332801
838,20230720.0,5.830155619622079,6.487255254198886
839,20230721.0,5.926511281889839,9.10854481802625
840,20230724.0,5.150761864790448,7.166720062100974
841,20230725.0,4.811422762989484,7.544208271711528
842,20230726.0,5.482405951425894,6.541586862168352
843,20230727.0,6.168709689687379,4.85566588307457
844,20230728.0,6.267096561484948,7.683515057069805
845,20230731.0,5.616038562323891,4.3034184474478
846,20230801.0,6.138680546628499,4.679360632171351
847,20230802.0,4.46312716406945,6.9629496830461495
848,20230803.0,4.849625978328348,5.04981883471089
849,20230804.0,5.263393914096244,5.287126896038839
850,20230807.0,5.626666100809027,5.630995163873124
851,20230808.0,4.313856637664279,5.272557097068865
852,20230809.0,4.220058128199055,6.18631866746635
853,20230810.0,4.482623688575717,4.143419608210225
854,20230811.0,5.318911643043937,5.321587304939641
855,20230814.0,4.676418119904404,4.45396378085429
856,20230815.0,4.872840427162861,6.105728644219763
857,20230816.0,4.503369517491852,4.310720442042203
858,20230817.0,4.66359915934939,6.523923497857981
859,20230818.0,4.822307160104547,7.677065206843563
860,20230821.0,6.084055298927722,7.400738121635632
861,20230822.0,5.989008179665853,5.5808820028762485
862,20230823.0,6.498069051142442,9.743335209056989
863,20230824.0,5.443294836040051,7.484797589352928
864,20230825.0,5.6617070964632354,8.48836312661194
865,20230828.0,6.031551353997217,8.707368094110768
866,20230829.0,5.397965458681837,7.072510230675931
867,20230830.0,6.675005208496448,5.755789957016812
868,20230831.0,7.157142451531505,6.160306183793538
869,20230901.0,5.600218208981614,7.752068530616866
870,20230904.0,6.566332475110211,8.963527477174317
871,20230905.0,6.953990884512865,8.727293620144563
872,20230906.0,7.706168989780064,8.718769940970327
873,20230907.0,7.38862677337912,9.006154611203186
874,20230908.0,6.060341327765154,8.993408229167182
875,20230911.0,5.909981935433142,7.2384477390766495
876,20230912.0,5.217655134355899,5.14043209058503
877,20230913.0,6.400114379806972,8.016687031987464
878,20230914.0,6.207078415738329,6.78937780557813
879,20230915.0,5.504450964986755,6.530356564714749
880,20230918.0,5.229222868941665,6.756009514371033
881,20230919.0,5.1948332689611645,7.323897049072922
882,20230920.0,5.1826658383082265,8.786125252778934
883,20230921.0,5.027465047008363,8.163270602490094
884,20230922.0,5.574779934754343,7.143056367422671
885,20230925.0,5.391857562360525,7.658214225807217
886,20230926.0,5.469155598684575,7.961943469697873
887,20230927.0,5.065088849929244,6.334478009989382
888,20230928.0,6.225801025778239,5.67520539254994
889,20231009.0,5.622196505812762,8.249866729517027
890,20231010.0,5.622430561663064,8.24269952542133
891,20231011.0,5.379579391200885,7.010750746837256
892,20231012.0,5.983363471371651,7.629272388420038
893,20231013.0,5.183676869754638,5.444263774184857
894,20231016.0,5.483494060419848,7.585790831237881
895,20231017.0,5.414178848925528,5.6275444729130175
896,20231018.0,5.053402046963218,7.159318097502482
897,20231019.0,5.379619753076428,7.950711247568837
898,20231020.0,5.414969414557638,8.011793323184868
899,20231023.0,6.246274872190474,6.590167977749289
900,20231024.0,5.74678145984533,9.23877125918091
901,20231025.0,6.5189892012048976,8.569440427387047
902,20231026.0,6.790683949672334,7.6865823174104095
903,20231027.0,6.224036403252013,10.35740303753645
904,20231030.0,6.14208208194958,9.447501370769643
905,20231031.0,6.3417549546134095,9.137980508080908
906,20231101.0,6.006487845290411,7.6287744573790945
907,20231102.0,5.300410569731351,7.521146426502399
908,20231103.0,6.034581680404191,5.64340297158681
909,20231106.0,5.833839285961479,6.35499442415764
910,20231107.0,5.3771630027424,5.013826639892621
911,20231108.0,6.633970668876063,9.463511233230458
912,20231109.0,7.063034806528145,8.511408580059827
913,20231110.0,6.182825976714787,9.448737776089
914,20231113.0,6.069521318245587,10.698123207095874
915,20231114.0,6.55958239268645,5.659321839673898
916,20231115.0,5.526351411313433,8.763688047813629
917,20231116.0,6.278746492755124,7.781724187471167
918,20231117.0,7.4006787363229956,5.248591258888078
919,20231120.0,5.921479100732019,8.333498199849853
920,20231121.0,6.337690390234016,6.359944055918691
921,20231122.0,5.73313386659356,7.520637265473601
922,20231123.0,5.727860530631808,7.630592783987815
923,20231124.0,6.430115085404726,6.284213495862793
924,20231127.0,6.36662426264444,5.711716214271844
925,20231128.0,6.005639666093566,4.323534559150174
926,20231129.0,6.391795083858433,4.478045447626775
927,20231130.0,5.8534518905583015,6.821038493456156
928,20231201.0,6.449498527847533,4.797181092829007
929,20231204.0,5.431885901456201,8.271315131369382
930,20231205.0,5.770101756389963,7.593470724044114
931,20231206.0,7.120361410582071,7.619532104469379
932,20231207.0,5.553688485933931,7.684363125462957
933,20231208.0,6.616584752088484,5.922625858731464
934,20231211.0,6.115656891022781,8.54783288381909
935,20231212.0,5.747425668580205,7.200372126060616
936,20231213.0,6.352197398592931,8.166429522109226
937,20231214.0,5.110375479019144,6.639376861433328
938,20231215.0,5.6915068203753485,9.241315700496887
939,20231218.0,4.952439300132719,6.660925198272105
940,20231219.0,5.055006206013159,7.524881527237768
941,20231220.0,7.348238784215358,7.007483541515351
942,20231221.0,6.350388747892554,7.34686796394195
943,20231222.0,6.848307748372195,6.42843804339176
944,20231225.0,6.513915884840814,7.728296256082874
945,20231226.0,6.718319346887343,6.168706604474019
946,20231227.0,6.813363254084896,6.170297985103614
947,20231228.0,6.287080157275649,7.950151832711748
948,20231229.0,5.374188648124319,7.35629478261849
949,20240102.0,5.592939099372728,7.6188717321040285
950,20240103.0,5.933413842092312,7.572780302839133
951,20240104.0,6.046252568879738,8.42980741834461
952,20240105.0,6.728367694729855,9.828980382630377
953,20240108.0,6.746710546191719,8.956105204874246
954,20240109.0,5.972202000566355,6.374433735377703
955,20240110.0,5.919309939986932,6.714746461459196
956,20240111.0,7.194493903423244,9.898402112129606
957,20240112.0,7.0230622252270605,9.23246662210548
958,20240115.0,5.339276009119953,6.151457081567799
959,20240116.0,5.795506460398755,6.084018064379187
960,20240117.0,6.231059299412086,4.121464611847202
961,20240118.0,6.21193554413617,5.117126449754667
962,20240119.0,5.572463493762053,6.637651177576158
963,20240122.0,6.088058157587274,7.165063963390256
964,20240123.0,5.192877828776331,7.876344280541888
965,20240124.0,5.722375805190702,8.380655196797324
966,20240125.0,5.94294037556191,7.602555540697351
967,20240126.0,5.731555277519311,7.39769337472756
968,20240129.0,5.208744754079958,5.699932755702666
969,20240130.0,5.276313289830846,6.759782544756923
970,20240131.0,6.119701983485674,7.34896253304225
971,20240201.0,6.193528331108583,6.666875095009997
972,20240202.0,5.447533771935937,8.235016757532254
973,20240205.0,5.181538447680205,7.394210125253503
974,20240206.0,5.633593270239016,7.378315877851831
975,20240207.0,5.7330581089833865,7.81528901684625
976,20240208.0,6.839175725376663,9.23243424795149
977,20240219.0,6.394429738514713,7.868594363977928
978,20240220.0,6.443502016949116,8.258631315001688
979,20240221.0,6.6528860508392365,7.392182145848148
980,20240222.0,5.705214294393295,9.219255333136744
981,20240223.0,6.336870999065284,8.67457021084857
982,20240226.0,5.146373681896587,5.798870687509198
983,20240227.0,6.715949960475695,5.517849362559691
984,20240228.0,6.030569983882187,6.6807277987374825
985,20240229.0,4.5267562089696405,9.736079524197532
986,20240301.0,5.831237788328481,8.514439662449279
987,20240304.0,5.340107522126736,8.789672544516012
988,20240305.0,5.186732950644657,8.734974698144574
989,20240306.0,5.350272743527474,9.1129972176952
990,20240307.0,5.420106426992459,8.641390846212833
991,20240308.0,6.462424766991896,7.811708996481744
992,20240311.0,5.495418077480712,8.15032489492653
993,20240312.0,6.313785872030979,8.152994255894205
994,20240313.0,6.035429896993996,8.054730966495057
995,20240314.0,6.085251290717473,8.572538315510666
996,20240315.0,7.453327491846825,8.130474435828752
997,20240318.0,5.95606363453765,7.33152646434629
998,20240319.0,5.954308347906591,10.282936565323912
999,20240320.0,5.707137691983963,7.461554308227451
1000,20240321.0,5.6131868571131385,8.604867622149614
1001,20240322.0,5.5019036693589385,8.562856114349808
1002,20240325.0,5.027517884848559,10.778040927991908
1003,20240327.0,6.5684166762082725,7.75556842219015
1004,20240328.0,6.38519002964143,8.67673251147172
1,20240401.0,5.942484123416531,9.089967068254797
