,trade_date,ts_code,industry,name,pct_chg,limit_amount,fd_amount,first_time,last_time,open_times,up_stat,limit_times,limit
0,20231201,000151.SZ,贸易行业,中成股份,10.0,,27122687.0,133500,141406,1,1/1,1,U
1,20231201,000526.SZ,教育,学大教育,10.0,,2342010.0,112642,145636,2,1/1,1,U
2,20231201,000628.SZ,工程建设,高新发展,10.0,,101919312.0,144418,144651,2,1/1,1,U
3,20231201,000838.SZ,房地产开发,财信发展,10.0,,75377213.0,102215,102215,0,1/1,1,U
4,20231201,000851.SZ,通信设备,高鸿股份,9.94,,64140285.0,94554,101827,4,1/1,1,U
5,20231201,001234.SZ,纺织服装,泰慕士,10.0,,20447974.0,95239,100515,2,1/1,1,U
6,20231201,002174.SZ,游戏,游族网络,10.01,,93750880.0,93333,111103,2,1/1,1,U
7,20231201,002224.SZ,橡胶制品,三 力 士,9.96,,76859640.0,93909,93909,0,1/1,1,U
8,20231201,002232.SZ,互联网服,启明信息,9.98,,68126243.0,93239,94109,3,1/1,1,U
9,20231201,002269.SZ,纺织服装,美邦服饰,9.94,,45973226.0,100539,100539,0,1/1,1,U
10,20231201,002281.SZ,通信设备,光迅科技,9.99,,62819928.0,131218,142148,3,1/1,1,U
11,20231201,002313.SZ,通信设备,日海智能,9.99,,72746499.0,141257,141257,0,2/2,2,U
12,20231201,002315.SZ,互联网服,焦点科技,10.0,,30850097.0,101151,132351,1,1/1,1,U
13,20231201,002366.SZ,电源设备,融发核电,9.94,,47263577.0,133006,133006,0,1/1,1,U
14,20231201,002374.SZ,包装材料,中锐股份,9.95,,27647729.0,131651,131651,0,1/1,1,U
15,20231201,002575.SZ,房地产服务,群兴玩具,10.08,,4808642.0,100448,135248,13,1/1,1,U
16,20231201,002605.SZ,游戏,姚记科技,10.0,,87703880.0,134712,134712,0,1/1,1,U
17,20231201,002757.SZ,专用设备,南兴股份,9.99,,87782163.0,135103,135103,0,1/1,1,U
18,20231201,002767.SZ,仪器仪表,先锋电子,9.99,,24831287.0,100951,100951,0,2/2,2,U
19,20231201,002858.SZ,文化传媒,力盛体育,10.01,,74979072.0,132342,132342,0,1/1,1,U
20,20231201,300418.SZ,互联网服,昆仑万维,20.0,,356109408.0,135821,135821,0,1/1,1,U
21,20231201,300494.SZ,游戏,盛天网络,20.03,,100850180.0,132115,132115,0,1/1,1,U
22,20231201,300624.SZ,软件开发,万兴科技,20.0,,55385385.0,141633,143457,1,1/1,1,U
23,20231201,300781.SZ,文化传媒,因赛集团,20.0,,62017401.0,93912,93912,0,1/1,1,U
24,20231201,301052.SZ,文化传媒,果麦文化,19.99,,50382525.0,135954,135954,0,1/1,1,U
25,20231201,600128.SH,贸易行业,苏豪弘业,10.01,,48589000.0,93147,93502,3,1/1,1,U
26,20231201,600178.SH,汽车零部件,东安动力,9.99,,66170236.0,102516,112046,0,9/17,7,U
27,20231201,600228.SH,互联网服,返利科技,9.99,,85616452.0,93114,93114,0,1/1,1,U
28,20231201,600246.SH,房地产开发,万通发展,9.97,,23613560.0,133746,142531,4,1/1,1,U
29,20231201,600250.SH,贸易行业,南京商旅,10.02,,158309055.0,92501,92501,0,4/4,4,U
30,20231201,600408.SH,煤炭行业,安泰集团,10.16,,4286964.0,95824,145103,2,1/1,1,U
31,20231201,600571.SH,互联网服,信雅达,9.96,,256516998.0,92502,92502,0,2/2,2,U
32,20231201,600593.SH,旅游酒店,大连圣亚,10.02,,51409926.0,93008,93008,0,2/2,2,U
33,20231201,600661.SH,教育,昂立教育,10.03,,37423227.0,100139,100139,0,1/1,1,U
34,20231201,600686.SH,汽车整车,金龙汽车,10.01,,85659754.0,105029,105029,0,1/1,1,U
35,20231201,600730.SH,教育,中国高科,10.02,,708981.0,134353,150000,6,1/1,1,U
36,20231201,601595.SH,文化传媒,上海电影,10.01,,10640740.0,140509,140509,0,1/1,1,U
37,20231201,603023.SH,汽车零部件,威帝股份,9.98,,60303228.0,93001,102728,8,3/3,3,U
38,20231201,603189.SH,软件开发,网达软件,10.02,,35105192.0,93209,94345,2,1/1,1,U
39,20231201,603211.SH,汽车零部件,晋拓股份,9.98,,330639810.0,100406,100406,0,4/4,4,U
40,20231201,603536.SH,食品饮料,惠发食品,9.99,,39514962.0,93249,130343,4,6/6,6,U
41,20231201,603598.SH,文化传媒,引力传媒,10.01,,60343506.0,94242,95800,2,7/12,1,U
42,20231201,603697.SH,食品饮料,有友食品,10.02,,16290947.0,93830,134906,3,1/1,1,U
43,20231201,603719.SH,食品饮料,良品铺子,10.01,,55187502.0,93109,93109,0,1/1,1,U
44,20231201,603721.SH,文化传媒,中广天择,10.0,,109291555.0,93000,93000,0,6/9,2,U
45,20231201,603860.SH,工程咨询,中公高科,9.99,,8931424.0,134305,134335,1,1/1,1,U
46,20231201,603918.SH,互联网服,金桥信息,9.98,,37636016.0,134928,134928,0,1/1,1,U
47,20231201,605151.SH,汽车零部件,西上海,10.0,,56784949.0,130831,130831,0,1/1,1,U
48,20231201,605218.SH,光学光电,伟时电子,10.01,,151032340.0,143314,143314,0,6/9,1,U
49,20231201,605577.SH,文化传媒,龙版传媒,9.97,,70157596.0,134730,134730,0,4/8,1,U
0,20231201,002952.SZ,光学光电,亚世光电,-10.01,82583695.0,12782924.0,,141657,13,,1,D
1,20231201,600523.SH,汽车零部件,贵航股份,-9.98,509779116.0,59793502.0,,135659,15,,1,D
0,20231201,000710.SZ,医疗器械,贝瑞基因,7.17,,,93315,,3,0/0,,Z
1,20231201,000757.SZ,汽车服务,浩物股份,3.8,,,112521,,1,0/0,,Z
2,20231201,000759.SZ,商业百货,中百集团,4.09,,,94527,,1,0/0,,Z
3,20231201,000762.SZ,能源金属,西藏矿业,6.57,,,134836,,5,0/0,,Z
4,20231201,001219.SZ,食品饮料,青岛食品,5.21,,,95530,,1,0/0,,Z
5,20231201,002494.SZ,纺织服装,华斯股份,5.63,,,105336,,4,0/0,,Z
6,20231201,002561.SZ,商业百货,徐家汇,-3.73,,,93206,,1,1/2,,Z
7,20231201,002861.SZ,消费电子,瀛通通讯,5.74,,,93533,,3,0/0,,Z
8,20231201,002927.SZ,电网设备,泰永长征,-2.99,,,93054,,1,2/3,,Z
9,20231201,003010.SZ,互联网服,若羽臣,7.11,,,94421,,8,0/0,,Z
10,20231201,600249.SH,美容护理,两面针,4.31,,,95648,,4,0/0,,Z
11,20231201,600889.SH,化纤行业,南京化纤,2.46,,,93127,,3,0/0,,Z
12,20231201,601279.SH,汽车零部件,英利汽车,3.13,,,112256,,4,1/2,,Z
13,20231201,603108.SH,医疗服务,润达医疗,7.68,,,143101,,1,0/0,,Z
14,20231201,603178.SH,汽车零部件,圣龙股份,6.06,,,112817,,2,0/0,,Z
15,20231201,603488.SH,专用设备,展鹏科技,8.26,,,94858,,1,0/0,,Z
16,20231201,603535.SH,物流行业,嘉诚国际,7.75,,,93120,,3,0/0,,Z
0,20231204,000032.SZ,通信设备,深桑达Ａ,10.02,,122638737.0,94903,94903,0,1/1,1,U
1,20231204,000626.SZ,贸易行业,远大控股,9.96,,34580744.0,101242,101242,0,1/1,1,U
2,20231204,000757.SZ,汽车服务,浩物股份,10.05,,54946195.0,95657,95657,0,1/1,1,U
3,20231204,000766.SZ,化学制药,通化金马,10.03,,110617843.0,101657,102648,2,1/1,1,U
4,20231204,000868.SZ,汽车整车,安凯客车,9.93,,180980738.0,92500,92500,0,1/1,1,U
5,20231204,000903.SZ,汽车零部件,云内动力,9.86,,212419053.0,93233,93233,0,3/6,1,U
6,20231204,001314.SZ,消费电子,亿道信息,10.0,,46205159.0,94839,94839,0,1/1,1,U
7,20231204,002122.SZ,通用设备,汇洲智能,9.93,,45025191.0,93257,93933,2,1/1,1,U
8,20231204,002176.SZ,电机,江特电机,9.97,,64211416.0,110430,143542,1,1/1,1,U
9,20231204,002189.SZ,光学光电,中光学,10.0,,77364640.0,95154,95154,0,1/1,1,U
10,20231204,002199.SZ,电子元件,东晶电子,9.97,,50763999.0,131127,131127,0,1/1,1,U
11,20231204,002201.SZ,玻璃玻纤,正威新材,9.96,,213797608.0,104842,104842,0,1/1,1,U
12,20231204,002280.SZ,软件开发,联络互动,9.93,,9103078.0,94112,145115,5,1/1,1,U
13,20231204,002313.SZ,通信设备,日海智能,10.02,,91122107.0,93009,93009,0,3/3,3,U
14,20231204,002428.SZ,小金属,云南锗业,10.02,,85384894.0,101536,101536,0,1/1,1,U
15,20231204,002566.SZ,中药,益盛药业,10.02,,38537134.0,103309,103309,0,1/1,1,U
16,20231204,002692.SZ,电网设备,远程股份,9.93,,24467038.0,103851,104012,1,1/1,1,U
17,20231204,002766.SZ,互联网服,索菱股份,9.95,,28183530.0,100148,100148,0,1/1,1,U
18,20231204,002933.SZ,航天航空,新兴装备,10.0,,23059560.0,130551,132542,3,1/1,1,U
19,20231204,300085.SZ,软件开发,银之杰,19.97,,187403009.0,94648,94648,0,1/1,1,U
20,20231204,300781.SZ,文化传媒,因赛集团,20.01,,87372166.0,93057,93736,1,2/2,2,U
21,20231204,300822.SZ,消费电子,贝仕达克,19.99,,24607738.0,93400,110339,1,1/1,1,U
22,20231204,600088.SH,文化传媒,中视传媒,10.03,,29359255.0,94603,94648,1,1/1,1,U
23,20231204,600128.SH,贸易行业,苏豪弘业,10.0,,65381019.0,93135,93938,4,2/2,2,U
24,20231204,600178.SH,汽车零部件,东安动力,10.0,,52592275.0,93538,135822,7,10/18,8,U
25,20231204,600228.SH,互联网服,返利科技,9.99,,118032921.0,92502,92502,0,2/2,2,U
26,20231204,600250.SH,贸易行业,南京商旅,10.05,,127163758.0,92502,92502,0,5/5,5,U
27,20231204,600287.SH,商业百货,江苏舜天,10.04,,55352010.0,94418,95454,1,1/1,1,U
28,20231204,600386.SH,汽车服务,北巴传媒,10.05,,27454590.0,132007,132007,0,1/1,1,U
29,20231204,600444.SH,专用设备,国机通用,10.03,,51949807.0,93540,93540,0,1/1,1,U
30,20231204,600463.SH,房地产开发,空港股份,9.96,,79414101.0,112927,112927,0,1/1,1,U
31,20231204,600571.SH,互联网服,信雅达,9.97,,803609925.0,92502,92502,0,3/3,3,U
32,20231204,600615.SH,小金属,丰华股份,9.99,,71632418.0,134044,134044,0,1/1,1,U
33,20231204,600661.SH,教育,昂立教育,9.99,,48369409.0,92503,93836,2,2/2,2,U
34,20231204,600853.SH,工程建设,龙建股份,10.1,,58597710.0,134350,134453,1,1/1,1,U
35,20231204,600975.SH,农牧饲渔,新五丰,10.01,,24763601.0,130541,132847,2,1/1,1,U
36,20231204,601188.SH,铁路公路,龙江交通,10.05,,24510512.0,134620,134620,0,1/1,1,U
37,20231204,601798.SH,专用设备,蓝科高新,9.99,,1910968.0,93209,145530,14,2/3,1,U
38,20231204,603009.SH,汽车零部件,北特科技,10.02,,31943700.0,132402,132402,0,1/1,1,U
39,20231204,603023.SH,汽车零部件,威帝股份,9.94,,19670956.0,92501,144007,2,4/4,4,U
40,20231204,603033.SH,橡胶制品,三维股份,10.01,,23775734.0,111712,111712,0,1/1,1,U
41,20231204,603106.SH,计算机设,恒银科技,10.07,,52823777.0,95214,95214,0,1/1,1,U
42,20231204,603189.SH,软件开发,网达软件,9.99,,125679776.0,92500,92500,0,2/2,2,U
43,20231204,603516.SH,计算机设,淳中科技,10.0,,17255917.0,135232,141941,1,1/1,1,U
44,20231204,603536.SH,食品饮料,惠发食品,10.01,,6417642.0,142331,144328,11,7/7,7,U
45,20231204,603598.SH,文化传媒,引力传媒,10.01,,93295834.0,93254,145612,3,8/13,2,U
46,20231204,603719.SH,食品饮料,良品铺子,9.99,,39843895.0,142000,142118,2,2/2,2,U
47,20231204,603721.SH,文化传媒,中广天择,10.01,,207060803.0,92502,92502,0,7/10,3,U
48,20231204,603819.SH,电机,神力股份,10.01,,50681835.0,101054,101054,0,1/1,1,U
49,20231204,603860.SH,工程咨询,中公高科,9.99,,153580354.0,92501,92501,0,2/2,2,U
50,20231204,603861.SH,电网设备,白云电器,10.04,,57498482.0,93427,93427,0,1/1,1,U
51,20231204,605218.SH,光学光电,伟时电子,10.0,,162736295.0,135406,135448,1,10/20,2,U
52,20231204,605289.SH,装修装饰,罗曼股份,10.01,,68063253.0,93028,93028,0,1/1,1,U
53,20231204,605577.SH,文化传媒,龙版传媒,10.0,,39136020.0,111807,130001,2,5/9,2,U
0,20231204,002821.SZ,医疗服务,凯莱英,-10.0,48043069.0,8960155.0,,145157,2,,1,D
1,20231204,603353.SH,石油行业,和顺石油,-10.0,74027724.0,21318.0,,144601,15,,1,D
0,20231204,000628.SZ,工程建设,高新发展,-5.64,,,100345,,2,1/2,,Z
1,20231204,002767.SZ,仪器仪表,先锋电子,4.54,,,141348,,1,2/3,,Z
2,20231204,003008.SZ,专业服务,开普检测,6.8,,,133630,,4,0/0,,Z
3,20231204,300158.SZ,化学制药,振东制药,14.73,,,103633,,1,0/0,,Z
4,20231204,600133.SH,工程建设,东湖高新,8.97,,,142813,,1,0/0,,Z
5,20231204,600202.SH,电源设备,哈空调,4.62,,,140144,,1,0/0,,Z
6,20231204,600686.SH,汽车整车,金龙汽车,0.68,,,93258,,1,1/2,,Z
7,20231204,600692.SH,房地产开发,亚通股份,3.46,,,110736,,1,0/0,,Z
8,20231204,600753.SH,贸易行业,庚星股份,4.61,,,102000,,1,0/0,,Z
9,20231204,600883.SH,农牧饲渔,博闻科技,4.18,,,94350,,1,0/0,,Z
10,20231204,601599.SH,纺织服装,浙文影业,6.39,,,130849,,4,0/0,,Z
11,20231204,603322.SH,通信服务,超讯通信,8.23,,,95324,,1,0/0,,Z
12,20231204,605228.SH,汽车零部件,神通科技,8.14,,,100816,,4,0/0,,Z
0,20231205,000155.SZ,电力行业,川能动力,9.97,,54076155.0,94648,94648,0,1/1,1,U
1,20231205,000609.SZ,房地产开发,中迪投资,9.94,,117816732.0,100630,100630,0,1/1,1,U
2,20231205,000710.SZ,医疗器械,贝瑞基因,10.0,,72581454.0,93248,100100,2,1/1,1,U
3,20231205,000759.SZ,商业百货,中百集团,9.94,,4872212.0,131445,145557,1,1/1,1,U
4,20231205,000766.SZ,化学制药,通化金马,10.0,,95119073.0,95112,132527,9,2/2,2,U
5,20231205,000903.SZ,汽车零部件,云内动力,9.91,,109212828.0,93115,100903,1,4/7,2,U
6,20231205,001314.SZ,消费电子,亿道信息,9.99,,86014102.0,94854,94854,0,2/2,2,U
7,20231205,001318.SZ,食品饮料,阳光乳业,10.04,,30801992.0,93603,93603,0,1/1,1,U
8,20231205,002451.SZ,电网设备,摩恩电气,10.0,,181984715.0,93100,93324,1,1/1,1,U
9,20231205,002702.SZ,食品饮料,海欣食品,9.94,,55118474.0,93812,93812,0,2/4,1,U
10,20231205,300106.SZ,食品饮料,西部牧业,20.04,,52617754.0,93727,94421,1,1/1,1,U
11,20231205,300255.SZ,化学制药,常山药业,19.98,,11109397.0,135745,145621,4,1/1,1,U
12,20231205,300560.SZ,通信服务,中富通,20.0,,49298937.0,92503,95936,1,1/1,1,U
13,20231205,600178.SH,汽车零部件,东安动力,9.99,,100578845.0,104442,104515,1,11/19,9,U
14,20231205,600250.SH,贸易行业,南京商旅,9.98,,137498055.0,92502,92502,0,6/6,6,U
15,20231205,600287.SH,商业百货,江苏舜天,10.07,,40991053.0,93148,94436,4,5/10,2,U
16,20231205,600327.SH,医疗服务,大东方,10.07,,35791280.0,93722,94031,2,1/1,1,U
17,20231205,600358.SH,文化传媒,国旅联合,10.06,,17873428.0,93708,93708,0,1/1,1,U
18,20231205,600444.SH,专用设备,国机通用,10.02,,82412542.0,92503,92503,0,2/2,2,U
19,20231205,600513.SH,化学制药,联环药业,10.02,,78087456.0,135356,135356,0,1/1,1,U
20,20231205,600571.SH,互联网服,信雅达,10.04,,537217354.0,92502,92502,0,4/4,4,U
21,20231205,600604.SH,房地产服务,市北高新,9.92,,10242339.0,94251,110821,7,1/1,1,U
22,20231205,600661.SH,教育,昂立教育,9.96,,31570959.0,93129,144011,2,3/3,3,U
23,20231205,600889.SH,化纤行业,南京化纤,10.05,,14374908.0,93428,95410,1,1/1,1,U
24,20231205,600960.SH,汽车零部件,渤海汽车,10.04,,31597030.0,93231,101958,6,1/1,1,U
25,20231205,603006.SH,汽车零部件,联明股份,10.04,,33259750.0,93150,93229,1,3/6,1,U
26,20231205,603106.SH,计算机设,恒银科技,9.95,,23047335.0,133008,145250,3,2/2,2,U
27,20231205,603178.SH,汽车零部件,圣龙股份,10.01,,160302528.0,142333,142333,0,1/1,1,U
28,20231205,603272.SH,装修装饰,联翔股份,10.02,,5879518.0,102350,145638,5,1/1,1,U
29,20231205,603536.SH,食品饮料,惠发食品,9.99,,73521176.0,94027,94127,1,8/8,8,U
30,20231205,603696.SH,食品饮料,安记食品,10.01,,21757462.0,95934,133837,3,1/1,1,U
31,20231205,603721.SH,文化传媒,中广天择,10.0,,144528227.0,93028,93028,0,8/11,4,U
32,20231205,603725.SH,化学制品,天安新材,9.97,,17996988.0,103212,140639,2,1/1,1,U
33,20231205,603860.SH,工程咨询,中公高科,10.01,,43857225.0,92503,92503,0,3/3,3,U
34,20231205,605179.SH,食品饮料,一鸣食品,10.03,,101346517.0,93214,93214,0,1/1,1,U
35,20231205,605218.SH,光学光电,伟时电子,10.01,,108404660.0,142002,142123,1,11/21,3,U
36,20231205,605339.SH,食品饮料,南侨食品,10.01,,7268197.0,101626,145456,2,1/1,1,U
37,20231205,605567.SH,食品饮料,春雪食品,9.97,,25236801.0,103507,103507,0,1/1,1,U
38,20231205,605577.SH,文化传媒,龙版传媒,9.99,,62080704.0,93226,93729,2,6/10,3,U
0,20231205,603496.SH,互联网服,恒为科技,-10.0,70549228.0,12511997.0,,145303,2,,1,D
1,20231205,603985.SH,风电设备,恒润股份,-10.0,4591290818.0,267015908.0,,93802,2,,1,D
0,20231205,000757.SZ,汽车服务,浩物股份,-2.82,,,92500,,1,1/2,,Z
1,20231205,000762.SZ,能源金属,西藏矿业,7.27,,,101830,,1,0/0,,Z
2,20231205,002117.SZ,造纸印刷,东港股份,3.89,,,100742,,1,0/0,,Z
3,20231205,002343.SZ,文化传媒,慈文传媒,4.54,,,143200,,1,0/0,,Z
4,20231205,002355.SZ,汽车零部件,兴民智通,6.19,,,111342,,2,0/0,,Z
5,20231205,002786.SZ,专用设备,银宝山新,7.74,,,95739,,2,9/18,,Z
6,20231205,002970.SZ,计算机设,锐明技术,0.98,,,111903,,2,0/0,,Z
7,20231205,300984.SZ,通用设备,金沃股份,10.98,,,93333,,1,0/0,,Z
8,20231205,600053.SH,多元金融,九鼎投资,8.57,,,105207,,2,0/0,,Z
9,20231205,600249.SH,美容护理,两面针,4.65,,,95157,,2,0/0,,Z
10,20231205,600386.SH,汽车服务,北巴传媒,0.0,,,93030,,1,1/2,,Z
11,20231205,600678.SH,水泥建材,四川金顶,5.38,,,105036,,2,0/0,,Z
12,20231205,603121.SH,汽车零部件,华培动力,4.47,,,103700,,4,0/0,,Z
13,20231205,603286.SH,汽车零部件,日盈电子,7.42,,,143625,,4,5/9,,Z
14,20231205,603803.SH,通信设备,瑞斯康达,3.75,,,94639,,1,0/0,,Z
15,20231205,605136.SH,商业百货,丽人丽妆,4.06,,,94842,,1,0/0,,Z
16,20231205,605300.SH,食品饮料,佳禾食品,6.66,,,112628,,2,0/0,,Z
0,20231206,000546.SZ,环保行业,金圆股份,10.05,,64727936.0,100339,100339,0,1/1,1.0,U
1,20231206,000802.SZ,文化传媒,北京文化,9.95,,42393046.0,94257,103206,7,1/1,1.0,U
2,20231206,002256.SZ,电网设备,兆新股份,10.2,,22407840.0,93545,93709,1,1/1,1.0,U
3,20231206,002451.SZ,电网设备,摩恩电气,9.99,,304445079.0,92500,92500,0,2/2,2.0,U
4,20231206,002458.SZ,农牧饲渔,益生股份,10.01,,13596018.0,103942,142321,10,1/1,1.0,U
5,20231206,002510.SZ,汽车零部件,天汽模,10.08,,236838598.0,92500,92500,0,1/1,1.0,U
6,20231206,002756.SZ,钢铁行业,永兴材料,10.0,,100504618.0,94318,95451,1,1/1,1.0,U
7,20231206,002766.SZ,互联网服,索菱股份,9.95,,2775682.0,93157,145503,10,2/3,1.0,U
8,20231206,002786.SZ,专用设备,银宝山新,10.01,,139485851.0,135406,135406,0,10/19,1.0,U
9,20231206,002858.SZ,文化传媒,力盛体育,9.98,,30858929.0,133333,141512,1,2/4,1.0,U
10,20231206,002888.SZ,消费电子,惠威科技,9.99,,80117754.0,103954,103954,0,1/1,1.0,U
11,20231206,002955.SZ,光学光电,鸿合科技,9.99,,133705772.0,132348,132348,0,1/1,1.0,U
12,20231206,300340.SZ,电池,科恒股份,20.03,,57857044.0,94154,94154,0,1/1,1.0,U
13,20231206,300781.SZ,文化传媒,因赛集团,19.99,,2384634.0,100406,145406,3,3/4,1.0,U
14,20231206,600133.SH,工程建设,东湖高新,10.04,,47945236.0,104830,135300,5,1/1,1.0,U
15,20231206,600218.SH,汽车零部件,全柴动力,9.98,,74057901.0,140856,140856,0,1/1,1.0,U
16,20231206,600228.SH,互联网服,返利科技,10.0,,37211394.0,132543,134725,4,3/4,1.0,U
17,20231206,600241.SH,电池,时代万恒,10.01,,13655556.0,101311,101311,0,1/1,1.0,U
18,20231206,600250.SH,贸易行业,南京商旅,10.01,,73508850.0,92501,143552,3,7/7,7.0,U
19,20231206,600302.SH,专用设备,标准股份,10.03,,53624632.0,95753,95753,0,1/1,1.0,U
20,20231206,600375.SH,工程机械,汉马科技,9.97,,41160301.0,101553,101553,0,1/1,1.0,U
21,20231206,600386.SH,汽车服务,北巴传媒,9.98,,12673906.0,95427,142426,14,2/3,1.0,U
22,20231206,600444.SH,专用设备,国机通用,9.99,,48744689.0,93838,93838,0,3/3,3.0,U
23,20231206,600571.SH,互联网服,信雅达,10.01,,391806132.0,93025,93025,0,5/5,5.0,U
24,20231206,600630.SH,纺织服装,龙头股份,9.96,,46365164.0,110811,130114,1,1/1,1.0,U
25,20231206,600661.SH,教育,昂立教育,10.02,,27358818.0,134846,145031,6,4/4,4.0,U
26,20231206,600678.SH,水泥建材,四川金顶,10.05,,81428371.0,93511,93511,0,1/1,1.0,U
27,20231206,600715.SH,游戏,文投控股,10.22,,48920604.0,130233,130724,1,1/1,1.0,U
28,20231206,600889.SH,化纤行业,南京化纤,10.06,,16183796.0,93036,134333,4,2/2,2.0,U
29,20231206,600981.SH,贸易行业,汇鸿集团,10.1,,102832281.0,92501,92501,0,1/1,1.0,U
30,20231206,601999.SH,文化传媒,出版传媒,10.03,,21267546.0,100018,100121,1,1/1,1.0,U
31,20231206,603006.SH,汽车零部件,联明股份,10.01,,60044136.0,93017,93017,0,4/7,2.0,U
32,20231206,603161.SH,汽车零部件,科华控股,10.02,,74355952.0,93341,93341,0,1/1,1.0,U
33,20231206,603276.SH,化学原料,恒兴新材,10.0,,48611674.0,102031,102107,1,1/1,1.0,U
34,20231206,603399.SH,小金属,吉翔股份,9.99,,110184712.0,93250,93359,1,1/1,1.0,U
35,20231206,603725.SH,化学制品,天安新材,10.01,,63516851.0,134505,134523,1,2/2,2.0,U
36,20231206,605179.SH,食品饮料,一鸣食品,10.01,,122965774.0,92502,92502,0,2/2,2.0,U
37,20231206,605577.SH,文化传媒,龙版传媒,10.0,,49005201.0,93055,94601,2,7/11,4.0,U
0,20231206,603286.SH,汽车零部件,日盈电子,-10.01,44822574.0,4685472.0,,145303,3,,1.0,D
1,20231206,603985.SH,风电设备,恒润股份,-9.99,1371119530.0,1033226608.0,,92504,0,,2.0,D
2,20231206,605188.SH,商业百货,国光连锁,-9.96,9128504.0,3562692.0,,142538,0,,1.0,D
3,20231206,605218.SH,光学光电,伟时电子,-9.99,532762997.0,50579728.0,,133750,15,,1.0,D
0,20231206,000421.SZ,燃气,南京公用,2.56,,,93133,,2,0/0,,Z
1,20231206,000762.SZ,能源金属,西藏矿业,9.72,,,102151,,7,0/0,,Z
2,20231206,000903.SZ,汽车零部件,云内动力,7.89,,,93533,,16,4/8,,Z
3,20231206,002098.SZ,纺织服装,浔兴股份,4.68,,,110854,,2,0/0,,Z
4,20231206,002192.SZ,能源金属,融捷股份,8.39,,,105836,,1,0/0,,Z
5,20231206,002330.SZ,食品饮料,得利斯,5.16,,,103557,,1,0/0,,Z
6,20231206,002466.SZ,能源金属,天齐锂业,9.49,,,101100,,4,0/0,,Z
7,20231206,002878.SZ,专业服务,元隆雅图,2.65,,,95242,,3,0/0,,Z
8,20231206,002885.SZ,消费电子,京泉华,6.04,,,93715,,1,0/0,,Z
9,20231206,002962.SZ,光学光电,五方光电,3.72,,,94430,,1,0/0,,Z
10,20231206,002995.SZ,文化传媒,天地在线,6.4,,,110015,,1,0/0,,Z
11,20231206,300315.SZ,游戏,掌趣科技,15.44,,,132039,,1,0/0,,Z
12,20231206,600083.SH,通信设备,博信股份,4.73,,,94753,,1,0/0,,Z
13,20231206,600099.SH,交运设备,林海股份,4.78,,,94754,,1,0/0,,Z
14,20231206,600128.SH,贸易行业,苏豪弘业,3.48,,,95924,,2,2/4,,Z
15,20231206,600148.SH,汽车零部件,长春一东,6.93,,,93108,,5,0/0,,Z
16,20231206,600178.SH,汽车零部件,东安动力,-10.01,100882179.0,23440162.0,93444,145541,9,11/20,1.0,Z
17,20231206,600287.SH,商业百货,江苏舜天,-3.9,,,93251,,9,2/3,,Z
18,20231206,600327.SH,医疗服务,大东方,6.16,,,101209,,2,1/2,,Z
19,20231206,600561.SH,铁路公路,江西长运,4.79,,,131157,,1,0/0,,Z
20,20231206,600689.SH,纺织服装,上海三毛,5.83,,,135320,,1,0/0,,Z
21,20231206,600847.SH,电池,万里股份,3.88,,,93739,,1,0/0,,Z
22,20231206,600980.SH,小金属,北矿科技,5.79,,,93647,,6,0/0,,Z
23,20231206,603016.SH,电网设备,新宏泰,4.1,,,95252,,2,0/0,,Z
24,20231206,603178.SH,汽车零部件,圣龙股份,-9.96,,,110459,,1,1/2,,Z
25,20231206,603213.SH,化学原料,镇洋发展,7.55,,,130424,,1,0/0,,Z
26,20231206,603536.SH,食品饮料,惠发食品,-10.01,,,93117,,1,8/9,,Z
27,20231206,603860.SH,工程咨询,中公高科,-9.99,16500224.0,28621424.0,94603,145548,3,3/4,1.0,Z
28,20231206,603982.SH,汽车零部件,泉峰汽车,4.86,,,95100,,1,0/0,,Z
29,20231206,605178.SH,装修装饰,时空科技,4.18,,,130624,,1,0/0,,Z
30,20231206,688687.SH,生物制品,凯因科技,19.96,,,133228,,3,0/0,,Z
0,20231207,000670.SZ,半导体,盈方微,10.06,,42853218.0,103812,133624,1,1/1,1,U
1,20231207,000681.SZ,文化传媒,视觉中国,9.97,,134762339.0,131345,131345,0,1/1,1,U
2,20231207,000802.SZ,文化传媒,北京文化,10.03,,60648126.0,92500,102736,2,2/2,2,U
3,20231207,002199.SZ,电子元件,东晶电子,10.05,,53697321.0,93218,93218,0,2/4,1,U
4,20231207,002238.SZ,文化传媒,天威视讯,10.0,,41871126.0,100706,141515,2,1/1,1,U
5,20231207,002313.SZ,通信设备,日海智能,10.05,,68679242.0,93321,93321,0,4/6,1,U
6,20231207,002316.SZ,互联网服,亚联发展,9.98,,34290036.0,93251,94218,4,1/1,1,U
7,20231207,002451.SZ,电网设备,摩恩电气,10.01,,373981160.0,92500,92500,0,3/3,3,U
8,20231207,002510.SZ,汽车零部件,天汽模,10.09,,297526871.0,92500,92500,0,2/2,2,U
9,20231207,002542.SZ,工程建设,中化岩土,10.15,,4837925.0,94651,150000,9,1/1,1,U
10,20231207,002858.SZ,文化传媒,力盛体育,9.98,,44016020.0,93000,93000,0,3/5,2,U
11,20231207,002962.SZ,光学光电,五方光电,10.01,,35961581.0,93815,102003,7,1/1,1,U
12,20231207,600241.SH,电池,时代万恒,9.99,,24604647.0,93001,93001,0,2/2,2,U
13,20231207,600302.SH,专用设备,标准股份,10.06,,39704322.0,93137,93137,0,2/2,2,U
14,20231207,600355.SH,通信设备,精伦电子,10.04,,77348008.0,93358,93358,0,1/1,1,U
15,20231207,600571.SH,互联网服,信雅达,10.02,,329557313.0,92502,92502,0,6/6,6,U
16,20231207,600622.SH,房地产开发,光大嘉宝,10.04,,19247918.0,105033,133548,6,1/1,1,U
17,20231207,600630.SH,纺织服装,龙头股份,9.98,,66988787.0,102439,102515,1,2/2,2,U
18,20231207,600640.SH,文化传媒,国脉文化,9.99,,13847175.0,131632,131632,0,1/1,1,U
19,20231207,600661.SH,教育,昂立教育,9.99,,14009556.0,93350,145532,4,5/5,5,U
20,20231207,600678.SH,水泥建材,四川金顶,10.03,,191810833.0,92501,92501,0,2/2,2,U
21,20231207,600715.SH,游戏,文投控股,10.08,,123237933.0,92502,92502,0,2/2,2,U
22,20231207,600981.SH,贸易行业,汇鸿集团,10.06,,119501473.0,92503,92503,0,2/2,2,U
23,20231207,601595.SH,文化传媒,上海电影,9.98,,7921762.0,131954,131954,0,1/1,1,U
24,20231207,601999.SH,文化传媒,出版传媒,9.98,,4147985.0,101011,145253,6,2/2,2,U
25,20231207,603038.SH,装修装饰,华立股份,9.98,,22493237.0,93531,93531,0,1/1,1,U
26,20231207,603108.SH,医疗服务,润达医疗,10.01,,123671100.0,112345,112345,0,1/1,1,U
27,20231207,603153.SH,工程咨询,上海建科,9.99,,27759840.0,140601,140601,0,1/1,1,U
28,20231207,603189.SH,软件开发,网达软件,9.98,,72569897.0,93243,130028,1,3/5,1,U
29,20231207,603536.SH,食品饮料,惠发食品,9.98,,23044183.0,142533,145442,2,9/10,1,U
30,20231207,603598.SH,文化传媒,引力传媒,10.0,,72401021.0,112651,141315,1,9/16,1,U
31,20231207,603660.SH,计算机设,苏州科达,9.94,,52432023.0,93136,93136,0,1/1,1,U
32,20231207,603721.SH,文化传媒,中广天择,10.0,,16135350.0,140844,145602,5,9/13,1,U
33,20231207,603803.SH,通信设备,瑞斯康达,10.05,,42749321.0,95100,103445,1,1/1,1,U
34,20231207,603938.SH,化学制品,三孚股份,10.0,,46518816.0,93040,94153,6,1/1,1,U
35,20231207,605179.SH,食品饮料,一鸣食品,10.03,,42713729.0,93035,100356,2,3/3,3,U
36,20231207,605289.SH,装修装饰,罗曼股份,10.0,,5205132.0,95103,145436,7,2/4,1,U
37,20231207,605577.SH,文化传媒,龙版传媒,10.0,,69778816.0,93957,94057,1,8/12,5,U
38,20231207,688039.SH,互联网服,当虹科技,20.0,,39797102.0,131950,134026,1,1/1,1,U
0,20231207,000903.SZ,汽车零部件,云内动力,-9.92,1994446298.0,18827616.0,,144418,3,,1,D
1,20231207,001300.SZ,家用轻工,三柏硕,-10.01,74968655.0,10793038.0,,145100,4,,1,D
2,20231207,002476.SZ,化学制品,宝莫股份,-9.94,30931550.0,43252999.0,,132524,2,,1,D
3,20231207,002584.SZ,电子化学,西陇科学,-9.98,78729498.0,3565715.0,,145418,1,,1,D
4,20231207,002786.SZ,专用设备,银宝山新,-9.98,115741608.0,31668441.0,,145018,2,,1,D
5,20231207,002856.SZ,装修装饰,美芝股份,-9.97,97014735.0,42967371.0,,101906,10,,1,D
6,20231207,300135.SZ,化学制品,宝利国际,-20.0,137469595.0,26208604.0,,144412,6,,1,D
7,20231207,300225.SZ,化学制品,金力泰,-19.97,76243136.0,14880820.0,,144230,3,,1,D
8,20231207,300765.SZ,食品饮料,新诺威,-20.0,163213102.0,28319996.0,,144503,2,,1,D
9,20231207,600106.SH,铁路公路,重庆路桥,-9.96,102731724.0,41106712.0,,140713,7,,1,D
10,20231207,600148.SH,汽车零部件,长春一东,-10.02,494856157.0,37636021.0,,112716,3,,1,D
11,20231207,600520.SH,专用设备,文一科技,-10.0,105399140.0,102005494.0,,144155,1,,1,D
12,20231207,603023.SH,汽车零部件,威帝股份,-9.93,49315433.0,27271357.0,,144328,0,,1,D
13,20231207,603985.SH,风电设备,恒润股份,-10.01,5028572994.0,903984972.0,,92502,0,,3,D
14,20231207,605188.SH,商业百货,国光连锁,-9.98,54726199.0,1250280.0,,145217,33,,2,D
15,20231207,605218.SH,光学光电,XD伟时电,-9.99,973971290.0,206579988.0,,92501,0,,2,D
0,20231207,000922.SZ,电机,佳电股份,7.66,,,101545,,1,0/0,,Z
1,20231207,002292.SZ,文化传媒,奥飞娱乐,8.34,,,93030,,1,0/0,,Z
2,20231207,002771.SZ,互联网服,真视通,6.73,,,101912,,1,0/0,,Z
3,20231207,003019.SZ,光学光电,宸展光电,4.98,,,130424,,1,0/0,,Z
4,20231207,300081.SZ,通信服务,恒信东方,8.71,,,93530,,1,0/0,,Z
5,20231207,300570.SZ,通信设备,太辰光,10.86,,,103654,,1,0/0,,Z
6,20231207,301231.SZ,教育,荣信文化,9.74,,,93818,,1,0/0,,Z
7,20231207,600128.SH,贸易行业,苏豪弘业,7.87,,,102849,,7,0/0,,Z
8,20231207,600318.SH,多元金融,新力金融,5.39,,,112331,,2,0/0,,Z
9,20231207,600444.SH,专用设备,国机通用,-4.43,,,93015,,1,3/4,,Z
10,20231207,600682.SH,商业百货,南京新百,4.99,,,100736,,8,0/0,,Z
11,20231207,601599.SH,纺织服装,浙文影业,6.34,,,93913,,9,0/0,,Z
12,20231207,603230.SH,文化传媒,内蒙新华,6.66,,,101451,,2,0/0,,Z
13,20231207,603888.SH,文化传媒,新华网,6.71,,,135735,,1,0/0,,Z
14,20231207,603895.SH,专用设备,天永智能,3.35,,,140039,,1,0/0,,Z
0,20231208,000421.SZ,燃气,南京公用,10.09,,62482018.0,93039,93039,0,1/1,1,U
1,20231208,000766.SZ,化学制药,通化金马,10.0,,115741738.0,130318,130318,0,3/5,1,U
2,20231208,000988.SZ,电子元件,华工科技,9.99,,206298710.0,104230,110306,1,1/1,1,U
3,20231208,001331.SZ,物流行业,胜通能源,9.99,,78767124.0,94000,94000,0,1/1,1,U
4,20231208,002693.SZ,生物制品,双成药业,10.03,,73023347.0,130848,130848,0,1/1,1,U
5,20231208,002878.SZ,专业服务,元隆雅图,10.03,,16834259.0,93324,94639,2,1/1,1,U
6,20231208,002913.SZ,电子元件,奥士康,9.99,,78080492.0,93709,93709,0,1/1,1,U
7,20231208,002962.SZ,光学光电,五方光电,10.02,,64417284.0,111021,111021,0,2/2,2,U
8,20231208,002990.SZ,互联网服,盛视科技,9.99,,30240999.0,112824,112824,0,1/1,1,U
9,20231208,003004.SZ,计算机设,声迅股份,10.01,,2281536.0,93036,134409,10,1/1,1,U
10,20231208,600218.SH,汽车零部件,全柴动力,10.0,,9861755.0,94634,141343,14,2/3,1,U
11,20231208,600302.SH,专用设备,标准股份,10.0,,45595550.0,93126,93126,0,3/3,3,U
12,20231208,600358.SH,文化传媒,国旅联合,10.06,,40967517.0,101026,101026,0,2/4,1,U
13,20231208,600375.SH,工程机械,汉马科技,9.97,,1923426.0,112432,144904,7,2/3,1,U
14,20231208,600405.SH,电源设备,动力源,9.98,,67190466.0,134948,134948,0,1/1,1,U
15,20231208,600536.SH,软件开发,中国软件,10.01,,156010998.0,93740,95049,2,1/1,1,U
16,20231208,600560.SH,专用设备,金自天正,9.98,,23569039.0,95222,95443,2,1/1,1,U
17,20231208,600678.SH,水泥建材,四川金顶,10.07,,57254450.0,92502,130914,4,3/3,3,U
18,20231208,600715.SH,游戏,文投控股,9.89,,150848304.0,92500,101545,1,3/3,3,U
19,20231208,600956.SH,燃气,新天绿能,10.06,,10415130.0,142451,143000,2,1/1,1,U
20,20231208,601138.SH,消费电子,工业富联,9.98,,140752118.0,111614,111614,0,1/1,1,U
21,20231208,603038.SH,装修装饰,华立股份,10.03,,17121760.0,92502,134617,3,2/2,2,U
22,20231208,603083.SH,通信设备,剑桥科技,10.0,,89379524.0,135108,135108,0,1/1,1,U
23,20231208,603189.SH,软件开发,网达软件,9.99,,53744208.0,92502,111426,3,4/6,2,U
24,20231208,603386.SH,电子元件,骏亚科技,10.02,,35134134.0,94619,94619,0,1/1,1,U
25,20231208,603398.SH,家用轻工,沐邦高科,9.99,,67274643.0,101032,101032,0,1/1,1,U
26,20231208,603598.SH,文化传媒,引力传媒,10.02,,56730542.0,144158,144158,0,10/17,2,U
27,20231208,603658.SH,医疗器械,安图生物,9.99,,816501.0,131103,145436,3,1/1,1,U
28,20231208,603660.SH,计算机设,苏州科达,10.0,,503404779.0,92501,92501,0,2/2,2,U
29,20231208,603825.SH,文化传媒,华扬联众,9.98,,221247947.0,95830,95830,0,1/1,1,U
30,20231208,603903.SH,环保行业,中持股份,10.02,,72665261.0,141605,141605,0,1/1,1,U
31,20231208,603938.SH,化学制品,三孚股份,10.01,,21402854.0,93920,95647,5,2/2,2,U
32,20231208,688195.SH,光学光电,腾景科技,20.0,,52350158.0,111910,111910,0,1/1,1,U
0,20231208,001300.SZ,家用轻工,三柏硕,-10.0,476927953.0,7215250.0,,144233,7,,2,D
1,20231208,002238.SZ,文化传媒,天威视讯,-9.99,1265915700.0,524399084.0,,92500,0,,1,D
2,20231208,002451.SZ,电网设备,摩恩电气,-9.95,181473357.0,91510166.0,,102951,7,,1,D
3,20231208,002584.SZ,电子化学,西陇科学,-10.01,61945092.0,24011658.0,,144121,0,,2,D
4,20231208,002786.SZ,专用设备,银宝山新,-9.97,3346009575.0,94023865.0,,135357,10,,2,D
5,20231208,600128.SH,贸易行业,苏豪弘业,-10.0,183184709.0,28571058.0,,133211,9,,1,D
6,20231208,600287.SH,商业百货,江苏舜天,-9.95,84592681.0,80634223.0,,93747,3,,1,D
7,20231208,600444.SH,专用设备,国机通用,-10.01,3582821967.0,78890.0,,150000,2,,1,D
8,20231208,600520.SH,专用设备,文一科技,-10.0,5751679778.0,240421317.0,,94729,0,,2,D
9,20231208,600661.SH,教育,昂立教育,-10.01,2839169375.0,110168116.0,,104703,5,,1,D
10,20231208,603023.SH,汽车零部件,威帝股份,-9.92,54235049.0,12051222.0,,143830,1,,2,D
11,20231208,603721.SH,文化传媒,中广天择,-10.0,1820076697.0,116367273.0,,111321,7,,1,D
12,20231208,605218.SH,光学光电,伟时电子,-10.0,3618644559.0,29503136.0,,135134,1,,3,D
0,20231208,000523.SZ,食品饮料,广州浪奇,4.5,,,100157,,1,0/0,,Z
1,20231208,002510.SZ,汽车零部件,天汽模,-7.98,,,92500,,1,2/3,,Z
2,20231208,002547.SZ,汽车零部件,春兴精工,8.8,,,143639,,1,0/0,,Z
3,20231208,300394.SZ,通信设备,天孚通信,17.84,,,141251,,3,0/0,,Z
4,20231208,300548.SZ,通信设备,博创科技,17.12,,,140700,,1,0/0,,Z
5,20231208,600476.SH,互联网服,湘邮科技,5.48,,,94430,,6,0/0,,Z
6,20231208,600571.SH,互联网服,信雅达,-3.88,,,93342,,1,6/7,,Z
7,20231208,600777.SH,石油行业,新潮能源,6.07,,,100551,,1,0/0,,Z
8,20231208,600981.SH,贸易行业,汇鸿集团,-4.57,,,103307,,2,2/3,,Z
9,20231208,603153.SH,工程咨询,上海建科,-2.45,,,92502,,1,1/2,,Z
10,20231208,603230.SH,文化传媒,内蒙新华,5.4,,,104002,,4,0/0,,Z
11,20231208,603289.SH,专用设备,泰瑞机器,3.83,,,93259,,2,0/0,,Z
12,20231208,603466.SH,文化传媒,风语筑,2.42,,,92500,,1,0/0,,Z
13,20231208,603696.SH,食品饮料,安记食品,7.0,,,95224,,7,0/0,,Z
14,20231208,605179.SH,食品饮料,一鸣食品,-5.72,,,93028,,3,3/4,,Z
15,20231208,605577.SH,文化传媒,龙版传媒,-6.79,,,103508,,3,8/13,,Z
16,20231208,688039.SH,互联网服,当虹科技,7.44,,,112839,,2,1/2,,Z
0,20231211,000409.SZ,互联网服,云鼎科技,10.01,,57947661.0,94145,94145,0,1/1,1,U
1,20231211,000421.SZ,燃气,南京公用,9.95,,72569477.0,93009,93009,0,2/2,2,U
2,20231211,000609.SZ,房地产开发,中迪投资,10.01,,148204627.0,142518,142518,0,1/1,1,U
3,20231211,000912.SZ,化肥行业,泸天化,10.11,,29221723.0,94836,131757,9,1/1,1,U
4,20231211,001234.SZ,纺织服装,泰慕士,10.02,,116445765.0,93612,93612,0,1/1,1,U
5,20231211,001314.SZ,消费电子,亿道信息,10.0,,53983691.0,93718,93930,1,3/6,1,U
6,20231211,002098.SZ,纺织服装,浔兴股份,10.03,,25270336.0,93133,93133,0,1/1,1,U
7,20231211,002625.SZ,专用设备,光启技术,10.02,,103571807.0,142021,142021,0,1/1,1,U
8,20231211,002647.SZ,多元金融,仁东控股,9.99,,84189000.0,133906,133906,0,1/1,1,U
9,20231211,002771.SZ,互联网服,真视通,10.0,,52882149.0,100921,110445,7,1/1,1,U
10,20231211,002861.SZ,消费电子,瀛通通讯,10.02,,75973008.0,93209,94457,3,1/1,1,U
11,20231211,002862.SZ,家用轻工,实丰文化,10.02,,16482816.0,144542,144542,0,1/1,1,U
12,20231211,002962.SZ,光学光电,五方光电,10.0,,70189179.0,94209,142030,6,3/3,3,U
13,20231211,300402.SZ,专用设备,宝色股份,19.99,,50755098.0,102321,102321,0,1/1,1,U
14,20231211,300654.SZ,文化传媒,世纪天鸿,19.97,,30921452.0,134039,145506,4,1/1,1,U
15,20231211,600083.SH,通信设备,博信股份,10.0,,32707743.0,94219,94252,1,1/1,1,U
16,20231211,600178.SH,汽车零部件,东安动力,9.97,,42212590.0,145457,145457,0,12/23,1,U
17,20231211,600249.SH,美容护理,两面针,9.95,,57969085.0,93421,95042,1,1/1,1,U
18,20231211,600386.SH,汽车服务,北巴传媒,9.94,,69019511.0,93118,93236,1,3/6,1,U
19,20231211,600560.SH,专用设备,金自天正,10.0,,46943208.0,94053,101523,2,2/2,2,U
20,20231211,600640.SH,文化传媒,国脉文化,10.01,,15259602.0,112601,112913,2,2/3,1,U
21,20231211,600678.SH,水泥建材,四川金顶,10.01,,217369648.0,93003,93003,0,4/4,4,U
22,20231211,600712.SH,商业百货,南宁百货,10.11,,23343110.0,102335,102402,1,1/1,1,U
23,20231211,600715.SH,游戏,文投控股,10.0,,116319043.0,93601,93601,0,4/4,4,U
24,20231211,600846.SH,工程建设,同济科技,10.02,,18694806.0,130644,130644,0,1/1,1,U
25,20231211,601019.SH,文化传媒,山东出版,10.05,,58692038.0,132125,132125,0,1/1,1,U
26,20231211,601801.SH,文化传媒,皖新传媒,10.04,,24886708.0,142203,144236,1,1/1,1,U
27,20231211,601878.SH,证券,浙商证券,9.99,,208693745.0,140521,140521,0,1/1,1,U
28,20231211,601999.SH,文化传媒,出版传媒,10.06,,42474744.0,111832,111832,0,3/4,1,U
29,20231211,603006.SH,汽车零部件,联明股份,10.01,,51522084.0,131358,131358,0,5/10,1,U
30,20231211,603040.SH,汽车零部件,新坐标,10.0,,17488400.0,93152,93152,0,1/1,1,U
31,20231211,603106.SH,计算机设,恒银科技,9.99,,91067993.0,112922,112922,0,3/6,1,U
32,20231211,603178.SH,汽车零部件,圣龙股份,10.01,,32608192.0,133059,141718,2,1/1,1,U
33,20231211,603353.SH,石油行业,和顺石油,10.0,,96352782.0,94106,94106,0,1/1,1,U
34,20231211,603488.SH,专用设备,展鹏科技,10.02,,11949015.0,94453,144929,1,1/1,1,U
35,20231211,603660.SH,计算机设,苏州科达,9.96,,413266763.0,92502,92502,0,3/3,3,U
36,20231211,603729.SH,文化传媒,龙韵股份,9.99,,97803039.0,93220,93353,2,1/1,1,U
37,20231211,605289.SH,装修装饰,罗曼股份,10.01,,15122979.0,100341,105917,5,3/6,1,U
38,20231211,605577.SH,文化传媒,龙版传媒,10.01,,56279854.0,94611,100832,4,9/14,1,U
0,20231211,600661.SH,教育,昂立教育,-10.01,1226997976.0,21918390.0,,142958,12,,2,D
0,20231211,000151.SZ,贸易行业,中成股份,4.37,,,93027,,1,0/0,,Z
1,20231211,000509.SZ,光学光电,华塑控股,7.43,,,100242,,1,0/0,,Z
2,20231211,002395.SZ,塑料制品,双象股份,5.63,,,94457,,3,0/0,,Z
3,20231211,002445.SZ,通用设备,中南文化,7.2,,,134612,,1,0/0,,Z
4,20231211,002858.SZ,文化传媒,力盛体育,6.82,,,93348,,1,2/4,,Z
5,20231211,002927.SZ,电网设备,泰永长征,5.55,,,95212,,3,0/0,,Z
6,20231211,600099.SH,交运设备,林海股份,6.34,,,93204,,2,0/0,,Z
7,20231211,600232.SH,纺织服装,金鹰股份,6.65,,,102039,,1,0/0,,Z
8,20231211,600719.SH,电力行业,大连热电,5.53,,,110951,,2,0/0,,Z
9,20231211,600992.SH,通用设备,贵绳股份,5.64,,,94841,,1,0/0,,Z
10,20231211,601595.SH,文化传媒,上海电影,8.3,,,135015,,1,0/0,,Z
11,20231211,603189.SH,软件开发,网达软件,4.61,,,134144,,5,4/7,,Z
12,20231211,603598.SH,文化传媒,引力传媒,5.68,,,94524,,4,10/18,,Z
13,20231211,605006.SH,玻璃玻纤,山东玻纤,6.43,,,95207,,1,0/0,,Z
14,20231211,605128.SH,汽车零部件,上海沿浦,4.7,,,93701,,1,0/0,,Z
15,20231211,688328.SH,专用设备,深科达,6.27,,,95853,,1,0/0,,Z
0,20231212,000409.SZ,互联网服,云鼎科技,9.99,,121608305.0,93021,93021,0,2/2,2,U
1,20231212,000421.SZ,燃气,南京公用,10.06,,46819344.0,93018,132415,2,3/3,3,U
2,20231212,000609.SZ,房地产开发,中迪投资,9.98,,63197857.0,95442,101751,7,3/6,2,U
3,20231212,000736.SZ,房地产开发,中交地产,9.96,,36663213.0,95206,111212,2,1/1,1,U
4,20231212,000926.SZ,房地产开发,福星股份,10.0,,71710952.0,135700,135700,0,1/1,1,U
5,20231212,001339.SZ,计算机设,智微智能,10.0,,46121185.0,93142,111136,3,1/1,1,U
6,20231212,002040.SZ,航运港口,南 京 港,10.07,,34928571.0,140848,142242,1,1/1,1,U
7,20231212,002313.SZ,通信设备,日海智能,10.03,,54529778.0,112642,112642,0,5/9,1,U
8,20231212,002325.SZ,装修装饰,洪涛股份,9.74,,14035652.0,102715,112357,1,1/1,1,U
9,20231212,002362.SZ,软件开发,汉王科技,10.0,,112700796.0,144739,144739,0,1/1,1,U
10,20231212,002587.SZ,光学光电,奥拓电子,9.99,,233355720.0,95609,95609,0,1/1,1,U
11,20231212,002678.SZ,家用轻工,珠江钢琴,10.05,,75720825.0,95942,95942,0,1/1,1,U
12,20231212,002691.SZ,专用设备,冀凯股份,10.01,,66769248.0,94151,94151,0,1/1,1,U
13,20231212,002786.SZ,专用设备,银宝山新,9.97,,88856667.0,135554,135554,0,1/1,1,U
14,20231212,002835.SZ,计算机设,同为股份,9.99,,46600581.0,93527,94324,1,1/1,1,U
15,20231212,300235.SZ,软件开发,方直科技,20.02,,4590278.0,93551,145345,5,1/1,1,U
16,20231212,600072.SH,船舶制造,中船科技,9.99,,136848096.0,93941,95220,1,1/1,1,U
17,20231212,600083.SH,通信设备,博信股份,10.04,,100817506.0,92501,92501,0,2/2,2,U
18,20231212,600159.SH,房地产开发,大龙地产,9.95,,80729460.0,111911,111911,0,1/1,1,U
19,20231212,600189.SH,食品饮料,泉阳泉,9.96,,37870892.0,95808,95808,0,1/1,1,U
20,20231212,600234.SH,房地产开发,科新发展,10.01,,31828957.0,101120,101120,0,1/1,1,U
21,20231212,600250.SH,贸易行业,南京商旅,10.03,,92978075.0,140734,140818,1,8/11,1,U
22,20231212,600636.SH,教育,国新文化,10.03,,32907529.0,95839,100118,1,1/1,1,U
23,20231212,600678.SH,水泥建材,四川金顶,10.0,,79938854.0,93126,104456,14,5/5,5,U
24,20231212,600686.SH,汽车整车,金龙汽车,9.95,,37408923.0,95033,95033,0,1/1,1,U
25,20231212,600712.SH,商业百货,南宁百货,10.0,,112015200.0,92502,92502,0,2/2,2,U
26,20231212,600715.SH,游戏,文投控股,10.0,,308309694.0,92501,92501,0,5/5,5,U
27,20231212,600730.SH,教育,中国高科,10.02,,77325622.0,95746,95746,0,1/1,1,U
28,20231212,600793.SH,造纸印刷,宜宾纸业,10.02,,25694397.0,131136,131212,1,1/1,1,U
29,20231212,600807.SH,房地产开发,济南高新,10.12,,22407329.0,134113,134113,0,1/1,1,U
30,20231212,600981.SH,贸易行业,汇鸿集团,10.0,,49830462.0,93454,93730,2,3/5,1,U
31,20231212,603066.SH,物流行业,音飞储存,10.03,,50842659.0,130143,130143,0,1/1,1,U
32,20231212,603153.SH,工程咨询,上海建科,10.01,,52776360.0,104241,104241,0,2/4,1,U
33,20231212,603660.SH,计算机设,苏州科达,9.97,,472680391.0,92501,92501,0,4/4,4,U
34,20231212,603696.SH,食品饮料,安记食品,10.04,,74450849.0,93329,93329,0,1/1,1,U
35,20231212,603729.SH,文化传媒,龙韵股份,10.02,,112104958.0,92500,92500,0,2/2,2,U
36,20231212,603869.SH,互联网服,新智认知,9.98,,50864211.0,93133,93315,1,1/1,1,U
37,20231212,603999.SH,文化传媒,读者传媒,9.97,,61633859.0,143253,143253,0,1/1,1,U
38,20231212,605118.SH,光学光电,力鼎光电,9.98,,22546614.0,102602,140029,2,1/1,1,U
39,20231212,605122.SH,水泥建材,四方新材,9.98,,49165434.0,130109,130109,0,1/1,1,U
40,20231212,605179.SH,食品饮料,一鸣食品,10.01,,24877424.0,140041,140041,0,4/6,1,U
41,20231212,605577.SH,文化传媒,龙版传媒,9.99,,45425800.0,93030,101824,7,10/15,2,U
42,20231212,688506.SH,生物制品,百利天恒-U,20.0,,260418024.0,92502,92502,0,1/1,1,U
0,20231212,000766.SZ,化学制药,通化金马,-10.0,370738774.0,209504816.0,,131454,4,,1,D
0,20231212,000419.SZ,商业百货,通程控股,6.01,,,93124,,1,0/0,,Z
1,20231212,000529.SZ,食品饮料,广弘控股,6.71,,,110048,,5,0/0,,Z
2,20231212,000985.SZ,化学制品,大庆华科,4.19,,,94130,,1,0/0,,Z
3,20231212,001234.SZ,纺织服装,泰慕士,3.23,,,94454,,1,1/2,,Z
4,20231212,002162.SZ,装修建材,悦心健康,5.87,,,110803,,1,0/0,,Z
5,20231212,002253.SZ,软件开发,川大智胜,5.6,,,101033,,1,0/0,,Z
6,20231212,002494.SZ,纺织服装,华斯股份,6.47,,,93536,,1,0/0,,Z
7,20231212,002510.SZ,汽车零部件,天汽模,7.85,,,131730,,1,0/0,,Z
8,20231212,002526.SZ,专用设备,山东矿机,6.34,,,93800,,4,0/0,,Z
9,20231212,002558.SZ,游戏,巨人网络,4.47,,,93003,,1,0/0,,Z
10,20231212,002883.SZ,工程咨询,中设股份,5.55,,,93136,,1,0/0,,Z
11,20231212,003005.SZ,互联网服,竞业达,4.86,,,103700,,1,0/0,,Z
12,20231212,600560.SH,专用设备,金自天正,-1.8,,,93111,,7,2/3,,Z
13,20231212,600836.SH,包装材料,上海易连,6.35,,,110338,,3,0/0,,Z
0,20231213,000409.SZ,互联网服,云鼎科技,9.99,,69108899.0,93012,104539,6,3/3,3,U
1,20231213,000526.SZ,教育,学大教育,10.01,,19429248.0,132106,132106,0,1/1,1,U
2,20231213,000570.SZ,汽车零部件,苏常柴Ａ,10.0,,10021473.0,95757,145506,2,1/1,1,U
3,20231213,000705.SZ,医药商业,浙江震元,10.0,,52278776.0,94736,94736,0,1/1,1,U
4,20231213,000722.SZ,电力行业,湖南发展,10.03,,38541362.0,93445,111303,2,1/1,1,U
5,20231213,000766.SZ,化学制药,通化金马,10.0,,60557825.0,93845,134021,14,4/8,1,U
6,20231213,000919.SZ,中药,金陵药业,10.04,,91750572.0,93230,93336,1,1/1,1,U
7,20231213,002031.SZ,专用设备,巨轮智能,10.05,,119351197.0,103657,134833,1,1/1,1,U
8,20231213,002265.SZ,汽车零部件,建设工业,9.96,,49624365.0,130000,130000,0,1/1,1,U
9,20231213,002313.SZ,通信设备,日海智能,10.03,,5503512.0,94403,145639,17,6/10,2,U
10,20231213,002362.SZ,软件开发,汉王科技,9.99,,89432229.0,101018,135033,3,2/2,2,U
11,20231213,002678.SZ,家用轻工,珠江钢琴,9.95,,58985521.0,93003,93003,0,2/2,2,U
12,20231213,002739.SZ,文化传媒,万达电影,10.04,,264685479.0,92500,92500,0,1/1,1,U
13,20231213,002893.SZ,公用事业,京能热力,9.96,,71520749.0,93136,93509,2,1/1,1,U
14,20231213,600083.SH,通信设备,博信股份,9.98,,66578875.0,92501,93455,2,3/3,3,U
15,20231213,600355.SH,通信设备,精伦电子,9.96,,50727824.0,93828,94146,2,1/1,1,U
16,20231213,600452.SH,电力行业,涪陵电力,9.97,,28211857.0,131909,144529,2,1/1,1,U
17,20231213,600579.SH,专用设备,克劳斯,9.97,,60690222.0,104323,104323,0,1/1,1,U
18,20231213,600615.SH,小金属,丰华股份,10.02,,35685360.0,100313,111740,1,1/1,1,U
19,20231213,600678.SH,水泥建材,四川金顶,10.01,,88878875.0,93030,95127,4,6/6,6,U
20,20231213,600712.SH,商业百货,南宁百货,10.02,,389763529.0,92502,92502,0,3/3,3,U
21,20231213,600714.SH,化学原料,金瑞矿业,9.99,,23870236.0,131256,131256,0,1/1,1,U
22,20231213,600715.SH,游戏,文投控股,9.92,,42716940.0,93143,145504,5,6/6,6,U
23,20231213,600725.SH,煤炭行业,云维股份,10.17,,38794645.0,93138,93138,0,1/1,1,U
24,20231213,600807.SH,房地产开发,济南高新,10.0,,74384231.0,92502,92502,0,2/2,2,U
25,20231213,600814.SH,商业百货,杭州解百,9.97,,72021788.0,94510,94510,0,1/1,1,U
26,20231213,601177.SH,通用设备,杭齿前进,10.05,,3957822.0,104057,145545,9,1/1,1,U
27,20231213,601968.SH,包装材料,宝钢包装,9.98,,53608180.0,130315,130315,0,1/1,1,U
28,20231213,603066.SH,物流行业,音飞储存,10.03,,92482754.0,93153,93153,0,2/2,2,U
29,20231213,603153.SH,工程咨询,上海建科,10.0,,35114379.0,95054,131009,4,3/5,2,U
30,20231213,603168.SH,化学制药,莎普爱思,10.01,,100551067.0,101750,102453,1,1/1,1,U
31,20231213,603598.SH,文化传媒,引力传媒,10.0,,108957818.0,94137,94304,1,11/20,1,U
32,20231213,603660.SH,计算机设,苏州科达,9.99,,493781768.0,92500,92500,0,5/5,5,U
33,20231213,603729.SH,文化传媒,龙韵股份,9.99,,65048812.0,93121,130018,5,3/3,3,U
34,20231213,605086.SH,采掘行业,龙高股份,9.99,,72473856.0,145112,145112,0,1/1,1,U
35,20231213,605488.SH,塑料制品,福莱新材,10.0,,66907036.0,130043,130043,0,1/1,1,U
0,20231213,603949.SH,汽车零部件,雪龙集团,-10.0,40207266.0,47716812.0,,110546,0,,1,D
0,20231213,000421.SZ,燃气,南京公用,9.27,,,93124,,16,3/4,,Z
1,20231213,000565.SZ,化学制品,渝三峡Ａ,6.02,,,102809,,5,0/0,,Z
2,20231213,002496.SZ,农药兽药,辉丰股份,4.98,,,93733,,2,0/0,,Z
3,20231213,002693.SZ,生物制品,双成药业,5.32,,,93727,,1,0/0,,Z
4,20231213,300007.SZ,仪器仪表,汉威科技,14.25,,,111439,,2,0/0,,Z
5,20231213,301089.SZ,化学制药,拓新药业,19.98,,,101854,,3,0/0,,Z
6,20231213,600168.SH,公用事业,武汉控股,4.73,,,131742,,1,0/0,,Z
7,20231213,600183.SH,电子元件,生益科技,7.42,,,142818,,1,0/0,,Z
8,20231213,600249.SH,美容护理,两面针,5.7,,,102455,,2,0/0,,Z
9,20231213,600636.SH,教育,国新文化,5.56,,,100809,,2,1/2,,Z
10,20231213,600713.SH,医药商业,南京医药,7.03,,,93612,,1,0/0,,Z
11,20231213,600793.SH,造纸印刷,宜宾纸业,4.2,,,101206,,1,1/2,,Z
12,20231213,600800.SH,化学制品,渤海化学,5.04,,,95729,,2,0/0,,Z
13,20231213,603025.SH,专用设备,大豪科技,6.51,,,110308,,2,0/0,,Z
14,20231213,603189.SH,软件开发,网达软件,7.94,,,135232,,3,0/0,,Z
15,20231213,603662.SH,仪器仪表,柯力传感,8.9,,,110032,,5,0/0,,Z
16,20231213,603696.SH,食品饮料,安记食品,2.22,,,95559,,2,1/2,,Z
17,20231213,605577.SH,文化传媒,龙版传媒,8.1,,,143624,,4,10/16,,Z
18,20231213,688506.SH,生物制品,百利天恒-U,16.7,,,92502,,2,1/2,,Z
0,20231214,000524.SZ,旅游酒店,岭南控股,10.03,,58202605.0,93003,93003,0,1/1,1,U
1,20231214,000705.SZ,医药商业,浙江震元,10.02,,348775763.0,94242,94242,0,2/2,2,U
2,20231214,000838.SZ,房地产开发,财信发展,9.94,,49190905.0,93054,93730,1,1/1,1,U
3,20231214,000985.SZ,化学制品,大庆华科,10.01,,65498732.0,102924,102924,0,1/1,1,U
4,20231214,001208.SZ,电网设备,华菱线缆,9.99,,10647282.0,111048,144218,1,1/1,1,U
5,20231214,001210.SZ,公用事业,金房能源,10.0,,45538283.0,131112,131112,0,1/1,1,U
6,20231214,002177.SZ,计算机设,御银股份,9.95,,66357234.0,100657,100657,0,1/1,1,U
7,20231214,002235.SZ,造纸印刷,安妮股份,9.98,,153657259.0,94554,94554,0,1/1,1,U
8,20231214,002291.SZ,互联网服,遥望科技,9.96,,32796558.0,95012,95012,0,1/1,1,U
9,20231214,002445.SZ,通用设备,中南文化,10.12,,109141632.0,93424,102330,1,1/1,1,U
10,20231214,002755.SZ,化学制药,奥赛康,9.99,,34898328.0,132524,132524,0,1/1,1,U
11,20231214,002862.SZ,家用轻工,实丰文化,10.01,,38390919.0,93445,130457,9,2/4,1,U
12,20231214,002893.SZ,公用事业,京能热力,10.02,,82870720.0,92500,104654,5,2/2,2,U
13,20231214,600083.SH,通信设备,博信股份,10.05,,60495768.0,93107,93219,1,4/4,4,U
14,20231214,600121.SH,煤炭行业,郑州煤电,10.0,,19374907.0,101630,143354,8,1/1,1,U
15,20231214,600128.SH,贸易行业,苏豪弘业,9.99,,37610328.0,103632,110311,5,1/1,1,U
16,20231214,600149.SH,贸易行业,廊坊发展,9.93,,40844043.0,131300,131300,0,1/1,1,U
17,20231214,600180.SH,物流行业,瑞茂通,10.08,,59653280.0,111909,111909,0,1/1,1,U
18,20231214,600241.SH,电池,时代万恒,10.04,,41146056.0,93034,93407,3,1/1,1,U
19,20231214,600336.SH,家电行业,澳柯玛,10.0,,77390272.0,93057,94403,1,1/1,1,U
20,20231214,600579.SH,专用设备,克劳斯,10.04,,160985724.0,92502,92502,0,2/2,2,U
21,20231214,600610.SH,化学原料,中毅达,10.03,,47950673.0,94837,100840,3,1/1,1,U
22,20231214,600630.SH,纺织服装,龙头股份,9.97,,86067768.0,110009,110009,0,1/1,1,U
23,20231214,600651.SH,光学光电,飞乐音响,10.09,,77178328.0,111615,111615,0,1/1,1,U
24,20231214,600679.SH,交运设备,上海凤凰,10.0,,53392244.0,103457,103457,0,1/1,1,U
25,20231214,600712.SH,商业百货,南宁百货,9.95,,256167540.0,92501,92501,0,4/4,4,U
26,20231214,600725.SH,煤炭行业,云维股份,10.15,,102030343.0,93002,93002,0,2/2,2,U
27,20231214,600807.SH,房地产开发,济南高新,10.07,,75924732.0,92500,93048,1,3/3,3,U
28,20231214,600818.SH,交运设备,中路股份,10.03,,33108739.0,130632,130632,0,1/1,1,U
29,20231214,603066.SH,物流行业,音飞储存,10.02,,64972333.0,92500,94112,3,3/3,3,U
30,20231214,603081.SH,装修装饰,大丰实业,10.03,,29465368.0,133146,133146,0,1/1,1,U
31,20231214,603153.SH,工程咨询,上海建科,10.0,,85146292.0,100822,103249,1,4/6,3,U
32,20231214,603230.SH,文化传媒,内蒙新华,9.98,,94825197.0,93135,93305,1,1/1,1,U
33,20231214,603598.SH,文化传媒,引力传媒,10.0,,161296656.0,93557,93557,0,12/21,2,U
34,20231214,603660.SH,计算机设,苏州科达,10.02,,129410070.0,92502,145226,1,6/6,6,U
35,20231214,603729.SH,文化传媒,龙韵股份,9.99,,64243180.0,93623,110223,6,4/4,4,U
36,20231214,603803.SH,通信设备,瑞斯康达,9.99,,8909941.0,95113,144928,16,1/1,1,U
37,20231214,605011.SH,公用事业,杭州热电,10.01,,105432426.0,130848,130848,0,1/1,1,U
38,20231214,605488.SH,塑料制品,福莱新材,9.99,,173102348.0,93002,93002,0,2/2,2,U
0,20231214,001314.SZ,消费电子,亿道信息,-10.0,29793582.0,27747977.0,,144006,0,,1,D
1,20231214,002962.SZ,光学光电,五方光电,-10.0,91172835.0,38137016.0,,140939,0,,1,D
2,20231214,600560.SH,专用设备,金自天正,-10.02,93190051.0,57067429.0,,134507,5,,1,D
3,20231214,600661.SH,教育,昂立教育,-10.0,61323749.0,20954874.0,,142624,3,,1,D
4,20231214,600696.SH,酿酒行业,岩石股份,-9.99,192032256.0,8342848.0,,135507,1,,1,D
5,20231214,603189.SH,软件开发,网达软件,-9.98,51115548.0,68588250.0,,133903,1,,1,D
6,20231214,603536.SH,食品饮料,惠发食品,-10.01,38074710.0,22726104.0,,144921,1,,1,D
7,20231214,603949.SH,汽车零部件,雪龙集团,-10.01,342709593.0,90289594.0,,92503,0,,2,D
8,20231214,605218.SH,光学光电,伟时电子,-9.98,30680430.0,11906597.0,,144429,0,,1,D
0,20231214,000409.SZ,互联网服,云鼎科技,4.13,,,94009,,1,3/4,,Z
1,20231214,000701.SZ,商业百货,厦门信达,4.34,,,132906,,1,0/0,,Z
2,20231214,000719.SZ,文化传媒,中原传媒,6.43,,,134345,,1,0/0,,Z
3,20231214,000779.SZ,工程咨询,甘咨询,5.03,,,95057,,1,0/0,,Z
4,20231214,000919.SZ,中药,金陵药业,-0.11,,,92500,,1,1/2,,Z
5,20231214,001318.SZ,食品饮料,阳光乳业,4.35,,,94009,,1,0/0,,Z
6,20231214,002047.SZ,装修装饰,宝鹰股份,6.32,,,93648,,1,0/0,,Z
7,20231214,002209.SZ,专用设备,达 意 隆,4.69,,,100121,,2,0/0,,Z
8,20231214,002490.SZ,专用设备,山东墨龙,3.84,,,93130,,1,0/0,,Z
9,20231214,002611.SZ,专用设备,东方精工,7.14,,,133909,,3,0/0,,Z
10,20231214,002806.SZ,有色金属,华锋股份,4.42,,,93815,,5,0/0,,Z
11,20231214,002989.SZ,装修装饰,中天精装,4.01,,,92500,,6,0/0,,Z
12,20231214,600232.SH,纺织服装,金鹰股份,4.57,,,94300,,2,0/0,,Z
13,20231214,600551.SH,文化传媒,时代出版,7.34,,,95407,,1,0/0,,Z
14,20231214,600992.SH,通用设备,贵绳股份,7.92,,,134339,,1,0/0,,Z
15,20231214,601949.SH,文化传媒,中国出版,6.9,,,95441,,2,0/0,,Z
16,20231214,603626.SH,消费电子,科森科技,4.56,,,95004,,2,0/0,,Z
17,20231214,603836.SH,物流行业,海程邦达,4.98,,,105015,,4,0/0,,Z
0,20231215,000421.SZ,燃气,南京公用,9.95,,44775180.0,93621,134445,10,4/6,1,U
1,20231215,000524.SZ,旅游酒店,岭南控股,9.96,,59028279.0,93000,93000,0,2/2,2,U
2,20231215,001314.SZ,消费电子,亿道信息,10.0,,66067216.0,102836,102836,0,1/1,1,U
3,20231215,002022.SZ,医疗器械,科华生物,10.02,,87322286.0,111303,111303,0,1/1,1,U
4,20231215,002103.SZ,家用轻工,广博股份,10.01,,88020174.0,135803,135803,0,1/1,1,U
5,20231215,002127.SZ,贸易行业,南极电商,9.89,,27547280.0,144212,145115,2,1/1,1,U
6,20231215,002150.SZ,通用设备,通润装备,10.0,,47411375.0,93236,94418,1,1/1,1,U
7,20231215,002176.SZ,电机,江特电机,9.99,,123158033.0,93933,93933,0,1/1,1,U
8,20231215,002292.SZ,文化传媒,奥飞娱乐,10.04,,225786195.0,103418,103418,0,1/1,1,U
9,20231215,002445.SZ,通用设备,中南文化,9.93,,214994574.0,92500,92500,0,2/2,2,U
10,20231215,002591.SZ,综合行业,恒大高新,10.06,,59259433.0,93227,93442,2,1/1,1,U
11,20231215,002640.SZ,贸易行业,跨境通,9.92,,206343936.0,143833,143833,0,1/1,1,U
12,20231215,002786.SZ,专用设备,银宝山新,9.98,,52716240.0,134600,140436,2,2/4,1,U
13,20231215,002862.SZ,家用轻工,实丰文化,9.99,,18542442.0,132924,133051,1,3/5,2,U
14,20231215,002878.SZ,专业服务,元隆雅图,10.01,,38476075.0,93621,94551,2,1/1,1,U
15,20231215,002893.SZ,公用事业,京能热力,9.99,,120121394.0,93057,93057,0,3/3,3,U
16,20231215,003042.SZ,农药兽药,中农联合,9.98,,46827157.0,131357,131357,0,1/1,1,U
17,20231215,300781.SZ,文化传媒,因赛集团,19.99,,14677470.0,103036,145539,7,1/1,1,U
18,20231215,600099.SH,交运设备,林海股份,10.02,,73533077.0,101612,101612,0,1/1,1,U
19,20231215,600149.SH,电力行业,廊坊发展,10.0,,84326490.0,92500,92500,0,2/2,2,U
20,20231215,600159.SH,房地产开发,大龙地产,9.93,,39094389.0,93027,95003,2,2/4,1,U
21,20231215,600234.SH,房地产开发,科新发展,10.06,,20510014.0,131621,131621,0,2/4,1,U
22,20231215,600255.SH,有色金属,鑫科材料,10.19,,86774359.0,102048,102048,0,1/1,1,U
23,20231215,600358.SH,文化传媒,国旅联合,10.0,,83884991.0,103022,103301,1,1/1,1,U
24,20231215,600579.SH,专用设备,克劳斯,10.0,,3443440.0,92502,144908,6,3/3,3,U
25,20231215,600630.SH,纺织服装,龙头股份,10.01,,94307623.0,100454,140406,1,4/8,2,U
26,20231215,600697.SH,商业百货,欧亚集团,10.04,,29514382.0,110308,111808,2,1/1,1,U
27,20231215,600712.SH,商业百货,南宁百货,9.97,,98021070.0,93019,95216,1,5/5,5,U
28,20231215,600725.SH,煤炭行业,云维股份,10.06,,159322575.0,92502,92502,0,3/3,3,U
29,20231215,600748.SH,房地产开发,上实发展,10.03,,10709042.0,95525,134725,3,1/1,1,U
30,20231215,600791.SH,房地产开发,京能置业,10.02,,64666051.0,92501,92501,0,1/1,1,U
31,20231215,601999.SH,文化传媒,出版传媒,9.95,,21535385.0,100248,105254,2,4/8,1,U
32,20231215,603066.SH,物流行业,音飞储存,10.02,,37175145.0,105816,144010,6,4/4,4,U
33,20231215,603106.SH,计算机设,恒银科技,10.04,,60728596.0,95332,95332,0,1/1,1,U
34,20231215,603153.SH,工程咨询,上海建科,10.0,,10717203.0,93328,145043,21,5/7,4,U
35,20231215,603230.SH,文化传媒,内蒙新华,10.01,,224488174.0,92502,92502,0,2/2,2,U
36,20231215,603392.SH,生物制品,万泰生物,9.99,,49493773.0,95837,95946,1,1/1,1,U
37,20231215,603598.SH,文化传媒,引力传媒,9.99,,70635856.0,100743,104316,7,13/22,3,U
38,20231215,603607.SH,造纸印刷,京华激光,10.03,,65221852.0,140038,140038,0,1/1,1,U
39,20231215,603693.SH,电力行业,江苏新能,9.99,,39351540.0,130010,130010,0,1/1,1,U
40,20231215,603721.SH,文化传媒,中广天择,10.0,,137060368.0,93235,93235,0,10/19,1,U
41,20231215,603789.SH,专用设备,星光农机,10.0,,46860798.0,93034,93034,0,1/1,1,U
42,20231215,605011.SH,公用事业,杭州热电,10.0,,44593255.0,93057,94403,1,2/2,2,U
43,20231215,605488.SH,塑料制品,福莱新材,10.01,,3282459.0,93005,145220,10,3/3,3,U
0,20231215,002316.SZ,互联网服,亚联发展,-9.97,391626199.0,134592358.0,,93027,1,,1,D
1,20231215,600083.SH,通信设备,博信股份,-10.02,59920758.0,52071012.0,,142120,0,,1,D
2,20231215,603949.SH,汽车零部件,雪龙集团,-10.0,288884728.0,113224900.0,,92502,0,,3,D
0,20231215,000065.SZ,工程建设,北方国际,7.35,,,131342,,1,0/0,,Z
1,20231215,000722.SZ,电力行业,湖南发展,6.25,,,132651,,1,0/0,,Z
2,20231215,000838.SZ,房地产开发,财信发展,-1.51,,,93136,,1,1/2,,Z
3,20231215,002343.SZ,文化传媒,慈文传媒,4.21,,,100948,,1,0/0,,Z
4,20231215,002490.SZ,专用设备,山东墨龙,4.11,,,113000,,1,0/0,,Z
5,20231215,002518.SZ,电源设备,科士达,5.3,,,103621,,1,0/0,,Z
6,20231215,002598.SZ,通用设备,山东章鼓,5.89,,,94139,,1,0/0,,Z
7,20231215,002655.SZ,消费电子,共达电声,5.75,,,93057,,1,0/0,,Z
8,20231215,002734.SZ,农药兽药,利民股份,3.23,,,94530,,1,0/0,,Z
9,20231215,002972.SZ,交运设备,科安达,4.09,,,131003,,1,0/0,,Z
10,20231215,301508.SZ,专业服务,中机认检,12.97,,,101839,,3,0/0,,Z
11,20231215,600241.SH,电池,时代万恒,2.88,,,94016,,2,1/2,,Z
12,20231215,600638.SH,房地产开发,新黄浦,7.17,,,95109,,1,0/0,,Z
13,20231215,600830.SH,多元金融,香溢融通,6.33,,,103655,,1,0/0,,Z
0,20231218,002022.SZ,医疗器械,科华生物,10.03,,39210205.0,93618,95033,2,2/2,2,U
1,20231218,002313.SZ,通信设备,日海智能,10.0,,7277908.0,143506,144930,10,7/13,1,U
2,20231218,002494.SZ,纺织服装,华斯股份,9.97,,35592342.0,93212,135342,1,1/1,1,U
3,20231218,002591.SZ,综合行业,恒大高新,10.01,,283007235.0,92500,92500,0,2/2,2,U
4,20231218,002682.SZ,物流行业,龙洲股份,10.06,,91206594.0,95400,95400,0,1/1,1,U
5,20231218,002806.SZ,有色金属,华锋股份,10.02,,81932844.0,93536,93536,0,1/1,1,U
6,20231218,002855.SZ,消费电子,捷荣技术,9.99,,128180343.0,94142,94421,1,1/1,1,U
7,20231218,002862.SZ,家用轻工,实丰文化,9.99,,64820113.0,94215,103145,2,4/6,3,U
8,20231218,002888.SZ,消费电子,惠威科技,9.98,,146053288.0,94209,94209,0,1/1,1,U
9,20231218,002915.SZ,化学制品,中欣氟材,9.98,,30458680.0,93133,93133,0,1/1,1,U
10,20231218,003005.SZ,互联网服,竞业达,10.0,,77895942.0,94427,94427,0,1/1,1,U
11,20231218,300949.SZ,工程咨询,奥雅股份,20.0,,420983085.0,92500,92500,0,1/1,1,U
12,20231218,301076.SZ,化学原料,新瀚新材,19.98,,44392304.0,100118,100118,0,1/1,1,U
13,20231218,600026.SH,航运港口,中远海能,10.03,,2570215.0,131317,145559,4,1/1,1,U
14,20231218,600234.SH,房地产开发,科新发展,10.05,,24646742.0,92500,92500,0,3/5,2,U
15,20231218,600358.SH,文化传媒,国旅联合,9.99,,15653991.0,92500,140518,18,2/2,2,U
16,20231218,600423.SH,化学原料,柳化股份,9.89,,13596829.0,110649,110649,0,1/1,1,U
17,20231218,600476.SH,互联网服,湘邮科技,10.0,,69884232.0,93138,93320,1,1/1,1,U
18,20231218,600626.SH,汽车零部件,申达股份,10.13,,38007398.0,141217,141217,0,1/1,1,U
19,20231218,600630.SH,纺织服装,龙头股份,10.04,,245480270.0,93050,93050,0,5/9,3,U
20,20231218,600679.SH,交运设备,上海凤凰,10.05,,47700452.0,134937,134937,0,2/3,1,U
21,20231218,600697.SH,商业百货,欧亚集团,10.0,,69581761.0,93008,93008,0,2/2,2,U
22,20231218,600769.SH,工程建设,祥龙电业,10.01,,14487755.0,101252,101252,0,1/1,1,U
23,20231218,601022.SH,航运港口,宁波远洋,10.02,,158411250.0,93000,93000,0,1/1,1,U
24,20231218,601083.SH,航运港口,锦江航运,10.04,,44512012.0,131107,131737,3,1/1,1,U
25,20231218,603162.SH,航运港口,海通发展,10.02,,61532241.0,130121,130121,0,1/1,1,U
26,20231218,603178.SH,汽车零部件,圣龙股份,9.99,,55814504.0,103855,145631,4,1/1,1,U
27,20231218,603230.SH,文化传媒,内蒙新华,9.99,,387923307.0,92502,92502,0,3/3,3,U
28,20231218,603329.SH,物流行业,上海雅仕,10.02,,32177439.0,93002,93711,1,1/1,1,U
29,20231218,603721.SH,文化传媒,中广天择,10.01,,167479145.0,92502,92502,0,11/20,2,U
30,20231218,603789.SH,专用设备,星光农机,10.0,,115050465.0,92504,92504,0,2/2,2,U
31,20231218,603825.SH,文化传媒,华扬联众,9.98,,74906310.0,143638,143638,0,1/1,1,U
32,20231218,603963.SH,中药,大理药业,9.99,,64249803.0,94103,94103,0,1/1,1,U
33,20231218,603967.SH,物流行业,中创物流,10.02,,39366792.0,110036,110036,0,1/1,1,U
34,20231218,603999.SH,文化传媒,读者传媒,9.96,,47710785.0,93019,94955,1,1/1,1,U
35,20231218,605086.SH,采掘行业,龙高股份,9.99,,66657573.0,103109,103109,0,2/4,1,U
0,20231218,000421.SZ,燃气,南京公用,-9.98,247546091.0,8136625.0,,150000,9,,1,D
1,20231218,002316.SZ,互联网服,亚联发展,-10.02,282555392.0,136504939.0,,92500,0,,2,D
2,20231218,002893.SZ,公用事业,京能热力,-10.01,69135778.0,33961475.0,,143336,4,,1,D
3,20231218,600083.SH,通信设备,博信股份,-9.95,2099064951.0,36272821.0,,132543,6,,2,D
4,20231218,600128.SH,贸易行业,苏豪弘业,-9.98,128714604.0,21452434.0,,134520,13,,1,D
5,20231218,600579.SH,专用设备,克劳斯,-9.99,623628857.0,22250195.0,,140930,3,,1,D
6,20231218,600678.SH,水泥建材,四川金顶,-9.95,3048847164.0,213358361.0,,93434,2,,1,D
7,20231218,600696.SH,酿酒行业,岩石股份,-9.99,34523425.0,21351040.0,,105851,1,,1,D
8,20231218,600712.SH,商业百货,南宁百货,-10.04,19699590.0,93713868.0,,132612,0,,1,D
9,20231218,603036.SH,专用设备,如通股份,-9.97,30310016.0,6433152.0,,101717,0,,1,D
10,20231218,603066.SH,物流行业,音飞储存,-9.99,187885885.0,45809340.0,,142836,13,,1,D
11,20231218,605488.SH,塑料制品,福莱新材,-9.99,562857404.0,10372980.0,,144526,3,,1,D
0,20231218,000520.SZ,航运港口,凤凰航运,7.85,,,131333,,1,0/0,,Z
1,20231218,000779.SZ,工程咨询,甘咨询,4.37,,,95412,,2,0/0,,Z
2,20231218,002124.SZ,农牧饲渔,天邦食品,5.15,,,94030,,5,0/0,,Z
3,20231218,002445.SZ,通用设备,中南文化,-4.35,,,93154,,1,2/3,,Z
4,20231218,002510.SZ,汽车零部件,天汽模,8.15,,,93524,,2,0/0,,Z
5,20231218,002799.SZ,包装材料,环球印务,5.67,,,94048,,2,0/0,,Z
6,20231218,002908.SZ,通信服务,德生科技,6.06,,,94609,,1,0/0,,Z
7,20231218,600159.SH,房地产开发,大龙地产,-1.98,,,100018,,1,1/2,,Z
8,20231218,600179.SH,物流行业,安通控股,7.72,,,94618,,2,0/0,,Z
9,20231218,600213.SH,汽车整车,亚星客车,4.66,,,104410,,1,0/0,,Z
10,20231218,600676.SH,汽车零部件,交运股份,3.75,,,142009,,1,0/0,,Z
11,20231218,600725.SH,煤炭行业,云维股份,2.54,,,93410,,3,3/4,,Z
12,20231218,601188.SH,铁路公路,龙江交通,6.5,,,112553,,8,0/0,,Z
13,20231218,603836.SH,物流行业,海程邦达,7.1,,,134018,,2,0/0,,Z
14,20231218,605333.SH,汽车零部件,沪光股份,9.79,,,103658,,1,0/0,,Z
0,20231219,000610.SZ,旅游酒店,西安旅游,10.02,,97795780.0,111427,111427,0,1/1,1,U
1,20231219,000890.SZ,通用设备,法尔胜,10.02,,13022802.0,131354,132948,4,1/1,1,U
2,20231219,001239.SZ,专用设备,永达股份,9.99,,60218374.0,93115,93206,1,1/1,1,U
3,20231219,001314.SZ,消费电子,亿道信息,10.0,,80482663.0,94227,94227,0,2/3,1,U
4,20231219,002306.SZ,旅游酒店,中科云网,10.05,,40769106.0,95800,95800,0,1/1,1,U
5,20231219,002347.SZ,通用设备,泰尔股份,10.09,,74120729.0,133312,133312,0,1/1,1,U
6,20231219,002354.SZ,互联网服,天娱数科,9.93,,110418690.0,93924,101206,1,1/1,1,U
7,20231219,002660.SZ,消费电子,茂硕电源,10.01,,21659547.0,95012,143809,9,1/1,1,U
8,20231219,002862.SZ,家用轻工,实丰文化,10.0,,84354433.0,93006,133436,2,5/7,4,U
9,20231219,002878.SZ,专业服务,元隆雅图,10.0,,56195522.0,93633,93633,0,2/3,1,U
10,20231219,002888.SZ,消费电子,惠威科技,10.0,,40136464.0,100633,100633,0,2/2,2,U
11,20231219,002915.SZ,化学制品,中欣氟材,10.02,,79258379.0,94936,94936,0,2/2,2,U
12,20231219,300805.SZ,文化传媒,电声股份,20.0,,45903060.0,93848,93848,0,1/1,1,U
13,20231219,300949.SZ,工程咨询,奥雅股份,20.0,,606228013.0,92500,92500,0,2/2,2,U
14,20231219,301076.SZ,化学原料,新瀚新材,19.99,,44430290.0,100351,111036,2,2/2,2,U
15,20231219,600610.SH,化学原料,中毅达,10.01,,21056908.0,94725,134119,2,2/4,1,U
16,20231219,600692.SH,房地产开发,亚通股份,10.07,,29817412.0,93139,93221,1,1/1,1,U
17,20231219,600706.SH,旅游酒店,曲江文旅,9.97,,140857744.0,93210,93210,0,1/1,1,U
18,20231219,603106.SH,计算机设,恒银科技,10.0,,6285315.0,103320,145420,11,2/3,1,U
19,20231219,603392.SH,生物制品,万泰生物,10.0,,77000602.0,130707,143831,1,2/3,1,U
20,20231219,603656.SH,专用设备,泰禾智能,9.99,,25213726.0,134522,135219,1,1/1,1,U
21,20231219,603721.SH,文化传媒,中广天择,10.01,,76768480.0,93126,144553,5,12/21,3,U
22,20231219,603779.SH,酿酒行业,威龙股份,9.96,,31584968.0,102955,112331,8,1/1,1,U
23,20231219,603789.SH,专用设备,星光农机,10.01,,28307242.0,93515,95812,2,3/3,3,U
24,20231219,603967.SH,物流行业,中创物流,10.03,,86337206.0,92502,92502,0,2/2,2,U
25,20231219,688716.SH,塑料制品,中研股份,20.0,,48048062.0,112612,112754,1,1/1,1,U
0,20231219,000421.SZ,燃气,南京公用,-9.94,272744805.0,72758356.0,,131633,0,,2,D
1,20231219,600178.SH,汽车零部件,东安动力,-10.0,6219736146.0,104826092.0,,134337,6,,1,D
2,20231219,600234.SH,房地产开发,科新发展,-9.95,21450161.0,3603566.0,,143802,4,,1,D
3,20231219,600579.SH,专用设备,克劳斯,-9.99,627811876.0,14419831.0,,142511,5,,2,D
4,20231219,600678.SH,水泥建材,四川金顶,-10.02,3754268962.0,10502674.0,,112352,1,,2,D
5,20231219,600697.SH,商业百货,欧亚集团,-10.01,44280049.0,27396965.0,,134550,1,,1,D
6,20231219,600712.SH,商业百货,南宁百货,-9.92,3265769271.0,66678528.0,,112518,16,,2,D
7,20231219,600725.SH,煤炭行业,云维股份,-9.9,2141143493.0,164678532.0,,93046,0,,1,D
8,20231219,601136.SH,证券,首创证券,-10.01,83282170.0,48031174.0,,141032,2,,1,D
9,20231219,601188.SH,铁路公路,龙江交通,-9.89,59395272.0,12595547.0,,141656,1,,1,D
10,20231219,603066.SH,物流行业,音飞储存,-9.96,836096991.0,41661408.0,,135254,3,,2,D
11,20231219,603178.SH,汽车零部件,圣龙股份,-10.01,318737760.0,116342424.0,,132931,7,,1,D
12,20231219,603999.SH,文化传媒,读者传媒,-9.97,74300651.0,13301129.0,,141616,9,,1,D
0,20231219,000892.SZ,文化传媒,欢瑞世纪,5.24,,,93030,,2,0/0,,Z
1,20231219,000978.SZ,旅游酒店,桂林旅游,6.75,,,94639,,1,0/0,,Z
2,20231219,002512.SZ,计算机设,达华智能,7.27,,,94427,,3,0/0,,Z
3,20231219,002571.SZ,家用轻工,德力股份,5.58,,,95527,,1,0/0,,Z
4,20231219,002682.SZ,物流行业,龙洲股份,-1.77,,,93039,,1,1/2,,Z
5,20231219,003017.SZ,化学原料,大洋生物,6.02,,,130006,,1,0/0,,Z
6,20231219,300093.SZ,光伏设备,金刚光伏,16.16,,,94851,,1,0/0,,Z
7,20231219,301025.SZ,文化传媒,读客文化,11.11,,,93345,,1,0/0,,Z
8,20231219,600571.SH,互联网服,信雅达,6.24,,,103620,,1,0/0,,Z
9,20231219,600630.SH,纺织服装,龙头股份,-7.25,,,92502,,2,5/10,,Z
10,20231219,601022.SH,航运港口,宁波远洋,3.24,,,92500,,1,1/2,,Z
11,20231219,603038.SH,装修装饰,华立股份,3.29,,,93107,,1,0/0,,Z
12,20231219,603081.SH,装修装饰,大丰实业,7.28,,,134002,,2,0/0,,Z
13,20231219,603162.SH,航运港口,海通发展,1.47,,,93036,,1,1/2,,Z
14,20231219,603230.SH,文化传媒,内蒙新华,-1.92,,,95204,,2,3/4,,Z
15,20231219,603648.SH,物流行业,畅联股份,-1.44,,,93018,,1,0/0,,Z
16,20231219,603729.SH,文化传媒,龙韵股份,6.56,,,145508,,1,4/7,,Z
17,20231219,603808.SH,纺织服装,歌力思,6.72,,,94306,,1,0/0,,Z
18,20231219,605286.SH,专用设备,同力日升,3.86,,,105554,,1,0/0,,Z
0,20231220,000705.SZ,医药商业,浙江震元,9.98,,147880805.0,93230,93230,0,3/6,1,U
1,20231220,000810.SZ,家电行业,创维数字,9.99,,130257091.0,93033,95639,3,1/1,1,U
2,20231220,000993.SZ,电力行业,闽东电力,9.97,,42046516.0,94527,94527,0,1/1,1,U
3,20231220,001239.SZ,专用设备,永达股份,9.98,,143229045.0,92500,92500,0,2/2,2,U
4,20231220,001314.SZ,消费电子,亿道信息,10.0,,144673935.0,93100,93100,0,4/8,2,U
5,20231220,002395.SZ,塑料制品,双象股份,10.02,,75093773.0,101133,101133,0,1/1,1,U
6,20231220,002786.SZ,专用设备,银宝山新,10.03,,72552256.0,104242,145454,4,2/4,1,U
7,20231220,002888.SZ,消费电子,惠威科技,9.98,,10338065.0,95751,145357,2,3/3,3,U
8,20231220,002890.SZ,专用设备,弘宇股份,10.02,,51164058.0,93015,93015,0,1/1,1,U
9,20231220,002915.SZ,化学制品,中欣氟材,9.97,,71404947.0,92500,112100,3,3/3,3,U
10,20231220,002952.SZ,光学光电,亚世光电,10.01,,92714251.0,95118,95118,0,1/1,1,U
11,20231220,002972.SZ,交运设备,科安达,10.02,,68043792.0,95115,95115,0,1/1,1,U
12,20231220,300949.SZ,工程咨询,奥雅股份,20.01,,571766176.0,92500,92500,0,3/3,3,U
13,20231220,301032.SZ,通用设备,新柴股份,20.02,,39003777.0,93442,93442,0,1/1,1,U
14,20231220,301512.SZ,专用设备,智信精密,20.0,,40289184.0,94200,94751,1,1/1,1,U
15,20231220,600421.SH,通用设备,华嵘控股,9.97,,19801234.0,132240,132946,1,1/1,1,U
16,20231220,600610.SH,化学原料,中毅达,9.95,,72092232.0,144331,144331,0,3/5,2,U
17,20231220,600630.SH,纺织服装,龙头股份,10.01,,147150340.0,93605,93605,0,6/11,1,U
18,20231220,600692.SH,房地产开发,亚通股份,9.95,,87813557.0,92500,92500,0,2/2,2,U
19,20231220,603103.SH,文化传媒,横店影视,9.99,,60944881.0,130411,130411,0,1/1,1,U
20,20231220,603273.SH,专用设备,天元智能,10.0,,56231943.0,93252,93549,3,1/1,1,U
21,20231220,603389.SH,装修建材,亚振家居,10.05,,11766391.0,93201,93201,0,1/1,1,U
22,20231220,603489.SH,电机,八方股份,9.99,,65084505.0,110121,110121,0,1/1,1,U
23,20231220,603656.SH,专用设备,泰禾智能,10.0,,82203846.0,93021,93021,0,2/2,2,U
24,20231220,603722.SH,塑料制品,阿科力,10.0,,9690116.0,103100,140003,11,1/1,1,U
25,20231220,603779.SH,酿酒行业,威龙股份,9.99,,57861004.0,94752,95240,2,2/2,2,U
26,20231220,603789.SH,专用设备,星光农机,10.02,,85754681.0,92502,92502,0,4/4,4,U
27,20231220,603825.SH,文化传媒,华扬联众,10.0,,31585202.0,100250,144935,7,2/3,1,U
28,20231220,605011.SH,公用事业,杭州热电,10.0,,91048430.0,133545,133545,0,3/5,1,U
29,20231220,605086.SH,采掘行业,龙高股份,10.02,,70266592.0,93103,93609,3,3/6,1,U
30,20231220,605286.SH,专用设备,同力日升,10.02,,37852417.0,132742,134300,2,1/1,1,U
0,20231220,002292.SZ,文化传媒,奥飞娱乐,-9.97,100648518.0,38202251.0,,143357,0,,1,D
1,20231220,600155.SH,证券,华创云信,-9.98,56057418.0,20231777.0,,141920,0,,1,D
2,20231220,600358.SH,文化传媒,国旅联合,-10.03,2939078792.0,16293710.0,,143559,0,,1,D
3,20231220,601901.SH,证券,方正证券,-10.0,207568759.0,137842826.0,,131911,2,,1,D
4,20231220,603050.SH,电网设备,科林电气,-10.02,41443980.0,25722147.0,,133307,0,,1,D
5,20231220,603230.SH,文化传媒,内蒙新华,-10.0,2879932249.0,3205656.0,,145649,8,,1,D
6,20231220,603598.SH,文化传媒,引力传媒,-9.99,89256960.0,97981440.0,,143639,0,,1,D
7,20231220,603999.SH,文化传媒,读者传媒,-9.94,58267502.0,16368791.0,,141540,8,,2,D
8,20231220,605577.SH,文化传媒,龙版传媒,-10.0,50468601.0,29094599.0,,143541,2,,1,D
0,20231220,000570.SZ,汽车零部件,苏常柴Ａ,5.64,,,93254,,2,0/0,,Z
1,20231220,000985.SZ,化学制品,大庆华科,5.59,,,93545,,1,0/0,,Z
2,20231220,001210.SZ,公用事业,金房能源,6.29,,,93045,,3,0/0,,Z
3,20231220,002635.SZ,消费电子,安洁科技,7.45,,,100515,,1,0/0,,Z
4,20231220,002861.SZ,消费电子,瀛通通讯,3.57,,,94706,,2,0/0,,Z
5,20231220,002862.SZ,家用轻工,实丰文化,-4.82,,,93012,,4,5/8,,Z
6,20231220,002937.SZ,消费电子,兴瑞科技,7.92,,,130548,,1,0/0,,Z
7,20231220,300556.SZ,软件开发,丝路视觉,7.39,,,101257,,1,0/0,,Z
8,20231220,600168.SH,公用事业,武汉控股,6.03,,,102613,,2,0/0,,Z
9,20231220,600805.SH,综合行业,悦达投资,5.57,,,94809,,2,0/0,,Z
10,20231220,603280.SH,专用设备,南方路机,3.89,,,102644,,1,0/0,,Z
11,20231220,603716.SH,医药商业,塞力医疗,6.08,,,131452,,1,0/0,,Z
12,20231220,603960.SH,专用设备,克来机电,5.39,,,101655,,2,0/0,,Z
13,20231220,603967.SH,物流行业,中创物流,4.52,,,93929,,5,2/3,,Z
0,20231221,000656.SZ,房地产开发,金科股份,10.26,,46251015.0,102939,142306,3,1/1,1,U
1,20231221,000995.SZ,酿酒行业,皇台酒业,10.0,,23624092.0,103415,133245,6,1/1,1,U
2,20231221,001239.SZ,专用设备,永达股份,9.99,,125205727.0,93036,93036,0,3/3,3,U
3,20231221,001269.SZ,光伏设备,欧晶科技,10.01,,65325525.0,94403,94403,0,1/1,1,U
4,20231221,001300.SZ,家用轻工,三柏硕,10.01,,4664156.0,105815,145124,8,1/1,1,U
5,20231221,002127.SZ,贸易行业,南极电商,9.95,,70811540.0,111221,111221,0,1/1,1,U
6,20231221,002292.SZ,文化传媒,奥飞娱乐,9.99,,28586576.0,93542,141057,19,1/1,1,U
7,20231221,002306.SZ,旅游酒店,中科云网,10.12,,15448548.0,95039,101645,1,2/3,1,U
8,20231221,002494.SZ,纺织服装,华斯股份,10.0,,38282739.0,93027,93027,0,2/4,1,U
9,20231221,002518.SZ,电源设备,科士达,9.98,,41511477.0,134818,134818,0,1/1,1,U
10,20231221,002613.SZ,玻璃玻纤,北玻股份,9.95,,234815760.0,94318,94421,1,1/1,1,U
11,20231221,002615.SZ,家用轻工,哈尔斯,10.0,,41887430.0,93000,93000,0,1/1,1,U
12,20231221,002748.SZ,化学原料,世龙实业,10.0,,22660946.0,94927,94927,0,1/1,1,U
13,20231221,002799.SZ,包装材料,环球印务,10.02,,40145380.0,93548,93548,0,1/1,1,U
14,20231221,002855.SZ,消费电子,捷荣技术,10.01,,51308076.0,141400,145424,4,2/4,1,U
15,20231221,002875.SZ,纺织服装,安奈儿,10.03,,92271439.0,111130,111130,0,1/1,1,U
16,20231221,002878.SZ,专业服务,元隆雅图,10.02,,90216381.0,93015,93015,0,3/5,1,U
17,20231221,002888.SZ,消费电子,惠威科技,10.01,,8508206.0,140636,145003,6,4/4,4,U
18,20231221,002931.SZ,通用设备,锋龙股份,10.03,,81833036.0,141906,141906,0,1/1,1,U
19,20231221,002942.SZ,农药兽药,新农股份,10.0,,3428066.0,100142,144618,5,1/1,1,U
20,20231221,002952.SZ,光学光电,亚世光电,10.01,,53843638.0,92500,95930,2,2/2,2,U
21,20231221,300530.SZ,电池,领湃科技,20.02,,25956087.0,104209,104209,0,1/1,1,U
22,20231221,600321.SH,装修建材,正源股份,10.06,,25010750.0,112737,112737,0,1/1,1,U
23,20231221,600421.SH,通用设备,华嵘控股,10.03,,27504621.0,92501,92501,0,2/2,2,U
24,20231221,600630.SH,纺织服装,龙头股份,10.02,,130977103.0,110818,110818,0,7/12,2,U
25,20231221,600805.SH,综合行业,悦达投资,9.94,,44470818.0,94631,133940,2,1/1,1,U
26,20231221,603389.SH,装修建材,亚振家居,9.96,,44740636.0,92502,92502,0,2/2,2,U
27,20231221,603600.SH,装修建材,永艺股份,10.02,,37724890.0,141320,141320,0,1/1,1,U
28,20231221,603608.SH,纺织服装,天创时尚,10.04,,57866895.0,101703,101703,0,1/1,1,U
29,20231221,603628.SH,光伏设备,清源股份,10.03,,10748672.0,111356,135547,4,1/1,1,U
30,20231221,603729.SH,文化传媒,龙韵股份,10.0,,21672844.0,145333,145454,1,5/9,1,U
31,20231221,603779.SH,酿酒行业,威龙股份,10.02,,51202821.0,104053,132741,6,3/3,3,U
32,20231221,603789.SH,专用设备,星光农机,10.02,,35331802.0,93242,145015,7,5/5,5,U
33,20231221,603836.SH,物流行业,海程邦达,9.97,,60820416.0,93249,93249,0,1/1,1,U
34,20231221,605117.SH,家电行业,德业股份,10.0,,98233926.0,103720,103720,0,1/1,1,U
35,20231221,605286.SH,专用设备,同力日升,9.99,,30133963.0,104245,104939,3,2/2,2,U
0,20231221,002313.SZ,通信设备,日海智能,-9.98,66679273.0,1479428.0,,145657,3,,1,D
1,20231221,002862.SZ,家用轻工,实丰文化,-10.0,680485336.0,15866508.0,,145133,7,,1,D
2,20231221,600373.SH,文化传媒,中文传媒,-10.03,119184362.0,307458.0,,150000,18,,1,D
3,20231221,603967.SH,物流行业,中创物流,-10.0,1748464644.0,1331572.0,,145640,8,,1,D
0,20231221,000779.SZ,工程咨询,甘咨询,7.3,,,95221,,8,0/0,,Z
1,20231221,000892.SZ,文化传媒,欢瑞世纪,6.08,,,93127,,2,0/0,,Z
2,20231221,001255.SZ,化学原料,博菲电气,5.47,,,130242,,2,0/0,,Z
3,20231221,002103.SZ,家用轻工,广博股份,5.37,,,93051,,1,0/0,,Z
4,20231221,002323.SZ,装修建材,雅博股份,5.94,,,134915,,2,0/0,,Z
5,20231221,002697.SZ,商业百货,红旗连锁,3.54,,,92500,,1,0/0,,Z
6,20231221,002771.SZ,互联网服,真视通,7.32,,,110451,,2,0/0,,Z
7,20231221,002786.SZ,专用设备,银宝山新,5.89,,,110721,,11,1/2,,Z
8,20231221,301168.SZ,光伏设备,通灵股份,19.01,,,135121,,1,0/0,,Z
9,20231221,600159.SH,房地产开发,大龙地产,5.8,,,103529,,1,0/0,,Z
10,20231221,603103.SH,文化传媒,横店影视,0.51,,,93134,,3,1/2,,Z
11,20231221,603188.SH,化学制品,亚邦股份,7.59,,,134846,,2,0/0,,Z
12,20231221,603392.SH,生物制品,万泰生物,8.04,,,100511,,7,0/0,,Z
13,20231221,688685.SH,航天航空,迈信林,17.28,,,110602,,1,0/0,,Z
0,20231222,001239.SZ,专用设备,永达股份,10.0,,77260425.0,93448,93612,1,4/4,4.0,U
1,20231222,002103.SZ,家用轻工,广博股份,10.06,,31020968.0,93118,144624,6,1/1,1.0,U
2,20231222,002108.SZ,塑料制品,沧州明珠,10.1,,30977208.0,131521,142239,4,1/1,1.0,U
3,20231222,002306.SZ,旅游酒店,中科云网,10.09,,26541098.0,105018,134745,2,3/4,2.0,U
4,20231222,002748.SZ,化学原料,世龙实业,10.03,,49197644.0,92500,92500,0,2/2,2.0,U
5,20231222,002855.SZ,消费电子,捷荣技术,10.01,,28991508.0,94206,144354,15,3/5,2.0,U
6,20231222,002903.SZ,通用设备,宇环数控,10.02,,18813886.0,93230,95242,5,1/1,1.0,U
7,20231222,002915.SZ,化学制品,中欣氟材,10.03,,5389422.0,102151,145448,6,4/5,1.0,U
8,20231222,002952.SZ,光学光电,亚世光电,10.01,,39829038.0,93200,135448,1,3/3,3.0,U
9,20231222,003028.SZ,消费电子,振邦智能,10.0,,60188095.0,111036,111036,0,1/1,1.0,U
10,20231222,003040.SZ,通信设备,楚天龙,10.02,,95802104.0,130848,130848,0,1/1,1.0,U
11,20231222,300530.SZ,电池,领湃科技,20.02,,16803720.0,111842,130915,1,2/2,2.0,U
12,20231222,600234.SH,房地产开发,科新发展,10.0,,42496828.0,93040,93340,1,3/6,1.0,U
13,20231222,603090.SH,通用设备,宏盛股份,10.01,,34050074.0,93435,101432,3,1/1,1.0,U
14,20231222,603162.SH,航运港口,海通发展,9.99,,75073130.0,95623,95802,1,1/1,1.0,U
15,20231222,603270.SH,通用设备,金帝股份,10.0,,40433534.0,93858,101140,3,1/1,1.0,U
16,20231222,603332.SH,化纤行业,苏州龙杰,10.01,,44100529.0,94302,94302,0,1/1,1.0,U
17,20231222,603389.SH,装修建材,亚振家居,10.06,,44395225.0,93012,93012,0,3/3,3.0,U
18,20231222,603628.SH,光伏设备,清源股份,10.04,,27995576.0,111325,111325,0,2/2,2.0,U
19,20231222,603711.SH,食品饮料,香飘飘,10.0,,31222026.0,94638,94638,0,1/1,1.0,U
0,20231222,000609.SZ,房地产开发,中迪投资,-9.94,47208958.0,3884094.0,,144203,2,,1.0,D
1,20231222,000719.SZ,文化传媒,中原传媒,-9.99,89661299.0,4116992.0,,150000,11,,1.0,D
2,20231222,000892.SZ,文化传媒,欢瑞世纪,-9.98,33615568.0,12917584.0,,135330,0,,1.0,D
3,20231222,002174.SZ,游戏,游族网络,-9.99,78423356.0,279183679.0,,130015,0,,1.0,D
4,20231222,002238.SZ,文化传媒,天威视讯,-9.99,102112268.0,161611891.0,,130145,2,,1.0,D
5,20231222,002292.SZ,文化传媒,奥飞娱乐,-9.97,242745370.0,238028014.0,,130036,0,,1.0,D
6,20231222,002313.SZ,通信设备,日海智能,-9.97,39161988.0,22279089.0,,135318,1,,2.0,D
7,20231222,002343.SZ,文化传媒,慈文传媒,-9.95,27143688.0,27350983.0,,135012,4,,1.0,D
8,20231222,002354.SZ,互联网服,天娱数科,-9.94,148798378.0,63278037.0,,135621,2,,1.0,D
9,20231222,002425.SZ,游戏,凯撒文化,-10.08,44688841.0,20022528.0,,135536,4,,1.0,D
10,20231222,002517.SZ,游戏,恺英网络,-9.96,372917250.0,378485841.0,,130015,1,,1.0,D
11,20231222,002555.SZ,游戏,三七互娱,-10.01,137562894.0,1290193765.0,,130003,0,,1.0,D
12,20231222,002558.SZ,游戏,巨人网络,-9.97,123724062.0,479522427.0,,130021,0,,1.0,D
13,20231222,002591.SZ,综合行业,恒大高新,-10.0,42234075.0,22375575.0,,135636,1,,1.0,D
14,20231222,002602.SZ,游戏,世纪华通,-9.93,385429691.0,251445188.0,,131800,5,,1.0,D
15,20231222,002605.SZ,游戏,姚记科技,-10.0,107165568.0,184428910.0,,130048,0,,1.0,D
16,20231222,002624.SZ,游戏,完美世界,-9.98,242367068.0,124155227.0,,131718,6,,1.0,D
17,20231222,002693.SZ,生物制品,双成药业,-9.99,46973796.0,6581534.0,,144127,2,,1.0,D
18,20231222,002712.SZ,文化传媒,思美传媒,-10.04,45826554.0,35437263.0,,132754,1,,1.0,D
19,20231222,002806.SZ,有色金属,华锋股份,-10.01,28095725.0,11330350.0,,141506,4,,1.0,D
20,20231222,002858.SZ,文化传媒,力盛体育,-10.02,32741080.0,22338648.0,,135327,2,,1.0,D
21,20231222,002861.SZ,消费电子,瀛通通讯,-10.02,39533902.0,6618778.0,,143921,3,,1.0,D
22,20231222,002862.SZ,家用轻工,实丰文化,-10.01,59630362.0,49507600.0,,133736,2,,2.0,D
23,20231222,002888.SZ,消费电子,惠威科技,-9.99,26599109.0,22853286.0,,142903,1,,1.0,D
24,20231222,002919.SZ,美容护理,名臣健康,-10.0,136485486.0,43134194.0,,131533,2,,1.0,D
25,20231222,002995.SZ,文化传媒,天地在线,-9.99,36970104.0,7784976.0,,142715,0,,1.0,D
26,20231222,600099.SH,交运设备,林海股份,-9.98,32149226.0,12099148.0,,141154,3,,1.0,D
27,20231222,600250.SH,贸易行业,南京商旅,-9.97,47317189.0,35676288.0,,134812,4,,1.0,D
28,20231222,600355.SH,通信设备,精伦电子,-9.98,43899998.0,128582.0,,145658,4,,1.0,D
29,20231222,600358.SH,文化传媒,国旅联合,-9.95,2616676125.0,23734084.0,,132752,4,,1.0,D
30,20231222,600373.SH,文化传媒,中文传媒,-10.01,61604111.0,14617513.0,,135636,3,,2.0,D
31,20231222,600421.SH,通用设备,华嵘控股,-9.98,15245120.0,14774816.0,,134705,1,,1.0,D
32,20231222,600571.SH,互联网服,信雅达,-9.97,120852081.0,134385127.0,,131609,5,,1.0,D
33,20231222,600610.SH,化学原料,中毅达,-10.02,64106892.0,19859472.0,,135032,1,,1.0,D
34,20231222,600633.SH,游戏,浙数文化,-10.03,144211585.0,146358115.0,,131903,5,,1.0,D
35,20231222,600692.SH,房地产开发,亚通股份,-10.05,62863342.0,16347858.0,,140647,7,,1.0,D
36,20231222,600715.SH,游戏,文投控股,-9.93,97480175.0,54176766.0,,134932,3,,1.0,D
37,20231222,601595.SH,文化传媒,上海电影,-10.0,26107280.0,153439091.0,,130210,0,,1.0,D
38,20231222,601801.SH,文化传媒,皖新传媒,-9.97,8966187.0,4184719.0,,143747,1,,1.0,D
39,20231222,601900.SH,文化传媒,南方传媒,-9.97,51567134.0,24408713.0,,132333,7,,1.0,D
40,20231222,603103.SH,文化传媒,横店影视,-10.01,1537424604.0,23701386.0,,135358,3,,1.0,D
41,20231222,603106.SH,计算机设,恒银科技,-10.05,61387930.0,905268.0,,150000,7,,1.0,D
42,20231222,603230.SH,文化传媒,内蒙新华,-9.98,52803168.0,7239120.0,,144433,7,,1.0,D
43,20231222,603258.SH,游戏,电魂网络,-10.0,24952320.0,57990758.0,,130541,1,,1.0,D
44,20231222,603444.SH,游戏,吉比特,-10.0,90359416.0,141694257.0,,130101,0,,1.0,D
45,20231222,603533.SH,文化传媒,掌阅科技,-10.01,44931000.0,49614840.0,,133817,0,,1.0,D
46,20231222,603721.SH,文化传媒,中广天择,-10.01,70734095.0,64167846.0,,131918,1,,1.0,D
47,20231222,603729.SH,文化传媒,龙韵股份,-10.01,585059668.0,43913884.0,,130237,0,,1.0,D
48,20231222,605577.SH,文化传媒,龙版传媒,-10.0,79420948.0,49748736.0,,132143,4,,1.0,D
0,20231222,001269.SZ,光伏设备,欧晶科技,7.49,,,111242,,2,1/2,,Z
1,20231222,001314.SZ,消费电子,亿道信息,-0.08,,,94815,,3,3/6,,Z
2,20231222,002176.SZ,电机,江特电机,7.85,,,111812,,2,0/0,,Z
3,20231222,002189.SZ,光学光电,中光学,6.13,,,94254,,2,0/0,,Z
4,20231222,002328.SZ,汽车零部件,新朋股份,2.76,,,130030,,1,0/0,,Z
5,20231222,002397.SZ,纺织服装,梦洁股份,2.34,,,93400,,2,0/0,,Z
6,20231222,002457.SZ,装修建材,青龙管业,4.55,,,100403,,1,0/0,,Z
7,20231222,002494.SZ,纺织服装,华斯股份,-3.03,,,92500,,1,1/2,,Z
8,20231222,002495.SZ,食品饮料,佳隆股份,4.9,,,94657,,1,0/0,,Z
9,20231222,002578.SZ,有色金属,闽发铝业,4.61,,,112254,,1,0/0,,Z
10,20231222,002613.SZ,玻璃玻纤,北玻股份,-2.06,,,92500,,1,1/2,,Z
11,20231222,002615.SZ,家用轻工,哈尔斯,-2.99,,,92500,,1,1/2,,Z
12,20231222,002933.SZ,航天航空,新兴装备,8.71,,,94136,,6,0/0,,Z
13,20231222,600293.SH,玻璃玻纤,三峡新材,0.31,,,93036,,1,0/0,,Z
14,20231222,600630.SH,纺织服装,龙头股份,4.93,,,93708,,4,7/13,,Z
15,20231222,600764.SH,计算机设,中国海防,7.06,,,94114,,1,0/0,,Z
16,20231222,603193.SH,美容护理,润本股份,9.9,,,103304,,3,0/0,,Z
17,20231222,603380.SH,消费电子,易德龙,5.98,,,95456,,2,0/0,,Z
18,20231222,603608.SH,纺织服装,天创时尚,-6.14,,,92502,,3,1/2,,Z
19,20231222,603615.SH,塑料制品,茶花股份,9.22,,,102421,,4,0/0,,Z
20,20231222,603789.SH,专用设备,星光农机,-10.0,45540585.0,31664324.0,93028,141552,1,5/6,1.0,Z
21,20231222,603836.SH,物流行业,海程邦达,2.89,,,93959,,2,1/2,,Z
22,20231222,605117.SH,家电行业,德业股份,9.42,,,112406,,5,1/2,,Z
0,20231225,000078.SZ,医药商业,海王生物,10.17,,45519438.0,131733,131733,0,1/1,1,U
1,20231225,000890.SZ,通用设备,法尔胜,9.94,,96427892.0,93742,93742,0,1/1,1,U
2,20231225,001366.SZ,农牧饲渔,播恩集团,10.03,,80149478.0,110300,110300,0,1/1,1,U
3,20231225,002068.SZ,橡胶制品,黑猫股份,10.02,,57720536.0,134148,134148,0,1/1,1,U
4,20231225,002164.SZ,通用设备,宁波东力,10.05,,26031414.0,105524,105524,0,1/1,1,U
5,20231225,002189.SZ,光学光电,中光学,9.99,,100277834.0,93048,94515,2,1/1,1,U
6,20231225,002238.SZ,文化传媒,天威视讯,9.98,,21794377.0,95915,142224,11,1/1,1,U
7,20231225,002395.SZ,塑料制品,双象股份,9.99,,80268083.0,102542,102542,0,2/4,1,U
8,20231225,002495.SZ,食品饮料,佳隆股份,10.0,,41695377.0,100712,131830,2,1/1,1,U
9,20231225,002635.SZ,消费电子,安洁科技,10.0,,91780693.0,142500,142500,0,1/1,1,U
10,20231225,002682.SZ,物流行业,龙洲股份,9.97,,21171528.0,93036,145327,1,2/4,1,U
11,20231225,002748.SZ,化学原料,世龙实业,9.97,,113546032.0,92500,92500,0,3/3,3,U
12,20231225,002786.SZ,专用设备,银宝山新,10.02,,68766860.0,144821,144821,0,2/4,1,U
13,20231225,002805.SZ,化学原料,丰元股份,9.98,,31526619.0,95154,95154,0,1/1,1,U
14,20231225,002855.SZ,消费电子,捷荣技术,9.99,,55126437.0,93851,141751,1,4/6,3,U
15,20231225,002903.SZ,通用设备,宇环数控,10.01,,54906644.0,141906,141906,0,2/2,2,U
16,20231225,002933.SZ,航天航空,新兴装备,10.01,,8808942.0,110651,145548,5,1/1,1,U
17,20231225,002952.SZ,光学光电,亚世光电,10.01,,47994655.0,93448,95651,1,4/4,4,U
18,20231225,002962.SZ,光学光电,五方光电,10.01,,186238822.0,131018,131018,0,1/1,1,U
19,20231225,300530.SZ,电池,领湃科技,20.02,,36915736.0,94757,145154,3,3/3,3,U
20,20231225,600468.SH,电网设备,百利电气,9.96,,34316791.0,94109,100003,3,1/1,1,U
21,20231225,600630.SH,纺织服装,龙头股份,10.0,,101176725.0,100428,112749,8,8/14,1,U
22,20231225,601020.SH,有色金属,华钰矿业,10.03,,12758115.0,145604,145604,0,1/1,1,U
23,20231225,601360.SH,软件开发,三六零,9.96,,133254010.0,100915,130857,1,1/1,1,U
24,20231225,603079.SH,食品饮料,圣达生物,9.99,,30565008.0,93140,93140,0,1/1,1,U
25,20231225,603305.SH,汽车零部件,旭升集团,9.99,,56582368.0,93215,94006,1,1/1,1,U
26,20231225,603332.SH,化纤行业,苏州龙杰,9.97,,45348902.0,95200,95200,0,2/2,2,U
27,20231225,603348.SH,汽车零部件,文灿股份,9.99,,55109694.0,102522,102522,0,1/1,1,U
28,20231225,603536.SH,食品饮料,惠发食品,9.97,,51875941.0,133619,133619,0,1/1,1,U
29,20231225,603628.SH,光伏设备,清源股份,9.97,,26321070.0,93143,134228,6,3/3,3,U
30,20231225,603729.SH,文化传媒,龙韵股份,9.99,,54424090.0,132318,132318,0,6/11,1,U
31,20231225,603739.SH,农牧饲渔,蔚蓝生物,9.99,,28970687.0,93017,93017,0,1/1,1,U
32,20231225,603949.SH,汽车零部件,雪龙集团,9.98,,31690575.0,133429,133459,1,1/1,1,U
0,20231225,000701.SZ,商业百货,厦门信达,-10.0,22997214.0,4478848.0,,144703,1,,1,D
1,20231225,000892.SZ,文化传媒,欢瑞世纪,-9.91,77468836.0,1969210.0,,150000,2,,2,D
2,20231225,001331.SZ,物流行业,胜通能源,-10.01,24761075.0,17677027.0,,95415,2,,1,D
3,20231225,002308.SZ,计算机设,威创股份,-9.96,49381388.0,345719665.0,,92500,0,,1,D
4,20231225,002517.SZ,游戏,恺英网络,-9.96,598689987.0,1881950.0,,144736,12,,2,D
5,20231225,002558.SZ,游戏,巨人网络,-10.03,1259990615.0,169838293.0,,93227,1,,2,D
6,20231225,002571.SZ,家用轻工,德力股份,-9.96,53797536.0,30659060.0,,94245,3,,1,D
7,20231225,002615.SZ,家用轻工,哈尔斯,-10.04,298114144.0,41425352.0,,100803,5,,1,D
8,20231225,002647.SZ,多元金融,仁东控股,-9.94,51665784.0,55051620.0,,131206,1,,1,D
9,20231225,002861.SZ,消费电子,瀛通通讯,-9.98,71663292.0,14996131.0,,111915,11,,2,D
10,20231225,002919.SZ,美容护理,名臣健康,-9.99,109497429.0,3625438.0,,142727,1,,2,D
11,20231225,600099.SH,交运设备,林海股份,-9.97,33514404.0,23153145.0,,101015,5,,2,D
12,20231225,600421.SH,通用设备,华嵘控股,-10.04,388802526.0,14041258.0,,103505,9,,2,D
13,20231225,600679.SH,交运设备,上海凤凰,-9.96,86702187.0,18767536.0,,110438,21,,1,D
14,20231225,600692.SH,房地产开发,亚通股份,-10.03,82336451.0,14433675.0,,141358,13,,2,D
15,20231225,600818.SH,交运设备,中路股份,-9.98,33821010.0,2118250.0,,141824,15,,1,D
16,20231225,601022.SH,航运港口,宁波远洋,-10.01,239151594.0,5890328.0,,150000,20,,1,D
17,20231225,603090.SH,通用设备,宏盛股份,-9.98,37170309.0,29319997.0,,105617,0,,1,D
18,20231225,603231.SH,农牧饲渔,索宝蛋白,-10.0,81579192.0,20887939.0,,130749,11,,1,D
19,20231225,603389.SH,装修建材,亚振家居,-9.94,61651224.0,35062690.0,,103045,15,,1,D
20,20231225,603608.SH,纺织服装,天创时尚,-10.07,161483711.0,28856126.0,,104822,18,,1,D
21,20231225,603789.SH,专用设备,星光农机,-9.96,1162056869.0,181067511.0,,93113,1,,2,D
0,20231225,001239.SZ,专用设备,永达股份,-9.57,,,93100,,2,4/5,,Z
1,20231225,001314.SZ,消费电子,亿道信息,8.28,,,143045,,1,0/0,,Z
2,20231225,002442.SZ,橡胶制品,龙星化工,8.2,,,95603,,2,0/0,,Z
3,20231225,002512.SZ,计算机设,达华智能,7.62,,,93415,,1,0/0,,Z
4,20231225,002666.SZ,化学制品,德联集团,7.43,,,103451,,1,0/0,,Z
5,20231225,003021.SZ,电机,兆威机电,7.55,,,93330,,1,0/0,,Z
6,20231225,003028.SZ,消费电子,振邦智能,4.41,,,93539,,2,1/2,,Z
7,20231225,003040.SZ,通信设备,楚天龙,5.19,,,92500,,3,1/2,,Z
8,20231225,300461.SZ,专用设备,田中精机,13.36,,,100221,,1,0/0,,Z
9,20231225,600232.SH,纺织服装,金鹰股份,3.44,,,93059,,1,0/0,,Z
10,20231225,603276.SH,化学原料,恒兴新材,7.11,,,134436,,2,0/0,,Z
11,20231225,603825.SH,文化传媒,华扬联众,1.66,,,93130,,3,0/0,,Z
0,20231226,000422.SZ,化学原料,湖北宜化,10.03,,69836349.0,94430,94430,0,1/1,1,U
1,20231226,000536.SZ,光学光电,华映科技,10.14,,147397225.0,142024,142024,0,1/1,1,U
2,20231226,000766.SZ,化学制药,通化金马,10.02,,91002700.0,131106,131106,0,1/1,1,U
3,20231226,000892.SZ,文化传媒,欢瑞世纪,9.95,,5776260.0,93209,133851,16,1/1,1,U
4,20231226,001239.SZ,专用设备,永达股份,10.01,,82344152.0,92500,93548,0,5/6,1,U
5,20231226,001300.SZ,家用轻工,三柏硕,9.98,,38796120.0,94442,144224,6,2/4,1,U
6,20231226,001366.SZ,农牧饲渔,播恩集团,9.99,,52051734.0,92500,95003,1,2/2,2,U
7,20231226,002238.SZ,文化传媒,天威视讯,10.03,,69350168.0,94221,140600,9,2/2,2,U
8,20231226,002395.SZ,塑料制品,双象股份,10.01,,66517367.0,134815,134815,0,3/5,2,U
9,20231226,002442.SZ,橡胶制品,龙星化工,10.05,,15610492.0,95503,105954,5,1/1,1,U
10,20231226,002495.SZ,食品饮料,佳隆股份,10.0,,46414218.0,93057,94224,2,2/2,2,U
11,20231226,002584.SZ,电子化学,西陇科学,9.95,,77171533.0,95948,100257,2,1/1,1,U
12,20231226,002632.SZ,塑料制品,道明光学,9.99,,57627733.0,104518,105800,1,1/1,1,U
13,20231226,002682.SZ,物流行业,龙洲股份,10.06,,128124417.0,93815,93815,0,3/5,2,U
14,20231226,002748.SZ,化学原料,世龙实业,9.99,,128326379.0,93254,93254,0,4/4,4,U
15,20231226,002771.SZ,互联网服,真视通,10.02,,69249348.0,140006,140006,0,1/1,1,U
16,20231226,002855.SZ,消费电子,捷荣技术,10.0,,68591294.0,144057,144057,0,5/7,4,U
17,20231226,002942.SZ,农药兽药,新农股份,9.99,,28112473.0,93048,143330,2,2/4,1,U
18,20231226,002952.SZ,光学光电,亚世光电,10.01,,66168066.0,93642,103424,6,5/5,5,U
19,20231226,300505.SZ,化肥行业,川金诺,20.02,,40055311.0,94939,95148,1,1/1,1,U
20,20231226,600293.SH,玻璃玻纤,三峡新材,10.03,,10961352.0,104358,104358,0,1/1,1,U
21,20231226,600306.SH,商业百货,XR*ST商,5.04,,76858515.0,92501,92501,0,1/1,1,U
22,20231226,600610.SH,化学原料,中毅达,10.0,,28616247.0,132014,132014,0,3/6,1,U
23,20231226,600679.SH,交运设备,上海凤凰,10.03,,37818816.0,104230,104230,0,1/1,1,U
24,20231226,600769.SH,工程建设,祥龙电业,10.04,,2317556.0,95130,145554,3,1/1,1,U
25,20231226,603030.SH,装修装饰,XR*ST全,5.19,,25674505.0,92502,92502,0,1/1,1,U
26,20231226,603168.SH,化学制药,莎普爱思,9.97,,105459286.0,95104,95104,0,1/1,1,U
27,20231226,603188.SH,化学制品,亚邦股份,9.95,,33955766.0,100735,100859,1,1/1,1,U
28,20231226,603291.SH,公用事业,联合水务,10.03,,17817660.0,112352,112443,1,1/1,1,U
29,20231226,603329.SH,物流行业,上海雅仕,9.99,,44246045.0,95435,95435,0,1/1,1,U
30,20231226,603392.SH,生物制品,万泰生物,10.0,,24646424.0,140919,144758,1,1/1,1,U
31,20231226,603518.SH,纺织服装,锦泓集团,10.0,,13463610.0,93511,142547,2,1/1,1,U
32,20231226,603628.SH,光伏设备,清源股份,9.97,,55724872.0,101543,102955,2,4/4,4,U
33,20231226,603729.SH,文化传媒,龙韵股份,10.01,,36023228.0,93220,140947,11,7/12,2,U
34,20231226,603739.SH,农牧饲渔,蔚蓝生物,10.01,,87179232.0,92500,92500,0,2/2,2,U
35,20231226,603759.SH,公用事业,海天股份,10.04,,5054738.0,130603,141406,8,1/1,1,U
36,20231226,603767.SH,汽车零部件,中马传动,9.97,,82701256.0,102200,102200,0,1/1,1,U
37,20231226,603836.SH,物流行业,海程邦达,10.03,,86031397.0,93314,93314,0,2/4,1,U
38,20231226,603839.SH,纺织服装,安正时尚,10.03,,16040357.0,94154,94154,0,1/1,1,U
0,20231226,000032.SZ,通信设备,深桑达Ａ,-10.0,186128261.0,24528686.0,,143727,7,,1,D
1,20231226,002009.SZ,专用设备,天奇股份,-9.97,61730443.0,19021739.0,,141606,3,,1,D
2,20231226,002095.SZ,互联网服,生 意 宝,-10.0,93524991.0,15699450.0,,140742,8,,1,D
3,20231226,002308.SZ,计算机设,威创股份,-9.91,44801171.0,287355972.0,,92500,0,,2,D
4,20231226,603090.SH,通用设备,宏盛股份,-9.99,213866880.0,6471648.0,,143539,8,,2,D
5,20231226,603358.SH,汽车零部件,华达科技,-10.02,72617103.0,12442188.0,,143533,4,,1,D
6,20231226,603389.SH,装修建材,亚振家居,-10.03,897076517.0,19895929.0,,102831,5,,2,D
7,20231226,603595.SH,消费电子,东尼电子,-10.0,16045200.0,1580400.0,,145531,2,,1,D
8,20231226,603825.SH,文化传媒,华扬联众,-10.03,1659629112.0,41132223.0,,130314,7,,1,D
0,20231226,000619.SZ,装修建材,海螺新材,4.4,,,101724,,1,0/0,,Z
1,20231226,001255.SZ,化学原料,博菲电气,6.97,,,130000,,1,0/0,,Z
2,20231226,001258.SZ,电力行业,立新能源,6.91,,,103730,,1,0/0,,Z
3,20231226,002164.SZ,通用设备,宁波东力,7.21,,,102748,,1,1/2,,Z
4,20231226,002288.SZ,电子元件,超华科技,-4.25,,,93642,,1,0/0,,Z
5,20231226,600630.SH,纺织服装,龙头股份,8.37,,,145413,,2,8/15,,Z
6,20231226,603079.SH,食品饮料,圣达生物,3.05,,,92502,,2,1/2,,Z
7,20231226,603938.SH,化学制品,三孚股份,5.6,,,142317,,1,0/0,,Z
8,20231226,605218.SH,光学光电,伟时电子,7.46,,,105758,,2,0/0,,Z
0,20231227,001239.SZ,专用设备,永达股份,10.02,,58448344.0,93527,105739,3,6/7,2,U
1,20231227,001326.SZ,光学光电,联域股份,9.99,,34627107.0,94827,95512,2,1/1,1,U
2,20231227,001339.SZ,计算机设,智微智能,9.99,,80619057.0,93103,93103,0,1/1,1,U
3,20231227,001366.SZ,农牧饲渔,播恩集团,9.98,,100613077.0,93000,93000,0,3/3,3,U
4,20231227,001373.SZ,光学光电,翔腾新材,10.01,,57931495.0,110333,110333,0,1/1,1,U
5,20231227,002306.SZ,旅游酒店,中科云网,10.05,,71640624.0,93206,93206,0,4/7,1,U
6,20231227,002313.SZ,通信设备,日海智能,10.04,,144897636.0,101003,101003,0,1/1,1,U
7,20231227,002395.SZ,塑料制品,双象股份,10.01,,93101864.0,93112,93948,4,4/6,3,U
8,20231227,002561.SZ,商业百货,徐家汇,10.05,,48841380.0,134718,135018,2,1/1,1,U
9,20231227,002682.SZ,物流行业,龙洲股份,10.04,,78648970.0,93236,143251,1,4/6,3,U
10,20231227,002952.SZ,光学光电,亚世光电,9.99,,59644542.0,94727,102900,4,6/6,6,U
11,20231227,003007.SZ,软件开发,直真科技,10.01,,52075477.0,93618,93618,0,1/1,1,U
12,20231227,300264.SZ,互联网服,佳创视讯,20.06,,55491754.0,95109,95915,3,1/1,1,U
13,20231227,600186.SH,食品饮料,莲花健康,9.98,,59775927.0,105012,105012,0,1/1,1,U
14,20231227,600506.SH,石油行业,统一股份,10.02,,36016272.0,93859,94644,5,1/1,1,U
15,20231227,600520.SH,专用设备,文一科技,9.99,,103906839.0,100417,100417,0,1/1,1,U
16,20231227,600775.SH,通信设备,南京熊猫,9.97,,81468327.0,141725,141725,0,1/1,1,U
17,20231227,600892.SH,游戏,大晟文化,10.0,,59311560.0,93006,93006,0,1/1,1,U
18,20231227,603003.SH,贸易行业,龙宇股份,9.99,,74001099.0,93030,101057,2,1/1,1,U
19,20231227,603061.SH,半导体,金海通,10.0,,41790648.0,110019,110019,0,1/1,1,U
20,20231227,603106.SH,计算机设,恒银科技,10.01,,105594031.0,105835,105835,0,1/1,1,U
21,20231227,603168.SH,化学制药,莎普爱思,10.01,,42947095.0,93535,94638,3,2/2,2,U
22,20231227,603373.SH,专业服务,安邦护卫,10.0,,54491328.0,112643,112643,0,1/1,1,U
23,20231227,603530.SH,电网设备,神马电力,10.01,,69974735.0,135836,135836,0,1/1,1,U
24,20231227,603536.SH,食品饮料,惠发食品,9.98,,52969609.0,103238,111529,1,2/3,1,U
25,20231227,603628.SH,光伏设备,清源股份,10.02,,28707310.0,100038,131802,14,5/5,5,U
26,20231227,603779.SH,酿酒行业,威龙股份,10.0,,72747359.0,130221,130809,3,4/7,1,U
27,20231227,605118.SH,光学光电,力鼎光电,10.02,,24791538.0,94220,103553,5,1/1,1,U
28,20231227,605179.SH,食品饮料,一鸣食品,9.98,,51844518.0,111657,111657,0,1/1,1,U
0,20231227,002103.SZ,家用轻工,广博股份,-10.01,108723880.0,77975934.0,,100212,7,,1,D
1,20231227,002123.SZ,通信服务,梦网科技,-10.02,88542330.0,46081147.0,,93542,0,,1,D
2,20231227,002164.SZ,通用设备,宁波东力,-10.01,98590141.0,20612118.0,,135015,3,,1,D
3,20231227,002269.SZ,纺织服装,美邦服饰,-9.78,54634414.0,4211806.0,,144251,4,,1,D
4,20231227,002308.SZ,计算机设,威创股份,-9.97,68129952.0,216639371.0,,92500,0,,3,D
5,20231227,002494.SZ,纺织服装,华斯股份,-10.0,119345090.0,19770156.0,,133839,8,,1,D
6,20231227,002640.SZ,贸易行业,跨境通,-9.93,177182145.0,156110875.0,,93030,0,,1,D
7,20231227,002855.SZ,消费电子,捷荣技术,-10.0,236840630.0,85552421.0,,144136,3,,1,D
8,20231227,002931.SZ,通用设备,锋龙股份,-10.0,57053102.0,45591295.0,,101651,3,,1,D
9,20231227,300551.SZ,计算机设,古鳌科技,-20.0,82006688.0,75709524.0,,134115,0,,1,D
10,20231227,600592.SH,通用设备,龙溪股份,-9.99,98354985.0,53591012.0,,95300,2,,1,D
11,20231227,603266.SH,塑料制品,天龙股份,-10.0,132130185.0,2205225.0,,145442,4,,1,D
12,20231227,603598.SH,文化传媒,引力传媒,-10.0,125511331.0,47180088.0,,135751,2,,1,D
13,20231227,603613.SH,互联网服,国联股份,-9.99,2077668648.0,585692285.0,,92501,0,,1,D
14,20231227,603729.SH,文化传媒,龙韵股份,-10.01,126443232.0,293037564.0,,93641,0,,1,D
15,20231227,603825.SH,文化传媒,华扬联众,-10.01,39983524.0,26543694.0,,134641,2,,2,D
16,20231227,605086.SH,采掘行业,龙高股份,-10.01,85491647.0,1700166.0,,145621,15,,1,D
0,20231227,000619.SZ,装修建材,海螺新材,5.72,,,94048,,2,0/0,,Z
1,20231227,002587.SZ,光学光电,奥拓电子,5.22,,,132148,,1,0/0,,Z
2,20231227,002596.SZ,水泥建材,海南瑞泽,5.26,,,110530,,2,0/0,,Z
3,20231227,002748.SZ,化学原料,世龙实业,-10.0,,,93003,,3,4/5,,Z
4,20231227,002771.SZ,互联网服,真视通,3.47,,,95842,,5,1/2,,Z
5,20231227,002945.SZ,证券,华林证券,5.63,,,112512,,1,0/0,,Z
6,20231227,002981.SZ,消费电子,朝阳科技,4.63,,,100230,,1,0/0,,Z
7,20231227,301318.SZ,消费电子,维海德,13.89,,,94200,,1,0/0,,Z
8,20231227,600621.SH,证券,华鑫股份,6.97,,,112822,,1,0/0,,Z
9,20231227,603037.SH,汽车零部件,凯众股份,4.84,,,93139,,1,0/0,,Z
10,20231227,603138.SH,软件开发,海量数据,4.48,,,93517,,2,0/0,,Z
11,20231227,603739.SH,农牧饲渔,蔚蓝生物,-4.34,,,93125,,1,2/3,,Z
12,20231227,605300.SH,食品饮料,佳禾食品,7.94,,,131447,,1,0/0,,Z
