,2,3,5,7,10,20
0,-9999.0,-9999.0,-9999.0,-9999.0,-9999.0,-9999.0
1,-9999.0,-9999.0,-9999.0,-9999.0,-9999.0,-9999.0
2,14.278696358551208,-9999.0,-9999.0,-9999.0,-9999.0,-9999.0
3,15.300617245068054,14.831895459165224,-9999.0,-9999.0,-9999.0,-9999.0
4,14.68743020171226,14.679267077722457,-9999.0,-9999.0,-9999.0,-9999.0
5,14.222347693492853,14.794329682459654,14.588076352896277,-9999.0,-9999.0,-9999.0
6,15.700077995388078,14.945574244602474,15.087591444788705,-9999.0,-9999.0,-9999.0
7,16.820856714011093,16.216614023992207,15.604940495080228,15.22601359892908,-9999.0,-9999.0
8,16.656390025965408,16.56826913291751,15.629900557147646,15.535819610839193,-9999.0,-9999.0
9,17.604418212007758,17.486174168405327,16.771735699198427,16.176219842773808,-9999.0,-9999.0
10,18.56483852907019,17.730923676290246,17.366896891378584,16.468454263411232,15.977486622137429,-9999.0
11,16.631542569177274,17.469609197213238,17.14432152871411,16.731680519192384,16.115956486751408,-9999.0
12,15.311149072337113,16.20207758317648,16.763013834708993,16.77954037165245,16.183977164894607,-9999.0
13,14.47004717638637,14.739748295424024,16.269784388882492,16.380243142334752,15.949842473015071,-9999.0
14,12.53823714412923,13.473207299811117,14.736541407557581,15.555934780257632,15.754138553378008,-9999.0
15,11.085276637448409,11.922500005498222,13.277959632233777,14.788496459901323,15.322428261806184,-9999.0
16,10.20253068856032,10.628196307927086,12.1649366553108,13.441109773558363,14.654629092012453,-9999.0
17,9.864469898675035,10.139988508528758,11.099287962768946,12.302676851216992,13.931150898738968,-9999.0
18,9.920896777381106,9.851943067882216,10.345276495708692,11.523782404473744,13.307530442295592,-9999.0
19,10.195085330394605,10.135024936418281,10.162027237275096,10.840944353519136,12.449284322416338,-9999.0
20,10.637773100486186,10.367478535756318,10.166275080923803,10.42884695421655,11.72211735657879,13.84980198935811
21,11.460716451781959,11.16157138601885,10.66530154256375,10.533081298562772,11.415119098937277,13.765537792844338
22,11.891926934003388,11.498706271495507,10.977257895055144,10.659318467517968,11.038272928912047,13.611125046903329
23,12.488243661586536,12.395218426752415,11.692240296245924,11.186142147998833,11.018758395977308,13.484300434496188
24,12.547169039183743,12.223007996430029,11.918091378570802,11.425803936234745,11.040059307922949,13.397098930650476
25,11.835940695688727,12.357894267875972,12.171507334326938,11.733297553229582,11.168891207625371,13.245659734715776
26,11.384766849204986,11.487356788175665,11.887711537540014,11.76571294160914,11.276506540051882,12.965567816032168
27,11.877958243176561,11.91175373720452,12.16591985799621,12.087636165426831,11.571588876525677,12.751369887632322
28,11.533367782399663,11.28564151264962,11.505761185865264,11.786470464642772,11.599000741055594,12.45326559167559
29,10.627721689007979,11.407056963739848,11.398140917925904,11.726434666856715,11.658116148248352,12.053700235332343
30,11.899477399671893,11.299987616979841,11.531175867458531,11.618251532667157,11.851341600892734,11.786729478735761
31,10.987749322021024,11.043311323487423,11.239333907052318,11.280886176238797,11.563522722296167,11.489320910616721
32,10.422237828410799,11.16299837658172,10.948887701552223,11.214336427730606,11.557403779774216,11.297838354343131
33,10.892765862031617,10.372170298393904,10.983093138905101,11.140314465617832,11.24442716238518,11.131592779181243
34,9.740140055775099,10.331258865751105,10.593855048259073,10.603531231330189,10.995997983092488,11.018028645507716
35,9.507222562198098,9.76216012091877,10.026191203915582,10.561415831274527,10.778683535687057,10.973787371656213
36,9.998334395006726,9.734971221067845,10.198089077453353,10.423706290186972,10.718711492252835,10.997609016152358
37,10.051897396216217,9.969998347879518,9.87805503103775,10.033535830287192,10.413471366294988,10.992530121410331
38,10.519321899423609,10.409704112551518,10.048711492410153,10.28986988373057,10.515902315657625,11.057451528356607
39,11.436127853550797,10.92852732024223,10.556450150148029,10.323218694612905,10.57515259920355,11.116634373725951
40,12.042860067695479,11.737012560204361,11.062966494609103,10.618468228205959,10.544578849262342,11.197960225077539
41,11.557597600413398,11.620711120902088,11.180155432310697,10.842492278795277,10.689122254882026,11.126322488589096
42,11.864845597435542,12.022824389460856,11.788145775096833,11.29207480970237,10.833100403067291,11.195252091420755
43,12.391726313846064,11.853288618335812,11.929117198079677,11.526318541320801,10.988914345244915,11.116670753815047
44,12.09939620115112,12.384023456619337,12.05345311413696,11.8770744682552,11.304951632142494,11.150474807617492
45,12.208729842178563,12.082544781497829,11.995465107872914,12.009006524965073,11.529215801241007,11.153949668464033
46,11.28681406401522,11.64741529006544,11.945139699577691,11.834413385530748,11.562647565944193,11.140679529098515
47,12.421535303147628,12.297304182828833,12.218140990157748,12.117199449379976,12.00314338262729,11.208307374461139
48,13.257266077491082,12.346439446940453,12.291355605035697,12.32003295041009,12.110236401557689,11.313069358607656
49,12.614322018735455,13.182309485975656,12.424111317191484,12.331335569751378,12.238782215664223,11.406967407433886
50,14.248488268905755,13.564408090779205,13.107258975726575,12.850536366141428,12.551362041799743,11.547970445531043
51,13.952809736761296,13.646005258822468,13.490509586289912,12.86088229421143,12.717824642933802,11.703473448907912
52,12.493297030376596,13.483724765206631,13.135963666618162,12.931841277055153,12.677052328387955,11.755076365727621
53,11.590814447497609,11.874222711217037,12.823928934292525,12.947739546634969,12.557642269664111,11.773278307454513
54,11.225733330993949,11.665673828028398,12.580528191521557,12.59018357072553,12.50231975435652,11.903635693249507
55,11.34891121727755,11.111298835817673,11.664098113641241,12.402495300859675,12.385678544683909,11.957447172962457
56,11.473528241929856,11.587483024316564,11.588815593588981,12.264242491638214,12.539662589939448,12.05115507794182
57,13.035041609973806,12.317504355137578,11.880795945480127,12.055796255450545,12.508379806049145,12.255761594338216
58,13.866832784125423,13.266097402215147,12.499222928240107,12.239677648027964,12.661575931266315,12.385906166412003
59,12.395152024740291,12.931920210344535,12.348563422978662,12.027754825268746,12.46454580725011,12.351664011457165
60,11.372451701986847,12.15770413022384,12.508639122123828,12.177288292167747,12.086368617882533,12.31886532984114
61,10.540140484270516,10.714125343774597,11.975208319914927,11.831871154776335,11.782011956751955,12.249918299842879
62,10.697899647507167,11.026202545401759,11.573782337137171,11.991284986519068,11.727289141308649,12.2021707348483
63,12.432680704724874,11.42094467893328,11.401547488154709,12.105914715574912,11.950385208197407,12.254013738930757
64,11.815970362607022,11.876755797626096,11.342109672283865,11.642978915842843,11.845336547631263,12.173828150993891
65,9.80640374956412,10.826614080304582,10.775128307185616,10.945792134271683,11.641883714654721,12.013781129669315
66,9.814706002153871,10.131439329245426,11.051935879437206,10.905708623675293,11.513572099676065,12.026617344807757
67,12.435622151839404,11.239715273126171,11.47021730891851,11.24955511994384,11.52199982302784,12.015189814538491
68,12.996959110317128,12.258476236414097,11.277647241674106,11.607656802545756,11.339597364914408,12.000586648090362
69,11.791241450476448,12.55740557200789,11.460325744066282,11.56193849222078,11.401217708175071,11.93288175771259
70,11.671617724595635,11.749139951584917,12.023732831686711,11.390210236794543,11.399430569436165,11.742899593659349
71,10.583176789084629,10.948217357852888,11.767714058838584,11.209711756928666,11.409824969137894,11.595918462944924
72,8.982669240922924,9.876758478549236,10.64255166732012,11.154857520039915,11.056384488119317,11.391836814713983
73,8.56051563319685,8.874149296920365,9.993136667990473,10.851371651512375,10.63539195483229,11.292888581514848
74,8.719741165234975,8.634468062649468,9.413951553223532,10.093177238152935,10.437138648644908,11.141237598138087
75,8.181978760854967,8.340355643541727,8.597281082494206,9.475662980237471,10.31050695709046,10.97619533587259
76,7.657334301906394,8.032347175122498,8.243614558352238,8.912060909990064,10.005664308595412,10.759618204135737
77,8.571857980340964,8.241766853612386,8.432956578261422,8.59001733902185,9.537754122790773,10.529876972909305
78,9.207155365836737,8.715798245110344,8.502270451408194,8.518911931919238,9.247703559699332,10.29365046230687
79,9.454904660788895,9.440147092867386,8.72702197648299,8.724941744697842,9.070486764853262,10.235852236514166
80,10.091760229644374,9.729066411312617,9.266183038923955,8.956410388047102,8.93173206070908,10.165581315072625
81,10.014907708819258,9.978648654855734,9.670051339248136,9.094989328579064,8.956832948800187,10.18332895896904
82,10.860187988736435,10.665921963277645,10.181515042282145,9.721613024584665,9.307235810271782,10.181810149195552
83,11.361964616278094,10.825451579278214,10.531975039424678,10.153455132685266,9.517122745416437,10.076257350124365
84,11.265224750076886,11.499466657449396,10.905643077997341,10.491146387366356,9.816332527240164,10.126735587942537
85,11.495031954700316,11.2486808899208,11.093283729447055,10.80713415807486,10.179733384185505,10.245120170637984
86,11.467840199180735,11.57005037938449,11.486816074141931,11.066270826906882,10.578433706695034,10.292049007645224
87,10.573404786433553,10.787467580825245,10.978570448525904,10.944746888586053,10.580042745404022,10.058898434097399
88,10.463717926714342,10.882507694060505,11.127517398316431,11.194502317734049,10.829746218870554,10.038724889284945
89,10.742468190356835,10.303886241609314,10.769467824637882,10.911112660477597,10.83755545131761,9.954021108085435
90,10.13851219383464,10.592579298994563,10.584909493970159,10.844944482750204,10.839096611708607,9.885414336208843
91,9.367864335611849,9.57331718087432,9.929477479210329,10.36900968491616,10.708146776676129,9.832489862738159
92,9.812177938863194,9.972385797998802,10.280418754942016,10.364129049653883,10.62949460173396,9.968365206002872
93,11.046019146204383,10.178321815787482,10.162397967006346,10.248489384065772,10.644957682661387,10.08104021403891
94,11.642466195574656,11.488787037974006,10.640417957029143,10.669575166551342,10.704942890833513,10.260637709036839
95,13.386974097642344,12.56151925497358,11.461782728529425,11.083705432902345,11.023346111249792,10.60153974771765
96,14.793740409063584,13.987267879880143,12.810768386409837,11.82708151475327,11.370122932810082,10.974278319752559
97,16.038134526998338,15.491964809256034,13.952165363783484,12.769311813806256,12.116292059362749,11.348167402383385
98,15.698944781256213,15.528581668956056,14.671938640430572,13.635961642080229,12.417168303718457,11.623457261294506
99,14.405802763324267,15.23333971209649,15.05749999088333,14.081776049366566,12.848958973956234,11.843257212636924
100,14.798842579661954,14.702387037398465,15.236686033238417,14.708196908782396,13.34923438088392,12.094165496296263
101,15.278240547577884,14.952870222977607,15.251300046289046,15.120568721367489,14.031034216349443,12.369590496512787
102,14.641359901159785,14.859425129288809,14.677976182902992,15.06659285264452,14.31507077334324,12.472282687538598
103,14.591756856546954,14.814813074234273,14.808424876405345,15.062859134934161,14.740181758417958,12.692569720539673
104,15.33748064872832,14.898918530055766,15.050647337064612,14.866406030281658,15.054073663973972,12.87950827740374
105,15.3684410741552,15.299533856231216,15.036264274202646,14.968429504333875,15.136475153720529,13.079910632485163
106,14.458753473469688,14.810249608004256,14.722852507421333,14.88153480460892,14.987076276855191,13.178599604832636
107,14.080602765517735,14.46161526742416,14.811961419945826,14.7632181288641,14.74496880142441,13.430630430393578
108,14.73303655867278,14.38664659768264,14.779364388271665,14.725762236350318,14.793894632338503,13.605531468028483
109,15.08401610800789,14.878457023782962,14.71057560365765,14.8896913308207,14.880611470361131,13.864785222158687
110,14.662488717039594,14.77457056536388,14.496983445425423,14.745971339348216,14.766623859814032,14.057929120348977
111,13.065184095744097,13.766555381830507,14.153147852567418,14.240463744253779,14.438000179994376,14.23451719817191
112,13.556285878079516,13.75608374541163,14.287256690450135,14.228212711898022,14.54960905519798,14.432339914270608
113,13.991845385817228,13.319459827682264,13.856671383425194,14.107061433495934,14.31801788584843,14.529099822133194
114,14.129240710223254,14.46545482173107,13.905346531336278,14.242109267528168,14.307961067496967,14.681017365735467
115,16.12966202374708,15.035043924793973,14.44354070610819,14.506097280660018,14.470262075766806,14.803368614743666
116,16.211690449947763,15.945351531151426,15.163949073017747,14.564301936653846,14.65854846279258,14.822812369823884
117,14.895267896276053,15.545728715495839,14.979133513386804,14.572605617584722,14.63319510191847,14.689081951671437
118,13.699710862297252,14.325384090184874,15.047095263609757,14.745595298526178,14.451883323517475,14.622888977927994
119,13.166342366632175,13.515496659952113,14.593974175950374,14.461193185742625,14.249660353643327,14.565135912002233
120,12.49635196934167,12.726106805561953,13.593771241847595,14.318311465247445,14.018655973977891,14.392639916895963
121,12.318626930330153,12.594774038640713,13.036748768103328,13.943874962916025,14.100348920560538,14.269174550277455
122,13.088820513477245,12.674425570125331,12.871192288728068,13.44949960517035,13.925162901057437,14.237385978127708
123,14.521822293769024,13.94508758825895,13.365593340692039,13.4610554897221,14.206344302150896,14.262181093999663
124,15.111709714518401,14.536480759584164,13.649339227882558,13.511340124668164,14.121656701916468,14.214808884706718
125,14.057330227251924,14.590760730775402,13.989984643856138,13.56323245113772,13.791877942851865,14.131070009309335
126,13.297342643298244,13.720160992603644,14.040825513069796,13.548768775144183,13.538787140586564,14.098667801689572
127,13.493308075709706,13.51182630490294,14.151779668749123,13.848077052957157,13.511485978738596,14.072340540328534
128,14.595767296511218,14.079119038776506,14.070403514166674,14.199380308338775,13.717998427429356,14.084940875473416
129,15.548703203017645,15.012733344715874,14.326577064148822,14.55090067854013,13.98795814601569,14.118809249829507
130,15.091109568225395,15.144320033786967,14.483915250556063,14.36203381532631,14.2369499472061,14.127802960591996
131,14.964954736799871,15.258858304908307,14.99362190154947,14.508970684906265,14.517223707309634,14.308786313935084
132,15.41390697130153,15.054455879309558,15.25215480879279,14.749627170769056,14.701967238770957,14.3135650699142
133,15.189571402237224,15.324499527582859,15.231143543839872,15.049607473174545,14.650773529003274,14.428558915577085
134,14.398098019055421,14.676551400813258,14.791912735207905,15.008138583153542,14.559244899678362,14.340450800797413
135,13.700099215502595,14.181961023716902,14.674739402750754,14.79370230717208,14.579327326653408,14.185602634752637
136,12.528387642332568,12.902428894210155,13.817285897420982,14.145191280100665,14.405453899485224,13.972120520035896
137,11.71420430780785,12.392698549551854,13.194858337353281,13.828872232767067,14.223506573073035,13.867496275905816
138,11.842688986615574,11.664155408285474,12.478532931172323,13.25311535147658,13.854838237506101,13.786418332467727
139,12.02639168272595,12.058034576480777,12.246175802821494,12.861010721745473,13.519044269014696,13.753501207515194
140,12.079511300274953,11.907693403263544,11.830297765081266,12.36452675091593,13.252518583916011,13.744734265561055
141,11.436644984653068,11.787338575172436,11.809478739749693,12.0148812833448,12.813382318585337,13.665303012947485
142,11.733149494194814,11.712198610909454,11.837875839636052,11.802541116256565,12.516367088494665,13.609167163632813
143,11.323913046372084,11.283606405903859,11.601968363652293,11.670745684498948,12.04025064741231,13.345512088207789
144,10.54817064949842,11.119882387473021,11.246587426345041,11.469388642453874,11.746381614583267,13.152813257130813
145,11.261323698324595,10.969055875323711,11.274693322872153,11.504641316415809,11.55249554397671,13.065911435315058
146,12.862058981070959,12.145313010605605,11.816753024912197,11.708150727695303,11.813115882330944,13.109284890908086
147,13.167815161158515,12.715485549763775,11.848559589657631,11.815585276668257,11.843217714646844,13.033362143859938
148,12.234985366027455,12.794420789074179,12.181181952774345,11.936247979516555,11.89157515821332,12.87320669785971
149,13.11170023367734,12.881913051501362,12.8739714233292,12.209456916520404,12.06027942483712,12.789661846925908
150,13.736003914384632,13.173213291224924,13.171054039198362,12.625416798948711,12.222873681035258,12.737696132475634
151,13.318849095879637,13.604488871402816,13.05668746925267,13.001079329772182,12.436720247082434,12.625051282833885
152,13.349136060010842,13.331503842113925,13.243582398739289,13.221934616573355,12.546070994198463,12.531219041346564
153,12.244263648127982,12.60999536056505,13.060398782092884,12.82456637750276,12.620790367433614,12.330520507422962
154,12.484034699844951,12.774960911424133,12.992516185206336,13.026568770483765,12.93324380426777,12.339812709425516
155,14.47218223165509,13.358692808327882,13.354870109001064,13.4637654819678,13.262962074099713,12.40772880903821
156,15.396163738218577,14.876227638151198,13.823442042141911,13.679272628924119,13.44006475569729,12.626590319014117
157,15.424632213373979,15.319091150680569,14.185068570346322,13.94623071025047,13.714325484542806,12.778771599594823
158,13.655955671102266,14.332076597782647,14.388118851331626,13.77558879327344,13.724258816712256,12.807916987462786
159,12.80393569860109,13.590939124268909,14.313028969848778,13.790459178419114,13.652772577527557,12.856526001182337
160,12.275156711346707,12.2324262630978,13.509308643208271,13.784415382764506,13.43208937610467,12.827481528569965
161,10.446025032684272,11.45098536532358,12.332973487635055,13.208170702087491,13.078207764888484,12.757464005985458
162,10.44986731778219,10.663047342551865,11.519402684971556,12.63518255022939,12.852235627658938,12.699153310928699
163,12.665622639190492,11.711295983886103,11.936840274870345,12.428016102365179,13.162479563100984,12.891634965267297
164,14.792065184147877,13.560407443527604,12.31465447919027,12.454449113307646,13.313841724519524,13.123542764393644
165,14.902705735996964,14.679854929362618,12.987859884730446,12.784230406620807,13.24858426396936,13.255773169034537
166,14.453953082343215,14.752627738962753,13.91782569905385,12.925882651519682,13.12539959334445,13.282732174520874
167,14.316611962566132,14.362886114974787,14.534557742644022,13.367503335540643,13.02698021380779,13.370652849175297
168,13.029390226736808,13.503750732789316,14.063332734072375,13.663986992677552,13.000086504471358,13.362172660591806
169,11.705965648080166,12.530894492132754,13.30011792821694,13.726388572768636,12.807386203703606,13.23007939061558
170,11.472596120416252,11.607740171356063,12.691288887840091,13.323122273027767,12.83957438628527,13.135831881194969
171,10.679781416578901,10.96448861869415,11.790449261911213,12.551450353463213,12.854137480482532,12.966172622685509
172,10.068632582372082,10.51618479421734,10.992097135762469,11.941958514849231,12.763327439203248,12.807781533431093
173,9.422576623316568,9.597808953961028,10.347723820543116,11.113914222312742,12.205528277307746,12.684003920204365
174,8.20660739532434,8.867402113380965,9.592353834660141,10.196242924208718,11.44623588143854,12.380038802979032
175,7.902975182792038,8.154037354240998,8.919875445493432,9.649224209757094,10.805582166666763,12.027083215318061
176,7.452424516614773,7.553967375579769,8.301411074674489,8.98094545807575,10.04593016829285,11.585664880818651
177,7.006012521432692,7.353640771646567,7.694827421117675,8.373057467190362,9.343462278440073,11.185221246123934
178,6.6479119541842,6.717258556507876,7.191545207021541,7.828982754534406,8.769634513782329,10.884860509126845
179,7.188328469239936,7.1775767400633415,7.287515850683914,7.550113434866893,8.439934842672027,10.623660523187816
180,7.222098873187254,6.861316124344252,6.919194683179628,7.20027482592603,7.9195350643365305,10.379554725310898
181,6.106354550853775,6.816538471176391,6.749087864379516,6.950041193589589,7.525249469527002,10.189693475004765
182,5.79093550265134,5.929720813285189,6.433163875667087,6.5968349173144025,7.063995648392381,9.913661543797813
183,6.162500936751776,6.110139846886072,6.554923457406545,6.5814915993430185,6.873234332214044,9.539381304760893
184,6.295111073484222,6.05555849503882,6.075876917364802,6.393720217900554,6.681696384024358,9.063966132731448
185,6.963284251390146,6.89170567937861,6.451397608687702,6.671597969973289,6.685296145933664,8.745439156300211
186,7.765743908810044,7.124387143077665,6.73963266054731,6.558696057777729,6.744360262463412,8.39514521537813
187,7.513521897771057,7.7039795622365,7.140432166735589,6.7548616912829464,6.786798021201338,8.065130149820707
188,7.872137403060452,7.730289244191202,7.423487247070779,7.0632054441224925,6.9892053522386615,7.879419933010496
189,8.479399990724676,8.179750283512922,8.01414773363177,7.522994402161042,7.045012325498287,7.742473584085156
190,8.825736907911416,8.60509925095144,8.168468309679287,7.824130007310961,7.309932959183496,7.614734011760012
191,8.485545167854736,8.588688793375779,8.302068237249648,8.148832714838333,7.520850448898477,7.52304995921274
192,8.774308237358778,8.801704748707508,8.672782845514375,8.341565431873429,7.906607506124982,7.485301577258683
193,9.283081819837857,8.893585401326739,8.86644600396061,8.58235783227485,8.144966625515695,7.509100478864869
194,10.006051239414095,9.815375463080414,9.283443344990143,9.053716672342867,8.648795539310957,7.665245961667656
195,11.040555966163536,10.404417220529911,9.752373627261457,9.487620278875733,8.960420968470372,7.82285855720202
196,9.925986587379047,10.243978641441208,9.859619912799868,9.46702712852983,9.080844075024757,7.912602168744085
197,8.245158511208183,9.230488735059303,9.54071373680122,9.321740736960521,9.106748291157796,7.946773156179569
198,8.955748113979318,8.854106739985063,9.728686430456452,9.601370827422569,9.29756621720853,8.143385784723598
199,11.183246193063177,10.068661805515388,10.011591718260853,10.010008724304637,9.647517531625498,8.346264928561894
200,11.411913958556308,10.965277038217147,9.877229627413561,10.209608581342124,9.814801627337511,8.562367293260504
201,10.193125467318776,10.893580041075026,10.118447270236743,10.063458503705974,9.989033591518305,8.754942020208393
202,11.516527745560197,11.187464739881827,11.185777321154367,10.3456005183126,10.363245528977794,9.134926517551389
203,12.597956177724082,11.684274853853543,11.575330495734649,10.826878386661699,10.652008463095552,9.398487544305624
204,12.61767794130226,12.803833055870816,11.75955002045,11.594891784053766,10.885570869355426,9.767183204333191
205,14.150407142486905,13.44019445180468,12.670727769306888,12.311066680521007,11.273978698360224,10.117199833415299
206,14.447654161962923,14.03696504536338,13.461361498307658,12.527579775167979,11.789904384272202,10.43537422964848
207,13.991295122296997,14.355939239134505,13.660634720001607,13.048032727304061,12.423206020577988,10.764977155867893
208,13.73811343445352,13.762102573341119,13.917424400999433,13.540433480063617,12.74637744836704,11.021971832787788
209,12.540867547626172,13.084748162910005,13.62991056253117,13.340701242180055,12.694730291490586,11.171123911558043
210,11.204610125923898,11.904312575759056,12.739105594374232,13.14233460812071,12.70491668184056,11.259859154589034
211,10.716884724622643,11.070595689689421,12.13760278759506,12.797617465985878,12.799482142951359,11.394257867234833
212,11.070040196680793,10.923761008462137,11.57060362412775,12.26222976646182,12.61561917206468,11.489432350521236
213,11.51491051473512,11.27746261556357,11.248321619707701,11.959690709635078,12.582873010353568,11.617440736724559
214,11.749467225851994,11.612149342615036,11.25404349541808,11.621707510334677,12.441977028974627,11.663773949165025
215,11.270147627723421,11.410867569591986,11.274536620427508,11.254557621997906,12.00682110740087,11.640399902880548
216,10.297072744420607,10.800257495738697,11.086118703337265,10.980623280847372,11.611860745466162,11.70088256486918
217,9.230640362690085,9.73164966081738,10.538776686831225,10.690566261073958,11.054690155479488,11.738948088028737
218,10.054787313153593,9.990017286025477,10.502069422704654,10.791452591856215,10.875195521206177,11.81078648478661
219,12.133067396146826,10.955646095301526,10.692216754949158,10.994288318064253,10.97313012518362,11.833930208337103
220,12.936316745662152,12.460468208006853,11.168537069880147,11.197568657835367,11.221536845153826,11.963226763497193
221,11.887136583711516,12.177212275673476,11.328242290665523,11.033622420309834,11.207180497001394,12.003331319976379
222,11.536481832338655,12.062744498801408,12.090873657739575,11.273664144868292,11.3148251722854,11.96522217217504
223,12.327265717393761,11.77117825682788,12.23723365236159,11.61367755544502,11.369651537533123,11.976262273943345
224,11.076476180126246,11.522304229744558,11.668237171331342,11.801045806992908,11.180226963140251,11.811101996057438
225,10.117722686758446,10.825338826441076,11.109796028800108,11.631659090760692,11.139166549340128,11.5729938283705
226,10.845381804976249,10.534381621466219,11.251535259837235,11.433135638087029,11.289888775251379,11.450874760358772
227,10.964245384342478,10.750518295918562,10.880901449601637,11.068210130383642,11.485887553670604,11.270288854575046
228,10.339397204456272,10.682164633264769,10.45638785466224,10.990924386871244,11.346810753511914,11.111003137359045
229,10.98413722387429,10.843021908517258,10.843965867100854,10.910397385108109,11.256101519216097,11.114615822199859
230,11.152830336997393,10.807887935034714,10.870430914757819,10.655371421043712,10.990113471778962,11.105825158466397
231,10.790849608423468,11.143990177828721,10.822152988479742,10.828789793193028,11.036844124158488,11.122012310579942
232,10.733908738379906,10.641068944705124,10.77829625637279,10.831424578649843,10.829598852987214,11.072212012636308
233,10.40993729389559,10.648728149094186,10.850369024255468,10.70437707574141,10.653378439458853,11.011514988495989
234,9.730536292099213,9.934193400488953,10.276855883662758,10.47893626658034,10.560410875381807,10.87031891926103
235,9.757480533420457,9.997776012454553,10.292229102824695,10.53811516973118,10.581330008791257,10.860248279065692
236,10.34037574403011,9.887819033911967,10.096666337905415,10.295004415196289,10.459409663192579,10.874649219221977
237,9.65268490368513,9.945875086845165,9.859739568946782,10.109502188784818,10.319017912659785,10.902452733165196
238,9.201084707543547,9.516888483327362,9.6131253033646,9.84078587208774,10.231747163810034,10.789278958660976
239,10.5486476179918,10.084723002819624,10.18698409930382,10.056570440102503,10.23191999148329,10.744010755349695
240,11.054201948546936,10.451233179901898,10.131813869415192,10.02486148770241,10.212021486119943,10.601067478949453
241,10.121076317746354,10.698050742954829,10.099264328790316,10.168153304573114,10.097965333347867,10.567404728753178
242,9.902532660768339,10.020489875086257,10.231752972248476,10.066304952658948,10.045746270597629,10.437672561792422
243,9.977919977831803,9.98052942914474,10.409998436905619,10.06459451423074,10.011561870135107,10.332470154796983
244,9.030419389772053,9.293385256436721,9.624461680960575,9.88851480582664,9.905722890132196,10.233066882757003
245,8.16913911692847,8.824933733251497,9.255973304258232,9.769752916912148,9.693893586836712,10.137611797813983
246,8.112164415832787,8.049548215104045,8.820896920195148,9.192376748066922,9.460080624492733,9.959745143842657
247,7.771538040826576,7.985679500621177,8.403575456281528,8.831848943277759,9.317664214265001,9.818341063462393
248,8.003583901639558,7.939178071578104,8.031162489718252,8.58737891489355,9.220580463311936,9.726163813560984
249,8.910980577228493,8.518223608218314,8.355799931264103,8.548548347980661,8.990130806112338,9.611025398797814
250,8.793306521168955,8.620357058473024,8.280829451414444,8.248917927275595,8.768401377836337,9.49021143197814
251,7.2648543120517,8.025737215159742,8.016875889751669,8.044101182917702,8.418886404973408,9.258425869160638
252,6.963661780819898,7.32214452753396,7.9576789474117735,7.904495831244574,8.18062720184665,9.113186736222138
253,7.395198908636889,7.093665473471698,7.7735218925506,7.839253895147445,7.902342191134427,8.956952030634767
254,7.216035484163649,7.289598642275261,7.279700910185836,7.745780815055167,7.817750420724968,8.861736655428583
255,7.399414336998023,7.384167177590448,7.215965018882228,7.666634019535579,7.748397235148336,8.721145410992523
256,8.183936905118461,7.815423973262974,7.647333947412541,7.538054051595158,7.832104918582104,8.64609277153742
257,8.451715695759844,8.207953985321245,7.811186584858206,7.569036640847263,7.8844327661349904,8.601048490199997
258,9.136883760605073,8.973736922334341,8.344007888199815,8.072919608324693,8.058764890375206,8.639672676843572
259,10.186270143750729,9.54284281107609,8.999280448693039,8.489781887398927,8.139490679439437,8.564810742775888
260,10.550284687836765,10.37278291705229,9.60435602853531,8.974372688096086,8.41016052370877,8.589280950772553
261,10.870144731291017,10.69835012486672,10.07376357916206,9.53381310086389,8.860548763287301,8.639717584130356
262,11.738317009518468,11.407480827564115,10.91899655403876,10.214059165959071,9.365091569448484,8.772859385647568
263,12.838058118493702,12.223532411971343,11.554233322317511,10.8635620189711,9.949120605258665,8.925731398196543
264,12.44846530658383,12.459694544425991,11.823874619172003,11.355987626194494,10.411577533932519,9.114663977328744
265,11.673174253101926,12.180103907693649,12.003389148423578,11.588216445398773,10.803872588479443,9.27613491181389
266,11.412825995679029,11.509539795882874,12.040947124927206,11.706432155316865,11.057355352044633,9.444730135313367
267,12.287741592255493,12.07295476480809,12.223158981518386,12.084632703804123,11.571077767778572,9.727755266956782
268,13.794004680881429,12.923426747735876,12.423325749882297,12.541820712342696,11.988779536099903,10.023772213237555
269,15.102210387230468,14.532544359175716,13.284657013777041,13.045745097436123,12.554265816474521,10.346878247956978
270,15.142323518137474,14.82648136499053,13.810985455896514,13.200182255098062,12.907187302160045,10.658673912934407
271,14.118037839455972,14.748566464892079,14.366741751287819,13.522765821113879,13.203844438107513,11.032196600697407
272,13.928860861349133,14.044248347736307,14.467433163533972,13.844664143168691,13.345296072526178,11.355193820987331
273,13.769316458956224,13.833228425437914,14.356866462517738,14.19604881062165,13.390096106200016,11.669608355729341
274,13.688816246367981,13.75810061901098,13.902075507188977,14.24497118720083,13.593366260483009,12.002471897207766
275,12.546080915889355,12.911375128464728,13.31836942161849,13.839499163481056,13.564677438757503,12.184275013618475
276,11.4654102125882,12.222163121432295,12.841024456441868,13.205885423017325,13.603883103864842,12.330619227954738
277,12.55188756749514,12.153422675882835,12.767580104076893,13.099374606154674,13.61750663380543,12.594292200792003
278,12.357025236305116,12.09612600170947,12.276107967381424,12.702738964974227,13.31648721494958,12.65263337552474
279,12.673903819180577,12.959085080277752,12.361615133201932,12.740815451249373,13.131845320195453,12.843055568334986
280,12.87051681630022,12.308545500912857,12.405882327545772,12.44593906707251,12.86212587458213,12.884656588371087
281,10.782382724485977,11.90932340573166,12.088404137961042,11.910405873568802,12.464714297201455,12.834279367654483
282,9.559680800836428,10.232396822016758,11.208999620882286,11.592681891343101,11.988289862479588,12.666792967502882
283,9.313060935700845,9.537686151998741,10.870818417719333,11.295448937315273,11.573463192550378,12.481779649375198
284,9.033550276755902,9.066508523530041,9.752858203912416,10.587442665417603,11.057236668557174,12.325301464520091
285,8.571441607274828,8.878860022957674,9.151188334109175,10.21385361473519,10.778535330827474,12.17160638479249
286,7.902609479065545,8.126207552439842,8.600948905744243,9.224215711099024,10.344676521852643,11.974279812858743
287,8.348857889528132,8.422398431472494,8.666859169585859,8.921951064228878,9.937929395234073,11.777718014519753
288,8.249255298763293,7.911416680098817,8.175426650969223,8.5004650180354,9.523122534344278,11.419804874646928
289,7.761373914326574,8.328241388313183,8.157988624614127,8.408149096654634,8.955423414263272,11.043634367229362
290,8.21357315216062,7.821226855187143,8.032279268923538,8.186325651309621,8.591733801516359,10.726929838049243
291,8.240706238150063,8.32254201457103,8.293227328247934,8.181622228481539,8.447088116996088,10.455901207098773
292,8.473245216526955,8.29580772332073,8.082034199723067,8.158269539667371,8.374446684654462,10.181368273567028
293,8.076265524067928,8.231003595842568,8.224031418369789,8.23123824133936,8.199729034669506,9.886596113609944
294,8.339033544632464,8.361359260975663,8.313098051845424,8.155462583982894,8.235543338229776,9.646390003393474
295,9.084806093223126,8.638710846973348,8.57252459479479,8.469967039756456,8.302401931859164,9.54046863134332
296,9.224670725521595,9.12696272861144,8.706683846794036,8.573547387181472,8.499955587520986,9.422316054686814
297,9.21831846681156,9.224900795092745,8.870553894908634,8.757037129656725,8.476294047315852,9.207111721274961
298,9.227834948496827,9.222315298793909,9.167311616565595,8.855584161566261,8.69567151746769,9.109397025905986
299,8.910255838736703,9.015290870569485,9.099042812550328,8.881897307430938,8.706070432197876,8.830746923230574
300,8.470128037979197,8.723521679572334,8.921440394468025,8.968116308398054,8.746982494631407,8.669358148073883
301,8.71666312092186,8.674509652186172,8.895839770710435,8.98979147208505,8.801261808752233,8.624174962874163
302,9.761156262067452,9.2907886284595,9.13857551257038,9.161359213782147,9.004564703739508,8.689505694196985
303,11.385254495622238,10.617927290614865,9.758807589560599,9.607101120685238,9.463059603063096,8.8313943188663
304,12.216339948797291,11.62390651370979,10.461009156594617,10.017936780063783,9.780025984572474,9.007784661401123
305,12.489691487803363,12.436950774438804,11.366632969490263,10.539060131915674,10.144036681979145,9.223219306919153
306,12.243294433889037,12.195933139220989,11.871661681781486,10.970233521535878,10.38375072624596,9.441853156883472
307,12.374400644481687,12.542324571561736,12.411930722455956,11.654566590916385,10.77525311751317,9.625773582414508
308,13.091090583538492,12.596865869711074,12.553996116947989,12.220069939426347,11.156401853254295,9.926036685360993
309,12.895738590773888,12.977287342818306,12.683690179246597,12.550161541975365,11.572349667920609,10.13921005005924
310,12.79408911619519,12.876658184186743,12.675755168304722,12.622594116732904,12.021194068897492,10.384088281764448
311,12.496212818963135,12.580702166434733,12.784857533276238,12.630125219165608,12.328259607528862,10.564760708140547
312,12.000267687943197,12.279677582299614,12.526101985689326,12.482758745344286,12.469016354072643,10.736790528906074
313,11.827172348877252,11.936090988222773,12.279290239411742,12.511233194876528,12.416643178179866,10.939851390621481
314,11.528027387376081,11.634220627908244,11.9790175043302,12.240937814742685,12.3313538417884,11.055689913180434
315,10.456256747694368,10.906750361390223,11.344157292011412,11.758423527492495,12.009956230158068,11.076996456068603
316,10.121520000535462,10.497119062347052,11.02914037695913,11.448303931817417,11.906998955117684,11.145374840681821
317,10.594216569247834,10.284209815971392,10.781736844533267,11.12988851407896,11.653919415111295,11.214586266312233
318,10.263022823738716,10.368296446376615,10.403480566903715,10.810249647467584,11.341385403157728,11.248893628206012
319,9.557688399680263,9.908322082067928,9.99360124945494,10.432008717432408,10.986309376892569,11.279329522406588
320,10.522923522414118,10.320767748487471,10.430147276791617,10.437607125620973,10.887152284401514,11.454173176649501
321,12.502790184979197,11.401500322894913,10.946109323232434,10.710512373890442,10.987624850095782,11.657942228812324
322,13.189881275748036,12.742229665865986,11.468413159391698,11.21864270506488,11.125075001962482,11.797045678017563
323,13.369304962793445,13.299087949814465,12.188622178854327,11.63845093453558,11.296051372879022,11.856347275529442
324,12.950122655777811,13.040451313065063,12.825386861830717,11.89175872978773,11.409494055642828,11.870423948715613
325,13.103899941314792,13.241767060192302,13.221012746414596,12.450130110985887,11.825580011603105,11.917768120880586
326,12.126185257239909,12.211704842696037,12.674744890735,12.62561497480477,11.810427106983719,11.8587130310507
327,10.695640269133788,11.738778802429621,12.223316343768897,12.499477752905792,11.845864751580296,11.749892083345795
328,11.40255357237567,11.077473930069957,11.888044334567889,12.311261656918049,12.038333256711109,11.68985932993442
329,10.345697103642276,10.5517867000312,11.181546122914682,11.68685370373272,12.003466492372699,11.494887934632636
330,9.109412921361777,10.019989031555282,10.290249526586683,11.094149645080426,11.75563113650064,11.32139171045108
331,9.155349907578199,9.053650923499553,9.99321198305,10.60263291853283,11.3339784368925,11.160801643494143
332,8.445505450713386,8.753194596269354,9.390195599218522,9.763179790622884,10.806755971493711,10.965915486728099
333,8.023449171651666,8.32967509035948,8.641570222760398,9.430422608364761,10.264807278664144,10.780429325771586
334,8.179874541798426,8.102877685749506,8.523866574480982,9.044389582812782,9.852706348697833,10.631100202170334
335,8.436284410948245,8.323527730516053,8.372318818594986,8.582917133671213,9.331284172590836,10.578432092096971
336,9.697181465865949,9.218699215225694,8.740599197796083,8.859099400590972,9.366905590423041,10.58866634870338
337,11.033762453032805,10.226119671338973,9.407621619522754,9.13273128557722,9.398908609370638,10.622386680475467
338,11.856825616932504,11.4990600192152,10.273949775908417,9.630949603263632,9.45775999933441,10.748046628022758
339,12.069256854053695,11.807503263464136,10.96337454442486,10.168088829388738,9.743620559452923,10.873543525912812
340,12.404955413381424,12.413188659447613,11.861418176881688,10.882808529472133,10.116868497738338,10.936249817119489
341,12.739067188158195,12.395664310947929,12.18012883334176,11.470715299777241,10.460364015568919,10.897171226230709
342,11.78997803002479,12.227002776761678,12.163904407678483,11.841006706351147,10.785763013600619,10.796259492547161
343,11.998422364491942,12.12464227835494,12.236767532365535,12.128212699384667,11.255358654136975,10.76008296640056
344,11.43381760422323,11.3568363874717,11.909728707746298,11.95530817811984,11.436551626085578,10.644628987391707
345,10.889353486991771,11.524225916332929,11.630526761809673,11.851792090830173,11.745972469345682,10.53862832096826
346,11.758287279049824,11.196746330510289,11.517416744102949,11.866459728118736,11.848772788722354,10.607839189572697
347,10.988678469998998,11.227466493516774,11.310006937799356,11.447141535578053,11.73695567273892,10.56793214105478
348,10.665143599008548,11.047273071854805,10.984105237909592,11.273910131218836,11.610436385137564,10.534098192235986
349,11.210351722125441,10.862176122233853,11.22062058496024,11.28153401903538,11.565174646353269,10.654397602903094
350,11.519064478099637,11.400863743921898,11.23598963435274,11.13695073510675,11.433258198081205,10.775063347909771
351,11.185987372344218,11.209405304457633,10.991700622278,11.210725381355664,11.254558683190474,10.857461349379696
352,10.862689569515668,11.169088975515384,11.185594074159408,11.129332472970718,11.24780050597938,11.01678175979
353,12.02674920304391,11.547861787753812,11.536342863892143,11.287428788211118,11.260224050900867,11.257791352518922
354,12.847470736923313,12.276744551901446,11.840441680078555,11.660415977806238,11.530531132519396,11.483541379302487
355,12.413219934834288,12.581548697966227,11.894005046586003,11.786879169875613,11.564997340469372,11.655484904907526
356,11.606332100719094,11.996466483684904,12.008579571428506,11.773553228832995,11.50014009685325,11.674456442787804
357,10.64336034360256,11.112141769085724,11.80627335622076,11.536677988590734,11.495933715190084,11.6164446939645
358,9.751891480548537,10.222247514161069,11.098636482430356,11.363811545462799,11.31748967316125,11.463963029149406
359,9.464136287196574,9.684011226737377,10.452939576330063,11.137091336499564,11.14669062820431,11.355932637278789
360,9.494200096332364,9.456140682647604,9.931028547029587,10.64022608640236,10.912516796807795,11.1728874974445
361,9.50526791267315,9.519595514820454,9.612513901111686,10.182176243856661,10.810546736270094,11.032552709730284
362,9.935141240469967,9.770143984829867,9.647740905776548,9.932203602298268,10.727007130998656,10.987403818489017
363,10.463975520630845,10.166112464352773,9.89734751714461,9.855788649545731,10.497991999787484,10.879108025344175
364,10.777139311266371,10.618058250558681,10.172942115404469,9.970426164487927,10.312940845867265,10.921735989193332
365,11.135492885242186,10.96634689420092,10.553864632708539,10.25110333660106,10.242446589869065,10.903721965169217
366,10.226848219699438,10.459973383271077,10.461574238214984,10.188343859488745,10.037044069663336,10.768592083258294
367,10.354799374194386,10.68478693615293,10.721727886198305,10.496988844561638,10.184734395987428,10.840334055588757
368,11.316981834400599,10.58096601604335,10.802776763722886,10.705976408553733,10.350062140433748,10.8337759067975
369,10.372333076915389,10.781776840963564,10.559805392457912,10.621900797831758,10.36637375393119,10.756532191067752
370,9.648890092992904,10.110359828575698,10.208135646823173,10.473094857800033,10.381000139765854,10.646758468286828
371,9.124425135041644,9.32007237472426,10.118836158594798,10.149696747481837,10.29020519840489,10.550375967337494
372,8.875665166977125,9.112581221950188,9.61648196393627,9.827429795438588,10.169104925067286,10.448056028032974
373,9.293577408026005,9.083197251412995,9.309474388044958,9.88304794414657,10.056125575883922,10.277058787835703
374,8.934488141457114,8.9859565595605,9.04134398975296,9.421626586085083,9.800574691105435,10.056757768486351
375,7.357605787405449,8.071157665031878,8.392960665809976,8.7517976450051,9.300548156316575,9.771497373092819
376,6.570547432099604,7.170603242276234,8.019792908576143,8.335402116137717,9.069314533585468,9.553179301624402
377,7.948592564079977,7.413893946780452,8.022131624651117,8.265998351029976,8.819306794293693,9.50202059514056
378,8.674759115910504,8.048705461279605,7.772265591729942,8.206926110671676,8.540869989887451,9.445466065160598
379,8.843608153172234,8.929267760828871,7.985779629337165,8.256839204228578,8.513561809545061,9.439967781738124
380,9.485126542544885,9.073061446922877,8.623273893785717,8.261654434819926,8.508117279797846,9.44455870978185
381,9.130484848517195,9.2330849159,9.009754595904202,8.312838263388603,8.514773752240172,9.402489475322529
382,9.244027510183232,9.340007684930208,9.141447872227019,8.800632069899292,8.581789748439068,9.375447336753176
383,8.892827615728724,8.838218964689224,9.096981995831488,8.976346887282636,8.434623793780714,9.245374684832317
384,8.493290531577134,8.915211473636836,9.00132082358898,8.956260060612767,8.493550226463073,9.147062458784253
385,8.306860367554668,8.213440869603515,8.625675525835401,8.871232959180968,8.62447470981056,8.962511433063568
386,7.968209814383285,8.29879960607321,8.536410809935415,8.70614624953021,8.773082702919808,8.921198618252637
387,8.148248291595944,7.983412709616054,8.187363838400486,8.48926774462413,8.664405855313754,8.741856324803724
388,8.1354736301395,8.184541781129765,8.233469215699724,8.421857329993726,8.665225605765608,8.603047797826529
389,8.999649555690064,8.671039203820575,8.389907448045658,8.419445471911795,8.69561413581732,8.604587972681191
390,8.909153382744943,8.691811841895763,8.474386421775836,8.426521834855501,8.550030973805619,8.529074126801733
391,7.609148287140965,8.320155641821552,8.24628283714873,8.166833402072887,8.391346823542072,8.453060287891123
392,8.096477238766191,8.089696963946514,8.453678000643936,8.366412369487366,8.320520919522211,8.45115533398064
393,9.070107070982662,8.427458100646698,8.620136213485996,8.48166118967271,8.426802714592862,8.430713254186788
394,9.710645509537741,9.49069511221103,8.738076382183005,8.812811574613594,8.563991915114332,8.528771070788702
395,9.085192092556014,9.086601336506579,8.690551697410424,8.753009321791716,8.58246905959313,8.603471884701843
396,7.632324128980336,8.53217315087615,8.747346718918754,8.422147166982242,8.496814778033741,8.634948740476776
397,8.863373367686597,8.52175324193915,8.997310148978586,8.73992931748933,8.72549407481126,8.69494996506251
398,9.322570222720733,8.690425237652628,8.848331979613983,8.911696291433605,8.73423409654999,8.699729851157802
399,7.968712187482083,8.74601194760698,8.300536820156323,8.703425017122443,8.519306601169664,8.607460368493493
400,7.8926875602638145,8.04330136603744,8.371330166697103,8.575290716942506,8.530940932053763,8.540485952929693
401,8.29527279033536,8.0611469926834,8.565716284698333,8.299032811636048,8.656531501808544,8.523939162675308
402,7.759785695047189,7.9040170377475105,7.92989509764134,8.196603174797128,8.463602623309962,8.392061771416085
403,6.786642549198411,7.32378365197313,7.551345215289404,8.057409503126927,8.199838597451693,8.313320656022276
404,6.351699414143701,6.608301453619737,7.283089988305987,7.478982045213443,7.791813404231154,8.177902659672743
405,6.2676515370199795,6.329027546621657,6.90133080599187,7.184575592926711,7.6363304863444865,8.109399772968807
406,6.47569726143765,6.401004595112563,6.555259776746903,7.052406352057891,7.5604880307226185,8.028651404378179
407,6.55644242826094,6.465522889366483,6.41999349927737,6.802791269497319,7.174944298459354,7.950219186635307
408,6.843011913692628,6.784578179560995,6.577807522544589,6.63747467301711,7.064576368916997,7.899405232733491
409,7.805871927438142,7.352306000033479,7.001662504595146,6.815958764466162,7.142376246450567,7.830841423810114
410,8.500183060375544,8.080405267637397,7.470820131886815,7.127057676210577,7.186075468939343,7.858508200496551
411,8.674712121970735,8.573439472218883,7.881268448808382,7.479676680988171,7.218264112777642,7.937397807293091
412,8.472053555228488,8.52452635283096,8.237064582673833,7.75688682427015,7.328529040975601,7.8960658321427815
413,8.893643366854363,8.835746343204763,8.701521030073076,8.170518425392947,7.6396642763088325,7.9197514368802615
414,9.866676651944317,9.31916937281335,9.061386472476304,8.70266803103683,8.031524488535725,7.911668946383439
415,10.00224557625125,9.855874357219937,9.302346036423357,9.073156614695412,8.386583084155086,8.011456785249786
416,10.07604176831919,10.107434973789902,9.621918331015687,9.351287985574272,8.751593389912035,8.156040710317324
417,10.107774951142613,10.016606556685465,9.956634594789005,9.532468583486002,9.09684958873142,8.135896943595387
418,9.781630460760615,9.96035823012948,9.977113168578189,9.667550368085667,9.33931709932563,8.201946734121313
419,10.093853938597185,10.028481336870797,10.047505509450152,9.995840121591343,9.554445990963229,8.348411118706899
420,10.257941057091884,10.060468967428994,10.07939136091444,10.057349708153529,9.690868698668899,8.438472083804122
421,11.073553146624583,10.889763127446775,10.446510060772312,10.340661977214276,10.034214195893998,8.626239154335819
422,12.375774140639045,11.581749102123565,10.986591036713012,10.735500726550043,10.471612815751012,8.900070928363306
423,12.153307039750635,12.153340449219277,11.395180692368317,10.934166340480404,10.686146930473253,9.162905603391044
424,11.87341663387376,12.114991426956351,11.698416114823642,11.239969778758942,10.872960812136899,9.452242650336313
425,12.364468511397687,12.145803363058372,12.23779167409064,11.672120069233852,11.15859151750254,9.772587300828814
426,12.792254134269976,12.54095615663591,12.385896509881801,12.010941263236882,11.416203285327057,10.083898337619544
427,11.882691486457903,12.151986598114467,12.040558612418184,12.136334477624144,11.513574824565598,10.305212206648507
428,11.578121244100696,12.016724645104583,12.155822191621825,12.155103576801485,11.775501441995072,10.55740927066035
429,11.719730892590455,11.436971103661454,11.979084315904862,11.948893549610261,11.838750215364254,10.69659810316374
430,12.085161018403838,12.151704333068542,12.044099194424286,12.135633284988115,12.140945434257464,10.91590706646318
431,11.67074869459966,11.498722737327427,11.530482140036735,11.890988424103375,11.958189324959267,10.996201760426633
432,10.4677038003891,11.317019604934304,11.478104119996765,11.593700510414232,11.759331366207473,11.115472090979242
433,10.13789545510609,10.200545695128929,10.954391824438892,11.132600230056552,11.555107008030358,11.120626969251806
434,9.84324781922663,10.098685688018952,10.727510890651235,11.011002319776725,11.353297603278047,11.113129207707471
435,10.489328408824974,10.214962100752844,10.316058780607346,10.821516562834915,11.180078987515817,11.169335252509176
436,10.61343860595142,10.415714455249171,10.304586855191939,10.69491880930843,10.917534497614335,11.166868891470696
437,10.228101801685536,10.471531422392117,10.220217981125922,10.290928215201117,10.849161050561344,11.18136793756347
438,10.225325568287825,10.239712561557738,10.339558900464633,10.281940773219334,10.646975362451764,11.211238402223419
439,10.768349586152842,10.574805409193063,10.590258687896405,10.376827011133614,10.65888478927382,11.248817502319039
440,11.442657164343329,11.049416136662934,10.720890402671973,10.654729833001403,10.518474591639661,11.329710012948564
441,11.627360376655137,11.50949528143794,10.995827396177893,10.886573456113187,10.650207125684917,11.304198225322093
442,11.827413460159764,11.755458719334214,11.360615066061666,11.037039847668483,10.790416523593795,11.274873944900634
443,12.213279486667016,12.023243496320397,11.79100896352957,11.343670850603358,11.065283931997099,11.310195470013728
444,12.36631354881571,12.248094167441264,11.999800651126813,11.647957489705679,11.29502966951161,11.324163636394827
445,13.108174863842631,12.877084432108974,12.457216043329291,12.167342077904731,11.589053223000633,11.384566105258221
446,13.689214345779492,13.232050740182913,12.824542238776555,12.482490278170436,11.910184817477225,11.413859657545778
447,13.142811273039609,13.394749581591574,12.983375168481228,12.653100394675096,12.171995117271447,11.510578083916394
448,12.302378405147287,12.694853101052685,12.860181806168663,12.675352572025336,12.325595384849116,11.48628537365044
449,12.173626062472898,12.384357392720512,12.906300173944103,12.752018281050278,12.453050412535458,11.55596760090464
450,12.979894726855019,12.586242070262957,12.808869751373617,12.894385497793337,12.633042897351455,11.575758744495557
451,12.791227122539102,12.71025653764839,12.547105284647948,12.873422159256961,12.685823761712253,11.668015443698584
452,12.893559352870959,13.066197597194998,12.709168983306158,12.833066780372858,12.846272075893694,11.818344299743744
453,12.770518330929114,12.570672273697786,12.734361254960678,12.610937583585425,12.79727153056467,11.931277731280884
454,12.17102907481633,12.652732232046484,12.708130188243532,12.555414723737636,12.807215181093818,12.051122425302712
455,13.59423864614321,13.037791802545954,12.980098822675956,12.980040509584258,12.894484287024786,12.241768755012709
456,15.1409963269621,14.233050896068475,13.648037870012729,13.40323479930598,13.097571577330338,12.503878197403782
457,15.663582357042255,15.366160657363237,14.088108024344475,13.74680840392347,13.398638503825316,12.785316810548382
458,14.470926093903735,14.817509194575488,14.328200975202577,13.883148791124444,13.531281115081626,12.928438249965373
459,13.520819131787304,14.286042527246707,14.628024047132863,13.926025483613856,13.668077117688199,13.060563765111828
460,12.45028191809137,12.675308901941568,13.870618283981841,13.791652673170804,13.425358553328897,13.029200725340178
461,10.428753006186446,11.591260468768516,12.743126718822603,13.428232321148172,13.195582294417665,12.940703028064956
462,10.016769048871659,10.339275513331136,11.611892960713604,12.76951850252179,12.85000049252904,12.848136284211368
463,10.288201543591857,10.149873552435503,11.07003689869785,12.041719525899532,12.699118936950214,12.748195233757441
464,10.44729755532768,10.35163854609196,10.382484330129753,11.279151416317626,12.505254188631309,12.656234684862563
465,11.272420122121957,10.986974267935702,10.598892180310084,11.127860676819024,12.234755232145963,12.564619759585375
466,12.36063902440102,11.733263533298066,11.155238737415583,10.947671385635829,11.949182728119093,12.523377152724716
467,11.669930881345415,11.802063151947527,11.260156913299586,10.904903237748751,11.436024937006597,12.417331720415957
468,9.649589413019562,10.651376393896472,10.899793885186664,10.725053216159578,10.984915391942259,12.258098253511944
469,8.427942815338238,9.180265679239005,10.45241501730381,10.45095288531063,10.417449673716781,12.04276339570249
470,8.805401665447246,8.741690249964359,9.912986502516782,10.301396108118258,10.255939341413434,11.840648947371166
471,10.161436118097892,9.52149681595789,9.572733854782559,10.369278188959262,10.363986296099071,11.77978429525837
472,11.792447123243786,10.984693121901392,9.96199299927613,10.449975251295927,10.61107495628786,11.73053772440845
473,11.07129521451492,11.03209251533634,10.141416175380703,10.000894243277518,10.520605030283686,11.609861983616948
474,10.143028488085811,10.972421368560004,10.64802726837516,10.013717424650324,10.550221142839487,11.527737665735396
475,11.112176693203777,10.578578895309668,11.064126186483314,10.418776323330153,10.488556344500049,11.361655788323006
476,11.006505658019325,10.929228330896274,10.986055084343732,10.750449665416351,10.279394469563146,11.114288598841119
477,10.070164650169747,10.530003003365627,10.3752131972537,10.78013717610801,10.168603098264915,10.802314017635757
478,8.647708632460553,9.286249623734124,10.016620451521986,10.317956098091395,10.079018313451344,10.531966852696803
479,7.361183746652536,8.099788395787767,9.26247530068039,9.514061925653367,9.955251284527774,10.186350479122279
480,7.435187966292599,7.5295985011493585,8.545824960757514,9.279068312885018,9.804975573620416,10.030457457516926
481,8.02750020659136,7.686316111874972,8.070873120109203,8.909625273797811,9.528464102226469,9.94622519916277
482,7.739512900555825,7.781817937084885,7.613564260911946,8.315450086414174,8.994388729082823,9.802731842685343
483,7.58568176048642,7.786645308004185,7.64606237131955,7.9322470173598365,8.831341411420768,9.675973220852228
484,8.648987176024896,8.19614258337391,8.12868563266089,7.909399379515646,8.69558046667064,9.622900804755062
485,9.811257524478592,9.167808390619363,8.596490194593947,8.26468955793642,8.57115757767573,9.52985696108789
486,9.398105855827948,9.404425313601594,8.676927892355526,8.491377124994335,8.373900506232363,9.326647487897755
487,7.8350455024148005,8.625180608212633,8.634703235337538,8.378934568257048,8.124133748124741,9.146368423194827
488,7.053451163109337,7.565887739355424,8.46403565340469,8.213077398285185,8.055049012362122,9.067033662906734
489,6.9403210743292565,6.986657420546838,7.951236794659283,8.15059404647803,8.039961213660085,8.99760624909393
490,7.552416075475648,7.377468121395988,7.560499073803513,8.203572916853535,8.07849463419873,8.941735103909574
491,8.46469525354599,7.927486814171274,7.5778725537464995,8.097939211484057,8.127400223051012,8.827932162638742
492,8.686948891135568,8.54188666593353,7.90126042929182,7.882341878755528,8.267981832314678,8.631185280698752
493,8.315769739462901,8.436389256829445,8.082799984287925,7.788700321094042,8.273417818846308,8.552379615133539
494,8.510922382838515,8.572704752128546,8.529500952695523,8.075449558876588,8.240368873677403,8.467974670174023
495,8.748377904671145,8.47734193251983,8.561184715966125,8.272965104397416,8.060841894884819,8.315999736280274
496,8.07093302272337,8.409480274302192,8.371996060366476,8.398481544132052,7.974934307056488,8.174417406644427
497,8.31177303227004,8.344575698807512,8.411114372419913,8.4899242349101,8.156187400855867,8.140160574490306
498,8.515501311150082,8.254229211954817,8.451888689041349,8.412997560590364,8.267344336664637,8.161196674513379
499,7.384873173159782,7.887202465765118,7.960694688548419,8.117902601202733,8.245097820621972,8.142529517141028
500,7.466931806595146,7.691001728171554,7.939310249810949,8.170472436913862,8.250247482888536,8.164371058543633
501,8.545253446263564,7.907037222507441,8.150422857964497,8.12771147646703,8.261209459165485,8.194304841108249
502,8.153352202425411,8.203321081015307,7.875941917873098,8.000465093415082,8.143528145146504,8.205754988730591
503,8.60085049440573,8.662983014381163,8.184562531266756,8.279116468376278,8.318225610154053,8.29582171450018
504,10.06561044539891,9.216892413772205,8.948236826768749,8.501561497166188,8.454465757658584,8.347417315667993
505,9.635012023881483,9.65075622868521,9.051794618181292,8.598976672013821,8.495552433996119,8.278197164440469
506,7.41881761787028,8.428870496081904,8.497662495411436,8.511259909940616,8.324042676687965,8.149488491872226
507,5.65323005438165,6.709169301340371,8.051745758963786,8.080776171381393,7.963843838418443,8.060015619637152
508,5.038989913601815,5.3648557558954595,7.0729182630898695,7.5094703291801155,7.628740397178314,7.9480423669214755
509,5.184626210816013,5.219708363304193,6.099352065130628,7.23256874520728,7.5237944459496875,7.884446133285832
510,5.5160663802644745,5.273413306484009,5.425340005643066,6.628103439425471,7.238567311912178,7.744407397400357
511,5.399038164762373,5.459740530744564,5.291440283887465,5.899262379311126,6.89455138964945,7.57788042440747
512,5.854277572169417,5.719847547386279,5.5057590127581735,5.547893596079166,6.77875238586098,7.461140265503742
513,5.840507917525163,5.676034888918356,5.612047485456804,5.448316750641093,6.342482874273337,7.330354242213694
514,5.8222732336540854,6.002004259980754,5.760817821893402,5.596191647299863,5.930084943512014,7.1922753505853
515,6.4767700473104926,6.09102987234574,5.996328952275211,5.859111074557858,5.710834478959137,7.103193456477628
516,6.637330799736089,6.533219514788038,6.256134875882887,6.011250101277026,5.773787579885176,7.048915128286572
517,7.216296245767571,7.020378547088064,6.541136421714472,6.3448910361301705,6.023447717236322,6.993645777827384
518,7.816755308679529,7.426543022367395,7.046633832344634,6.702026428110499,6.329340658900719,6.9790405280395165
519,8.551807184054276,8.296696136633521,7.632950001874548,7.1156137823829875,6.696883911883975,7.110339178916831
520,9.479082018823156,8.93506687107112,8.2475586209497,7.741619028481354,7.121943786612455,7.180255549262317
521,9.881167602684027,9.672970999303187,8.930484723053723,8.275297887820114,7.593309799468306,7.2439305945588774
522,10.217235948584305,10.045352714091138,9.447934502076395,8.810323571702444,7.994535461895433,7.386643923878206
523,10.405148396010564,10.290348584094792,9.965841957986138,9.35181720104139,8.506237895165388,7.424360384719361
524,9.834928832186662,10.014526867092895,9.961183161329348,9.558504310679329,8.797066581601948,7.363575762556981
525,10.164259912379649,10.255031226625022,10.239913115408735,10.022532802098569,9.243735868179218,7.477285173569177
526,11.515836193410045,10.754985398692549,10.615050597619755,10.405369741923833,9.772767660336738,7.773277620110958
527,11.8667451160132,11.609575415842713,10.899716782380292,10.704722258438581,10.173825642228342,8.098636679732333
528,12.41397806328949,12.25479749929911,11.418582464531324,11.129029873525395,10.692212211258731,8.510776435079725
529,13.901819747003358,13.200231118238255,12.526473148306971,11.757460486558314,11.24382815481816,8.970356033351068
530,15.817766346890048,14.88881165321701,13.679985038335484,12.675492145205245,11.95994907687211,9.540946431742281
531,16.603587432037955,15.99330403073723,14.561573643758134,13.69136294365868,12.588312120688945,10.090810960078624
532,18.241538206329686,17.781957292767895,16.22990227446208,14.983285943476686,13.564809528421184,10.779672495158309
