,date,成交量,1,2,3,4,5,6,7,7+,涨停数,跌停数,炸板率,连板高度,连板股数,连板溢价
0,20200102,7512.654711229999,60,12,8,2,0,0,0,2,84,1,0.2075471698113207,10,84,0.0
1,20200103,6952.15233655,37,13,4,4,1,0,0,1,60,2,0.2682926829268293,11,60,1.2217749999999998
2,20200106,8038.776032719999,57,10,6,1,2,1,0,0,77,3,0.2666666666666666,6,77,4.349991304347826
3,20200107,7321.13506035,57,17,3,2,0,2,1,0,82,1,0.2545454545454545,7,82,3.144615
4,20200108,7790.30560645,34,11,5,1,0,0,1,0,52,3,0.2972972972972973,7,52,2.6914360000000004
5,20200109,7064.162355959999,55,1,4,2,1,0,0,1,64,0,0.2470588235294117,8,64,3.9479888888888897
6,20200110,6399.895671880001,29,9,0,1,1,0,0,1,41,5,0.3050847457627119,9,41,0.9339333333333334
7,20200113,6677.631785309999,58,4,3,0,0,1,0,1,67,4,0.141025641025641,10,67,3.510733333333334
8,20200114,7017.17262105,40,10,2,1,0,0,1,1,55,5,0.3529411764705882,11,55,6.869066666666666
9,20200115,6108.95667418,31,4,3,0,1,0,0,2,41,7,0.2264150943396226,12,41,3.0590533333333334
10,20200116,6125.95135543,28,6,1,2,0,1,0,1,39,1,0.2352941176470588,9,39,2.89962
11,20200117,6072.53291096,24,6,2,1,2,0,1,1,37,10,0.2884615384615384,10,37,5.760054545454546
12,20200120,6789.686171740001,55,4,3,1,1,1,0,2,67,9,0.2023809523809523,11,67,7.431723076923077
13,20200121,6902.97854653,29,20,1,2,1,1,1,1,56,20,0.1884057971014492,9,56,5.947225
14,20200122,7077.522975509999,40,3,3,1,1,1,1,1,51,23,0.2916666666666667,10,51,1.0050629629629628
15,20200123,8086.16588052,14,5,2,2,1,0,1,1,26,72,0.3333333333333333,8,26,5.196590909090909
16,20200203,5188.997525,64,7,2,2,2,1,0,1,79,1000,0.0919540229885057,9,79,4.377850000000001
17,20200204,9096.22051739,118,20,6,1,1,2,1,1,150,21,0.1712707182320442,10,150,8.185513333333333
18,20200205,8719.13844218,101,40,16,6,1,1,1,2,168,0,0.2911392405063291,11,168,9.300375
19,20200206,9130.75205969,134,52,27,16,6,1,1,3,240,1,0.1489361702127659,12,240,8.971574626865673
20,20200207,9292.91416275,88,33,21,13,9,5,1,3,173,2,0.2345132743362832,13,173,4.541983962264151
21,20200210,8854.683446800002,113,8,7,7,5,5,1,1,147,27,0.2461538461538461,8,147,0.803535294117647
22,20200211,7858.225014869999,39,8,2,1,1,3,2,0,56,34,0.282051282051282,7,56,-1.6421499999999996
23,20200212,7898.71803017,97,5,3,2,1,1,2,1,112,0,0.125,8,112,6.45205294117647
24,20200213,8708.81539846,35,14,2,1,1,1,1,2,57,2,0.3522727272727273,8,57,4.012013333333333
25,20200214,8128.053922689999,47,7,4,1,1,1,1,3,65,2,0.3010752688172043,9,65,4.6825090909090905
26,20200217,9369.27507356,130,22,5,4,1,1,1,4,168,0,0.1295336787564766,10,168,9.317133333333334
27,20200218,9997.15479084,81,29,9,3,2,1,1,5,131,2,0.1761006289308176,11,131,5.38818947368421
28,20200219,10385.49523965,61,15,5,3,2,1,0,3,90,14,0.3181818181818182,12,90,1.572542
29,20200220,10681.04908687,87,17,4,2,2,1,0,2,115,1,0.2176870748299319,13,115,4.306858620689654
30,20200221,11707.41374933,72,14,8,2,1,2,1,2,102,0,0.2444444444444444,14,102,6.209646428571429
31,20200224,12217.27665742,118,21,7,7,2,1,1,3,160,3,0.1959798994974874,15,160,6.861823333333334
32,20200225,14148.728335360003,80,36,9,3,5,2,1,3,139,1,0.1524390243902439,16,139,6.649538095238095
33,20200226,13123.59139606,52,15,9,4,0,3,0,2,85,90,0.3461538461538461,17,85,0.8267152542372882
34,20200227,10503.55869565,70,16,2,2,0,0,1,2,93,22,0.25,18,93,-2.307396969696969
35,20200228,11290.83592294,32,6,5,0,1,0,0,2,46,216,0.1785714285714285,19,46,-0.4545652173913045
36,20200302,10290.06398389,176,11,1,5,0,1,0,2,196,0,0.2373540856031128,20,196,5.9101
37,20200303,11756.96377386,53,37,4,1,4,0,1,2,102,0,0.4574468085106383,21,102,5.56354
38,20200304,9918.28533119,62,8,15,3,1,3,0,2,94,2,0.1454545454545454,22,94,4.771448979591836
39,20200305,11716.37812895,106,20,4,8,3,1,3,2,147,0,0.1694915254237288,23,147,6.847934375
40,20200306,9572.94217869,67,13,7,3,4,3,1,3,101,0,0.2290076335877862,10,101,4.647524390243902
41,20200309,10859.31777719,44,20,6,5,3,1,2,3,84,68,0.2695652173913043,11,84,4.822526470588236
42,20200310,10812.28532832,104,8,3,1,2,1,1,5,125,21,0.2378048780487804,12,125,-0.0298925
43,20200311,9726.51888349,37,23,6,3,1,1,1,5,77,9,0.4577464788732394,13,77,7.99292380952381
44,20200312,8373.72999759,33,8,10,3,1,0,0,3,58,13,0.2467532467532467,14,58,1.6467325000000002
45,20200313,9663.88816621,53,8,2,3,2,1,0,2,71,22,0.2282608695652173,15,71,1.1221600000000005
46,20200316,9630.32079464,26,14,3,1,1,1,1,0,47,143,0.4835164835164835,7,47,0.1726611111111115
47,20200317,8178.201058540001,52,9,6,2,0,1,0,0,70,15,0.2045454545454545,6,70,1.025352380952381
48,20200318,8367.50695696,30,11,2,4,2,0,1,0,50,6,0.5495495495495496,7,50,2.299888888888889
49,20200319,8221.768682240001,55,9,5,0,3,2,0,0,74,18,0.1956521739130435,6,74,1.8235750000000004
50,20200320,7167.947937690001,76,8,4,3,0,1,1,0,93,6,0.1982758620689655,7,93,1.8616368421052631
51,20200323,6871.934365680001,28,8,3,1,2,0,1,0,43,121,0.2711864406779661,7,43,1.5857764705882351
52,20200324,7123.1787053,68,7,0,1,0,1,0,0,77,11,0.3063063063063063,6,77,-4.716853333333334
53,20200325,7511.37084951,82,10,5,0,1,0,1,0,99,3,0.2265625,7,99,7.1454
54,20200326,6423.29084428,36,10,2,0,0,1,0,1,50,15,0.2753623188405797,8,50,-0.3102176470588235
55,20200327,6337.59678232,36,5,0,0,0,0,0,1,42,10,0.3538461538461538,9,42,-2.178078571428572
56,20200330,6329.64579729,28,6,2,0,0,0,0,0,36,25,0.217391304347826,3,36,3.2208
57,20200331,5616.185611239999,53,6,1,1,0,0,0,0,61,7,0.1973684210526315,4,61,2.5070625
58,20200401,5847.33127391,26,6,2,1,0,0,0,0,35,13,0.4262295081967213,4,35,4.3702375
59,20200402,5976.10066332,78,6,3,2,1,0,0,0,90,5,0.0625,5,90,6.22068888888889
60,20200403,5722.201593870001,45,8,2,2,2,1,0,0,60,3,0.2592592592592592,6,60,5.757966666666666
61,20200407,7318.48717063,108,21,6,2,2,2,1,0,142,3,0.1547619047619047,7,142,9.17332
62,20200408,6738.81945921,50,15,8,2,1,0,0,1,77,6,0.23,8,77,1.9982264705882355
63,20200409,6530.58872812,70,9,9,4,1,0,0,1,94,8,0.2419354838709677,9,94,2.844429629629629
64,20200410,6719.39353033,24,3,3,3,1,0,0,1,35,35,0.3518518518518518,10,35,-0.2178750000000002
65,20200413,4989.20060966,39,7,1,1,0,1,0,0,49,26,0.2222222222222222,6,49,0.0948818181818182
66,20200414,5891.99881073,61,7,2,1,1,0,0,0,72,2,0.1818181818181818,5,72,3.00876
67,20200415,6409.33116242,39,8,2,1,1,1,0,0,52,3,0.3066666666666666,6,52,2.917981818181819
68,20200416,5948.69541105,55,13,4,1,1,0,1,0,75,3,0.1379310344827586,7,75,6.148215384615384
69,20200417,7401.48145533,37,6,3,1,0,0,0,1,48,3,0.4418604651162791,8,48,0.1525100000000001
70,20200420,6171.61471638,58,10,3,2,1,0,0,0,74,2,0.2210526315789473,5,74,6.560636363636363
71,20200421,6491.792390729999,44,11,0,3,0,1,0,0,59,4,0.5902777777777778,6,59,4.513225
72,20200422,6058.194389749999,74,7,3,1,0,0,1,0,86,4,0.596244131455399,7,86,5.428193333333335
73,20200423,6704.02637934,51,11,5,4,0,1,0,0,72,7,0.2,6,72,5.024966666666667
74,20200424,6250.68666977,0,3,4,3,1,0,0,0,33,37,0.3653846153846153,5,11,2.754295238095238
75,20200427,5565.414144619999,43,0,0,1,2,0,0,0,46,45,0.3333333333333333,5,46,-0.0657636363636363
76,20200428,6737.195593529999,26,6,2,0,0,0,0,0,34,47,0.2608695652173913,3,34,-3.3368333333333333
77,20200429,5326.37414065,38,7,2,1,0,0,0,0,48,25,0.2835820895522388,4,48,-0.1385749999999999
78,20200430,6788.54473959,64,8,7,1,1,0,0,0,81,10,0.1818181818181818,5,81,10.015155555555555
79,20200506,7209.22585058,64,14,5,5,1,0,0,0,89,10,0.1188118811881188,5,89,7.174364705882353
80,20200507,6670.783418770001,36,9,5,3,2,0,0,0,55,7,0.2567567567567567,5,55,2.5951440000000003
81,20200508,6872.978915090001,55,6,3,1,3,2,0,0,70,4,0.1358024691358024,6,70,5.381584210526316
82,20200511,6845.61408902,40,5,2,3,1,2,2,0,55,3,0.2666666666666666,7,55,7.377113333333333
83,20200512,5989.256853109999,35,8,1,2,2,1,2,2,53,4,0.1846153846153846,8,53,7.281406666666667
84,20200513,5810.33089415,52,9,2,1,2,2,1,4,73,3,0.1797752808988764,9,73,6.4085
85,20200514,6098.531073730001,27,6,5,1,0,2,2,5,48,1,0.3043478260869565,10,48,6.972
86,20200515,6266.747349159999,40,6,1,4,0,0,2,6,59,5,0.2133333333333333,11,59,7.000257142857143
87,20200518,7314.472041010001,43,9,4,1,3,0,0,5,65,21,0.1772151898734177,12,65,6.873400000000001
88,20200519,6413.02660441,56,11,3,2,0,3,0,4,79,5,0.1222222222222222,12,79,6.843614285714285
89,20200520,6865.33891546,41,10,6,2,2,0,2,4,67,13,0.2209302325581395,13,67,6.250565217391305
90,20200521,6259.692819649999,38,13,2,3,0,1,0,4,61,12,0.2823529411764706,14,61,1.437942307692308
91,20200522,5925.198211700001,26,3,7,1,3,0,1,4,45,25,0.2622950819672131,15,45,5.5385608695652175
92,20200525,4904.05772521,39,6,0,2,0,1,0,3,51,23,0.3013698630136986,16,51,0.7143473684210526
93,20200526,5297.38667069,79,13,3,0,2,0,1,3,101,5,0.1512605042016806,17,101,7.976208333333333
94,20200527,5729.81121078,41,10,6,2,0,1,0,4,64,5,0.3263157894736842,18,64,6.0401
95,20200528,5780.794015569999,34,5,4,4,1,0,1,4,53,13,0.2837837837837837,19,53,5.934452173913043
96,20200529,5715.44888263,50,11,2,0,3,0,0,4,70,7,0.2473118279569892,20,70,5.423489473684211
97,20200601,7613.52885474,103,13,8,2,0,3,0,2,131,3,0.1266666666666666,21,131,7.940779999999999
98,20200602,7718.985821390001,54,16,2,5,2,0,2,2,83,8,0.2589285714285714,22,83,4.704182142857143
99,20200603,7773.45396572,57,8,8,1,5,1,0,3,83,4,0.3025210084033613,23,83,5.592893103448275
100,20200604,6504.422886620001,42,15,3,5,1,5,0,2,73,7,0.2626262626262626,24,73,5.531296153846153
101,20200605,6313.414585320001,35,10,6,1,2,0,1,2,57,18,0.25,25,57,0.4720161290322581
102,20200608,6840.18276657,29,6,2,1,0,0,0,3,41,23,0.4383561643835616,26,41,-0.8385000000000005
103,20200609,6201.433548100001,39,9,4,1,1,0,0,2,56,11,0.282051282051282,12,56,7.35255
104,20200610,6149.51194152,30,4,3,2,0,1,0,1,41,6,0.3492063492063492,10,41,1.8478529411764704
105,20200611,7207.606319070001,38,4,2,3,1,0,1,1,50,5,0.3506493506493506,11,50,8.431890909090908
106,20200612,6990.621543210001,39,12,3,1,2,1,0,2,60,7,0.2,12,60,7.705166666666667
107,20200615,7592.96882043,51,9,3,2,1,1,1,2,70,10,0.3203883495145631,13,70,4.371266666666666
108,20200616,7122.52998295,51,9,2,3,1,0,1,1,68,5,0.3061224489795918,8,68,3.582326315789474
109,20200617,7386.723435780001,47,8,5,1,2,1,0,2,66,8,0.2666666666666666,9,66,6.295511764705882
110,20200618,7583.478262699999,42,5,2,1,1,1,0,0,52,22,0.3417721518987341,6,52,-0.0519894736842104
111,20200619,7786.02207326,47,10,1,1,0,0,1,0,60,7,0.240506329113924,7,60,0.79611
112,20200622,8284.1401265,37,6,3,0,1,0,0,0,47,10,0.3285714285714285,5,47,2.718976923076923
113,20200623,7581.896386269999,37,6,2,2,0,1,0,0,48,6,0.2615384615384615,6,48,3.64732
114,20200624,7285.87369019,28,3,2,2,2,0,1,0,38,9,0.3090909090909091,7,38,6.434190909090909
115,20200629,7161.646277469999,37,6,1,1,1,2,0,1,49,14,0.2096774193548387,8,49,2.9915700000000003
116,20200630,7465.02407888,63,12,4,1,0,1,1,1,83,3,0.1941747572815534,9,83,5.629208333333334
117,20200701,9070.756286429998,41,12,4,2,0,0,1,2,62,9,0.2705882352941176,10,62,5.259515
118,20200702,10797.38930313,63,10,5,3,2,0,0,3,86,4,0.2321428571428571,11,86,5.789847619047619
119,20200703,11712.53088435,58,18,5,3,2,2,0,3,91,5,0.2222222222222222,12,91,6.907404347826087
120,20200706,15654.127019829995,139,28,15,4,3,2,2,3,196,3,0.1587982832618025,13,196,9.519915151515152
121,20200707,17392.52702514,69,25,4,8,4,1,2,4,117,3,0.4060913705583756,14,117,4.883940350877193
122,20200708,15420.99885336,117,11,10,2,4,2,1,6,153,1,0.2072538860103626,15,153,6.961641666666668
123,20200709,17256.59340482,129,37,5,8,2,3,2,7,193,0,0.1535087719298245,16,193,8.031513888888888
124,20200710,16119.896447870002,78,25,13,0,5,1,3,7,132,3,0.2625698324022346,17,132,3.6871171875
125,20200713,16719.26604669,174,27,10,3,0,0,1,7,222,2,0.1897810218978102,18,222,4.167151851851852
126,20200714,17040.521960550002,64,30,7,6,2,0,0,8,117,17,0.2352941176470588,19,117,3.8270875
127,20200715,15710.55234586,46,7,10,3,3,1,0,7,77,64,0.3937007874015748,20,77,3.931656603773585
128,20200716,15057.03447044,16,2,1,5,2,1,1,3,31,183,0.4833333333333333,12,31,-0.6039516129032262
129,20200717,11157.93752358,48,3,1,1,3,2,1,2,61,32,0.2469135802469135,13,61,3.846866666666666
130,20200720,11926.73379473,125,13,2,0,1,2,2,3,148,6,0.1912568306010929,14,148,7.004569230769231
131,20200721,11027.43439875,71,9,3,1,0,1,2,4,91,13,0.2661290322580645,15,91,2.685230434782609
132,20200722,11980.9834398,51,13,6,2,0,0,0,5,77,4,0.3185840707964602,16,77,7.230925000000001
133,20200723,12457.905700949996,51,11,5,4,2,0,0,5,78,2,0.1612903225806451,17,78,7.0047500000000005
134,20200724,13345.67355521,26,6,2,1,2,2,0,4,43,77,0.4027777777777778,18,43,3.912755555555557
135,20200727,9269.94818059,61,8,2,1,0,1,0,2,75,20,0.2105263157894736,19,75,0.9549470588235291
136,20200728,8978.00730116,49,11,3,1,1,0,0,2,67,9,0.2386363636363636,20,67,1.3079214285714282
137,20200729,10465.15199381,91,10,8,2,1,1,0,2,115,1,0.1417910447761194,21,115,8.272883333333333
138,20200730,10935.34736303,67,18,3,5,2,1,1,1,98,3,0.216,15,98,5.591091666666666
139,20200731,11457.66144795,86,16,10,2,4,2,1,2,123,0,0.1632653061224489,16,123,7.130116129032257
140,20200803,13336.59649809,168,31,9,7,2,4,2,2,225,0,0.1245136186770428,17,225,7.951937837837837
141,20200804,13725.595252459998,50,26,10,2,1,1,3,3,96,18,0.36,18,96,2.3342087719298243
142,20200805,11965.14333863,93,7,11,2,2,1,1,6,123,2,0.25,19,123,4.450460869565217
143,20200806,12912.84259331,58,24,4,8,2,2,0,5,103,8,0.2076923076923077,20,103,7.250853333333333
144,20200807,12619.702886760002,45,8,7,2,5,2,1,4,74,12,0.2745098039215686,12,74,4.117253333333332
145,20200810,11574.3637823,72,16,5,2,0,2,2,4,103,14,0.2746478873239437,13,103,4.935617241379311
146,20200811,11343.98998602,25,8,4,2,1,0,0,5,45,18,0.55,14,45,0.9228387096774194
147,20200812,10834.24611341,41,6,3,1,2,1,0,4,58,23,0.2266666666666666,15,58,3.0402650000000007
148,20200813,8813.22570552,56,12,3,1,0,1,1,3,77,11,0.3125,14,77,5.999376470588236
149,20200814,8496.175615780001,40,3,3,2,0,0,1,3,52,23,0.2972972972972973,11,52,1.6383666666666667
150,20200817,11536.31859491,84,13,1,2,1,0,0,2,103,6,0.2481751824817518,12,103,3.638966666666666
151,20200818,10897.21700025,67,15,5,0,1,0,0,1,89,3,0.2704918032786885,9,89,3.495966666666667
152,20200819,10881.00992749,42,8,5,0,0,1,0,1,57,8,0.3372093023255814,10,57,3.0834454545454544
153,20200820,8716.166223659999,26,9,3,1,0,0,0,1,40,18,0.3220338983050847,11,40,2.1732533333333333
154,20200821,8440.40628043,47,3,5,2,1,0,0,1,59,5,0.2716049382716049,12,59,6.4522
155,20200824,8966.61478093,31,12,0,3,2,1,0,0,49,11,0.109090909090909,6,49,6.2684500000000005
156,20200825,9417.66884523,31,4,3,0,2,2,1,0,43,9,0.1568627450980392,7,43,5.998177777777778
157,20200826,9779.08795726,16,5,0,2,0,2,1,0,26,16,0.3333333333333333,7,26,5.015808333333333
158,20200827,8375.30610375,29,4,2,0,0,0,2,1,38,6,0.1555555555555555,8,38,5.3094
159,20200828,9473.84280509,36,3,1,2,0,0,0,2,44,7,0.2666666666666666,9,44,3.122625
160,20200831,10340.02936452,40,4,2,0,1,0,0,2,49,5,0.3717948717948718,10,49,6.082437499999999
161,20200901,8510.93194368,30,8,1,0,0,1,0,1,41,7,0.1458333333333333,11,41,4.001555555555555
162,20200902,9687.43124455,32,5,1,1,0,0,1,1,41,3,0.2407407407407407,12,41,4.8611818181818185
163,20200903,9419.34411521,22,7,1,0,1,0,0,2,33,6,0.3265306122448979,13,33,4.902188888888889
164,20200904,8383.71811371,19,7,2,0,0,0,0,1,29,9,0.1944444444444444,14,29,2.359345454545455
165,20200907,10212.37256145,22,6,6,1,0,0,0,1,36,15,0.28,15,36,10.76785
166,20200908,9240.33424865,37,7,4,3,1,0,0,0,52,11,0.1034482758620689,5,52,7.379292857142856
167,20200909,10359.40811854,22,6,2,1,3,0,0,0,34,20,0.3928571428571428,5,34,3.804225
168,20200910,8729.60008716,14,2,0,1,0,3,0,0,20,72,0.375,6,20,-3.458633333333333
169,20200911,6843.54747997,37,1,0,0,1,0,1,0,40,7,0.1489361702127659,7,40,-0.8791166666666669
170,20200914,7692.96323522,42,9,1,0,0,0,0,1,53,7,0.2535211267605634,8,53,4.312833333333333
171,20200915,7253.712921400001,29,3,3,0,0,0,0,0,35,3,0.2857142857142857,3,35,2.747690909090909
172,20200916,6840.74271803,19,3,1,3,0,0,0,0,26,4,0.2121212121212121,4,26,8.874766666666666
173,20200917,7533.801104059999,19,4,1,1,2,0,0,0,27,4,0.3571428571428571,5,27,7.010642857142857
174,20200918,8354.13766742,40,4,2,1,1,2,0,0,50,1,0.1071428571428571,6,50,6.7401625
175,20200921,7548.94862868,22,1,2,2,0,1,2,0,30,7,0.2857142857142857,7,30,7.1949
176,20200922,7021.537166619999,10,7,1,2,2,0,1,2,25,7,0.1666666666666666,8,25,9.9965125
177,20200923,6606.293565599999,29,7,5,1,2,2,0,3,49,3,0.2222222222222222,9,49,8.038266666666667
178,20200924,6791.48489505,6,5,3,4,1,0,1,2,22,8,0.2413793103448276,10,22,2.0214
179,20200925,5692.17027521,20,1,1,1,3,1,0,2,29,21,0.2564102564102564,11,29,3.34971875
180,20200928,5400.79131157,10,4,0,0,0,2,1,1,18,34,0.3076923076923077,12,18,0.1676444444444445
181,20200929,5448.812851260001,24,3,3,0,0,0,1,2,33,15,0.1951219512195122,13,33,5.0912875
182,20200930,5398.5387139,14,3,3,2,0,0,0,3,25,4,0.1666666666666666,14,25,8.504033333333332
183,20201009,7110.24962786,70,6,3,2,2,0,0,2,85,2,0.1981132075471698,15,85,8.630918181818181
184,20201012,9710.64374829,55,10,3,2,2,2,0,1,75,2,0.2105263157894736,16,75,7.99194
185,20201013,8347.20266263,28,5,0,1,2,2,2,1,41,0,0.18,17,41,4.795355
186,20201014,8273.04425031,27,1,2,0,0,2,1,3,36,4,0.3454545454545454,18,36,6.4493769230769225
187,20201015,7638.01911673,17,4,0,1,0,0,1,4,27,9,0.3863636363636363,19,27,5.974866666666666
188,20201016,7084.15049947,14,1,1,0,1,0,0,5,22,3,0.3529411764705882,20,22,5.965459999999999
189,20201019,7389.42599102,17,2,0,0,0,1,0,4,24,5,0.2941176470588235,21,24,7.391612499999999
190,20201020,6671.96872954,25,3,1,0,0,0,1,4,34,0,0.1707317073170731,22,34,8.259699999999999
191,20201021,7060.90706477,15,1,1,0,0,0,0,5,22,7,0.2413793103448276,23,22,7.306722222222222
192,20201022,6635.5641959800005,13,3,0,0,0,0,0,4,20,4,0.3548387096774194,14,20,7.383528571428571
193,20201023,6874.76423902,12,2,2,0,0,0,0,3,19,5,0.3214285714285714,15,19,6.8077
194,20201026,6334.01186322,16,1,2,1,0,0,0,3,23,5,0.28125,16,23,8.903242857142857
195,20201027,6310.92224102,15,1,0,0,1,0,0,2,19,4,0.2962962962962963,17,19,2.9909285714285714
196,20201028,7329.61746739,24,3,1,0,0,1,0,0,29,6,0.2564102564102564,6,29,4.7987
197,20201029,7800.96631226,17,3,2,0,0,0,1,0,23,9,0.4102564102564102,7,23,6.485079999999999
198,20201030,8706.051905969998,5,1,0,1,0,0,0,0,7,17,0.72,4,7,2.474683333333333
199,20201102,8121.88629195,35,1,0,0,0,0,0,0,36,17,0.320754716981132,2,36,9.64145
200,20201103,7845.28769773,41,4,0,0,0,0,0,0,45,0,0.2857142857142857,2,45,0.9905
201,20201104,7295.45510996,24,4,0,0,0,0,0,0,28,3,0.3333333333333333,2,28,-0.0015
202,20201105,8595.13487699,45,3,3,0,0,0,0,0,51,3,0.2153846153846154,3,51,11.8699
203,20201106,8782.98417923,14,5,1,1,0,0,0,0,21,2,0.4,4,21,1.2002833333333331
204,20201109,10832.817182599998,50,6,3,1,1,0,0,0,61,3,0.2077922077922078,5,61,8.986099999999999
205,20201110,9809.52254198,19,3,2,2,0,0,0,0,26,10,0.4583333333333333,4,26,3.742745454545454
206,20201111,8693.02801061,23,4,2,1,1,0,0,0,31,9,0.38,5,31,3.5393428571428567
207,20201112,7077.78840725,28,9,1,0,1,1,0,0,40,4,0.2452830188679245,6,40,1.2019499999999996
208,20201113,7269.96086313,20,4,2,1,0,0,0,0,27,13,0.2702702702702703,4,27,-0.9014666666666667
209,20201116,8007.30050806,43,3,1,2,1,0,0,0,50,2,0.3150684931506849,5,50,4.959142857142857
210,20201117,8532.41490533,19,5,1,0,1,1,0,0,27,8,0.4,6,27,3.7582142857142857
211,20201118,8213.920922390002,22,4,2,0,0,1,1,0,30,4,0.375,7,30,6.8190125
212,20201119,7740.133836419999,29,2,2,1,0,0,1,1,36,8,0.3333333333333333,8,36,6.0819625
213,20201120,7507.198453970001,36,6,2,2,0,0,0,0,46,7,0.2068965517241379,4,46,2.864128571428572
214,20201123,9536.4637813,31,9,2,1,1,0,0,0,44,4,0.3714285714285714,5,44,3.25899
215,20201124,8299.83748104,26,4,3,0,0,0,0,0,33,5,0.2826086956521739,3,33,0.8452615384615384
216,20201125,8630.45541931,23,5,1,2,0,0,0,0,31,16,0.2619047619047619,4,31,0.6422857142857141
217,20201126,7329.65895825,20,3,1,1,0,0,0,0,25,15,0.21875,4,25,-2.432575
218,20201127,7253.31706452,20,5,2,1,0,0,0,0,28,7,0.3636363636363636,4,28,4.8773800000000005
219,20201130,9500.12121437,20,4,2,1,0,0,0,0,27,8,0.509090909090909,4,27,3.1450125000000004
220,20201201,8645.36828683,35,4,2,2,1,0,0,0,44,5,0.2413793103448276,5,44,7.036828571428572
221,20201202,8805.810846629998,30,10,4,2,2,1,0,0,49,5,0.1967213114754098,6,49,10.011066666666666
222,20201203,8260.661695750001,29,5,5,3,1,1,1,0,45,9,0.1346153846153846,7,45,5.221231578947369
223,20201204,7485.75534763,29,6,1,1,0,0,1,0,38,14,0.2830188679245283,7,38,-1.7493249999999998
224,20201207,7687.10058345,30,1,3,0,1,0,0,0,35,9,0.3,5,35,3.283833333333333
225,20201208,7015.010866410001,27,5,0,2,0,1,0,0,35,13,0.2553191489361702,6,35,4.3312
226,20201209,7913.469900829999,23,6,4,0,0,0,0,0,33,13,0.3125,3,33,3.6900375
227,20201210,7090.6964035500005,23,2,3,2,0,0,0,0,30,18,0.4230769230769231,4,30,4.36722
228,20201211,8346.990441999998,15,3,1,2,1,0,0,0,22,19,0.3333333333333333,5,22,3.0483857142857143
229,20201214,7095.71969326,37,6,1,0,2,1,0,0,47,18,0.2033898305084746,6,47,4.315171428571428
230,20201215,7094.258330449999,24,6,3,0,0,2,0,0,35,14,0.2553191489361702,6,35,4.14899
231,20201216,7008.276102389999,16,6,2,1,0,0,2,0,27,20,0.425531914893617,7,27,3.7485363636363633
232,20201217,7915.7702277,39,3,4,1,1,0,0,2,50,8,0.0909090909090909,8,50,6.032609090909091
233,20201218,7710.156374579999,31,4,1,2,0,1,0,2,41,8,0.293103448275862,9,41,5.285954545454545
234,20201221,8641.488576200001,41,7,2,0,1,0,0,1,52,8,0.2876712328767123,10,52,4.09088
235,20201222,9573.64849702,25,7,3,0,0,0,0,1,36,12,0.3454545454545454,11,36,2.2652454545454552
236,20201223,9288.49842144,40,7,4,2,0,0,0,0,53,8,0.2428571428571428,4,53,6.7591
237,20201224,8258.88983331,26,6,3,2,2,0,0,0,39,32,0.35,5,39,4.947676923076923
238,20201225,7936.015818149999,51,11,4,1,2,2,0,0,71,15,0.2526315789473684,6,71,6.66506923076923
239,20201228,8808.61979533,46,7,5,3,1,1,2,0,65,17,0.1975308641975308,7,65,7.453895
240,20201229,8595.36816421,42,14,2,2,0,1,0,1,62,50,0.225,8,62,0.4418947368421051
241,20201230,8468.12733995,53,5,6,1,2,0,0,1,68,3,0.2093023255813953,9,68,3.56616
242,20201231,9615.18104227,42,11,3,4,0,1,0,1,62,4,0.2790697674418604,10,62,4.44954
243,20210104,11640.33086645,89,12,3,1,4,0,1,1,111,10,0.2237762237762237,11,111,5.27483
244,20210105,12660.84510052,59,12,3,3,0,2,0,2,81,16,0.25,12,81,4.600722727272726
245,20210106,11669.30774784,42,4,1,1,1,0,2,2,53,12,0.2933333333333333,13,53,1.8052909090909093
246,20210107,12161.74628966,26,5,1,1,1,1,0,2,37,18,0.3728813559322034,14,37,4.229154545454545
247,20210108,11319.51382871,43,4,3,0,1,1,0,1,53,15,0.1969696969696969,15,53,4.255663636363637
248,20210111,12114.69255523,34,5,1,2,0,1,0,0,43,40,0.3384615384615385,6,43,3.08158
249,20210112,10898.63995928,62,8,0,0,2,0,1,0,73,7,0.1797752808988764,7,73,4.226711111111111
250,20210113,12341.560690339998,27,8,3,0,0,2,0,1,41,14,0.3880597014925373,8,41,4.370536363636363
251,20210114,11210.618886200002,56,4,3,3,0,0,2,1,69,33,0.1375,9,69,4.743857142857144
252,20210115,10362.5018349,66,8,1,1,2,0,0,2,80,12,0.1578947368421052,10,80,4.240130769230769
253,20210118,9979.34514549,70,10,6,1,1,1,0,2,91,6,0.2222222222222222,11,91,7.578364285714286
254,20210119,10409.130635619998,54,10,5,3,1,1,1,2,77,4,0.2142857142857142,12,77,6.635861904761904
255,20210120,9153.73139196,58,11,5,1,2,1,1,1,80,2,0.1489361702127659,13,80,3.9941227272727273
256,20210121,10854.06023128,54,16,7,3,1,1,0,2,84,4,0.2566371681415929,14,84,4.852622727272728
257,20210122,11134.4954905,35,11,4,3,0,0,0,1,54,17,0.2394366197183098,15,54,-0.3165533333333334
258,20210125,12079.20101792,37,4,2,4,3,0,0,0,50,23,0.4186046511627907,5,50,4.987752631578948
259,20210126,10137.96072529,45,5,0,1,2,2,0,0,55,32,0.2361111111111111,6,55,0.888876923076923
260,20210127,9228.7822644,49,11,2,0,1,2,2,0,67,13,0.247191011235955,7,67,7.605510000000001
261,20210128,9153.49762709,32,8,2,1,0,0,0,2,45,30,0.3918918918918919,8,45,0.0211277777777776
262,20210129,9519.75025357,30,3,1,1,0,0,0,1,36,38,0.25,9,36,-3.149346153846154
263,20210201,8564.47594065,70,10,3,0,1,0,0,1,85,58,0.1904761904761904,10,85,7.8526
264,20210202,9005.81830339,52,11,4,2,0,0,0,1,70,21,0.1566265060240964,11,70,2.475233333333333
265,20210203,9533.99532423,32,4,3,1,1,0,0,1,42,20,0.3333333333333333,12,42,1.0891944444444444
266,20210204,9422.31208441,38,5,0,2,1,1,0,1,48,26,0.1864406779661017,13,48,5.0998
267,20210205,8908.70015242,44,4,1,0,0,0,1,1,51,46,0.3544303797468354,14,51,-0.0687800000000001
268,20210208,8059.298660250001,50,5,3,0,0,0,0,0,58,20,0.275,3,58,2.641357142857143
269,20210209,8370.49423789,54,10,3,2,0,0,0,0,69,4,0.188235294117647,4,69,5.514475
270,20210210,8750.312157710001,30,7,2,3,0,0,0,0,42,10,0.2075471698113207,4,42,1.355033333333333
271,20210218,10848.37839131,87,6,5,2,2,0,0,0,102,4,0.2661870503597122,5,102,9.046666666666669
272,20210219,10421.7968454,76,17,4,3,1,2,0,0,103,4,0.0803571428571428,6,103,8.792959999999999
273,20210222,12926.26085668,50,17,10,1,2,1,2,0,83,7,0.5059523809523809,7,83,6.986833333333333
274,20210223,10210.39709591,35,6,5,4,1,1,1,1,54,2,0.217391304347826,8,54,3.219236363636364
275,20210224,10633.73148027,35,5,1,0,2,1,0,1,45,15,0.2105263157894736,9,45,1.341615789473684
276,20210225,9337.22582876,32,9,1,0,0,0,0,1,43,3,0.3582089552238806,10,43,-1.4682600000000003
277,20210226,9064.03744212,30,5,5,1,0,0,0,1,42,5,0.3,11,42,5.615990909090909
278,20210301,8729.15638878,74,9,1,3,1,0,0,0,88,5,0.2072072072072072,5,88,2.348141666666667
279,20210302,9172.41260178,28,7,3,0,0,0,0,0,38,13,0.3333333333333333,3,38,-1.0349928571428575
280,20210303,8629.09599491,70,7,3,2,0,0,0,0,82,1,0.1368421052631579,4,82,4.985809999999999
281,20210304,9717.74398163,27,12,3,0,2,0,0,0,44,9,0.2280701754385964,5,44,3.888425
282,20210305,8762.12833465,51,8,1,0,0,1,0,0,61,9,0.1527777777777778,6,61,-1.9225058823529413
283,20210308,9789.36638631,41,9,3,1,0,0,1,0,55,20,0.3209876543209876,7,55,3.47441
284,20210309,9864.28894847,18,13,3,2,0,0,0,0,36,34,0.320754716981132,4,36,-0.0524
285,20210310,7495.54407321,29,1,3,1,0,0,0,0,34,13,0.32,4,34,-2.9925777777777776
286,20210311,8037.284438680001,63,3,0,3,1,0,0,0,70,0,0.2134831460674157,5,70,8.138679999999999
287,20210312,8167.52142907,33,11,2,0,2,0,0,0,48,3,0.4074074074074074,5,48,3.354857142857143
288,20210315,8068.197133019999,36,6,3,0,0,2,0,0,47,11,0.3188405797101449,6,47,3.202613333333333
289,20210316,7353.01205054,54,7,0,3,0,0,2,0,66,5,0.1851851851851851,7,66,6.912163636363635
290,20210317,7105.719866730001,40,9,5,0,1,0,0,1,56,4,0.2222222222222222,8,56,5.265475
291,20210318,7365.16493554,48,5,2,3,0,0,0,1,59,3,0.1917808219178082,9,59,2.79643125
292,20210319,7718.270780649999,38,12,1,2,0,0,0,1,54,5,0.2702702702702703,10,54,3.486636363636364
293,20210322,7596.84707078,64,10,6,0,2,0,0,1,83,3,0.2019230769230769,11,83,7.12579375
294,20210323,7883.94121158,30,15,1,3,0,0,0,1,50,28,0.3506493506493506,12,50,0.788021052631579
295,20210324,7621.81670798,39,8,8,1,2,0,0,1,59,25,0.2435897435897435,13,59,4.782649999999999
296,20210325,6758.17387523,30,8,4,3,0,0,0,1,46,24,0.3611111111111111,14,46,1.32256
297,20210326,7477.77148666,59,8,1,2,3,0,0,1,74,4,0.1956521739130435,15,74,2.08395625
298,20210329,7576.26108005,43,13,6,1,0,2,0,1,66,7,0.2826086956521739,16,66,8.131866666666667
299,20210330,7491.679025390001,35,13,5,4,1,0,1,1,60,12,0.3023255813953488,17,60,5.027386956521738
300,20210331,6872.5218898,54,7,5,3,4,0,0,2,75,8,0.2268041237113402,18,75,5.7487
301,20210401,6574.87544604,55,10,2,3,1,1,0,2,74,11,0.2291666666666666,19,74,1.6059380952380948
302,20210402,7165.559354630001,45,13,4,2,1,1,1,2,69,6,0.2247191011235955,20,69,5.671657894736843
303,20210406,6600.47388441,58,9,4,3,2,1,1,3,81,6,0.19,21,81,5.438366666666667
304,20210407,7397.78959607,67,13,5,2,2,2,1,3,95,2,0.1739130434782608,12,95,7.552318181818182
305,20210408,7670.791693530001,22,10,8,2,0,0,1,2,45,17,0.4886363636363636,13,45,2.340589285714286
306,20210409,6944.61723734,36,9,6,6,1,0,0,3,61,6,0.1643835616438356,14,61,5.394752173913044
307,20210412,7755.04645143,42,14,2,5,4,1,0,2,70,20,0.1954022988505747,15,70,4.928308
308,20210413,6712.73517915,35,10,3,0,3,3,1,1,56,30,0.2,16,56,0.2729821428571428
309,20210414,6538.21340812,49,8,6,1,0,1,2,1,68,7,0.2527472527472527,17,68,3.345957142857143
310,20210415,6604.67817368,33,7,1,2,1,0,1,1,46,23,0.2923076923076923,8,46,-1.9240368421052627
311,20210416,6918.383611800001,57,10,3,1,1,1,0,1,74,10,0.2291666666666666,9,74,2.398661538461538
312,20210419,8612.167820940002,50,17,2,2,0,1,0,1,73,6,0.231578947368421,10,73,3.8175
313,20210420,8452.51975388,27,7,8,1,0,0,1,1,45,10,0.4155844155844156,11,45,3.3754086956521747
314,20210421,7433.127117649999,29,5,0,3,1,0,0,1,39,11,0.3035714285714285,12,39,-0.5126555555555555
315,20210422,7406.85128428,34,6,3,0,1,1,0,1,46,6,0.3866666666666666,13,46,6.52491
316,20210423,7784.05692201,24,8,2,2,0,1,1,0,38,10,0.24,7,38,3.472775
317,20210426,9081.84737978,36,6,3,2,1,0,1,1,50,12,0.3243243243243243,8,50,5.134614285714286
318,20210427,7644.50402099,29,7,1,0,1,1,0,2,41,21,0.2407407407407407,9,41,0.8241214285714288
319,20210428,7879.35839898,51,7,2,1,0,1,1,1,64,22,0.2289156626506024,10,64,5.017633333333333
320,20210429,8220.35122705,33,7,3,0,1,0,0,2,46,22,0.2580645161290322,11,46,1.1348153846153846
321,20210430,8665.30046796,33,2,4,1,0,1,0,2,43,25,0.2711864406779661,12,43,4.424892307692307
322,20210506,8752.2073888,48,11,1,1,1,0,0,2,64,10,0.3263157894736842,13,64,5.94678
323,20210507,8835.66734554,32,11,4,1,0,1,0,1,50,8,0.3055555555555556,14,50,5.1639133333333325
324,20210510,8546.491015610001,61,15,6,4,1,0,1,1,89,5,0.160377358490566,15,89,7.662666666666666
325,20210511,8429.41764563,38,10,2,3,2,0,0,2,57,10,0.3132530120481928,16,57,2.478703571428571
326,20210512,7652.425172409999,58,10,5,2,1,2,0,2,80,2,0.1304347826086956,17,80,6.804457894736841
327,20210513,8013.693066649999,31,7,3,4,1,0,0,2,48,3,0.3684210526315789,18,48,4.921813636363637
328,20210514,9014.28556378,62,11,1,1,2,1,0,1,79,1,0.2178217821782178,11,79,2.946576470588236
329,20210517,9298.30453166,16,12,4,0,1,1,1,1,36,26,0.4193548387096774,12,36,1.9174705882352936
330,20210518,7519.22969974,54,4,6,4,0,1,1,2,72,6,0.1910112359550561,13,72,6.62077
331,20210519,7913.13217171,38,11,1,3,2,0,1,2,58,5,0.2162162162162162,9,58,3.846905555555556
332,20210520,8642.75835962,32,7,6,0,2,1,0,3,51,9,0.3289473684210526,10,51,4.812925
333,20210521,8078.19662881,47,9,2,4,0,1,1,2,66,4,0.1538461538461538,11,66,2.8799105263157894
334,20210524,8419.79394293,38,13,3,1,2,0,1,0,58,8,0.275,7,58,1.4003157894736842
335,20210525,10062.66764858,39,4,2,1,1,2,0,1,50,3,0.2537313432835821,8,50,1.721235
336,20210526,9666.38622131,46,9,2,1,1,0,2,0,61,1,0.2988505747126437,7,61,4.527145454545455
337,20210527,9393.61964846,50,8,5,1,0,1,0,1,66,2,0.175,8,66,3.33462
338,20210528,10159.06655462,37,8,2,3,1,0,0,1,52,1,0.35,9,52,3.9466437500000007
339,20210531,10091.99052008,63,14,4,2,3,0,0,1,87,3,0.1869158878504672,10,87,7.466133333333333
340,20210601,10466.71892356,45,15,3,2,0,3,0,1,69,2,0.2417582417582417,11,69,2.8040583333333338
341,20210602,10127.06949919,37,5,8,1,1,0,3,1,56,17,0.2727272727272727,12,56,3.7791125
342,20210603,9553.88528682,49,10,1,3,0,1,0,2,66,9,0.3052631578947368,8,66,2.2550526315789474
343,20210604,9371.31664047,41,4,2,0,2,0,1,1,51,11,0.2714285714285714,9,51,1.0102294117647062
344,20210607,9489.38105282,48,9,1,1,0,0,0,2,61,12,0.2560975609756097,10,61,3.94916
345,20210608,9851.48401827,41,6,4,1,1,0,0,2,55,25,0.2465753424657534,11,55,6.232353846153846
346,20210609,8808.21801013,41,5,4,2,0,1,0,1,54,8,0.2602739726027397,10,54,6.17855
347,20210610,10020.1711535,47,9,2,3,0,0,1,1,63,8,0.2025316455696202,11,63,4.992561538461539
348,20210611,11209.664237190002,43,11,4,1,3,0,0,1,63,16,0.25,12,63,4.04315
349,20210615,10002.96253765,34,5,1,0,0,0,0,1,41,20,0.2115384615384615,13,41,-2.0184
350,20210616,9319.85701838,29,7,1,0,0,0,0,1,38,23,0.3090909090909091,14,38,2.782571428571429
351,20210617,8917.733011280001,42,5,3,0,0,0,0,0,50,2,0.3243243243243243,3,50,4.909588888888889
352,20210618,10098.69033938,47,11,0,2,0,0,0,0,60,4,0.240506329113924,4,60,1.4208999999999996
353,20210621,10140.81111804,59,5,3,0,2,0,0,0,69,3,0.2580645161290322,5,69,4.478615384615384
354,20210622,10111.75179131,50,11,2,1,0,2,0,0,66,3,0.2666666666666666,6,66,5.6071
355,20210623,10730.46580967,38,8,4,1,1,0,1,0,53,5,0.3026315789473684,7,53,4.457225
356,20210624,10127.50574684,45,6,3,2,1,0,0,1,58,10,0.1594202898550724,8,58,1.0561466666666666
357,20210625,10543.74424752,46,7,1,1,1,1,0,0,57,5,0.1857142857142857,6,57,2.1085615384615384
358,20210628,10172.52363549,51,5,4,1,1,1,0,0,63,11,0.2125,6,63,6.360545454545456
359,20210629,9972.26550038,34,8,3,1,1,0,0,0,47,3,0.2295081967213114,5,47,3.809358333333333
360,20210630,9423.22150704,42,5,1,3,1,1,0,0,53,4,0.3116883116883117,6,53,4.846861538461539
361,20210701,10196.75954626,43,6,2,0,1,1,0,0,53,6,0.2535211267605634,6,53,1.1733636363636362
362,20210702,10026.41874676,29,4,3,1,0,0,1,0,38,5,0.3090909090909091,7,38,2.6738600000000003
363,20210705,10055.98416008,59,6,1,2,1,0,0,1,70,9,0.2222222222222222,8,70,6.058688888888889
364,20210706,11198.39366825,33,6,0,0,2,0,0,1,42,7,0.34375,9,42,-0.5892727272727271
365,20210707,10500.77541444,56,3,4,0,0,2,0,1,66,1,0.2142857142857142,10,66,8.997355555555556
366,20210708,11968.428994159998,35,9,0,1,0,0,2,1,48,4,0.2131147540983606,11,48,1.80441
367,20210709,11273.73311104,59,5,3,0,0,0,0,2,69,3,0.1375,8,69,3.992446153846153
368,20210712,13176.04270907,70,14,1,2,0,0,0,2,89,3,0.282258064516129,9,89,7.615960000000001
369,20210713,12198.61137491,48,11,3,1,1,0,0,2,66,4,0.2413793103448276,10,66,4.128094736842105
370,20210714,12147.262878179998,47,5,2,1,0,1,0,2,58,13,0.2467532467532467,11,58,2.827438888888889
371,20210715,11713.93997731,41,3,0,2,1,0,1,2,50,19,0.2424242424242424,12,50,5.291818181818183
372,20210716,11813.01777592,29,2,1,0,2,1,0,2,37,5,0.5316455696202531,13,37,5.6474777777777785
373,20210719,11214.94401577,45,3,0,1,0,1,1,0,51,12,0.3108108108108108,7,51,0.4197874999999997
374,20210720,9664.76590294,41,5,1,0,1,0,0,1,49,5,0.1403508771929824,8,49,4.533649999999999
375,20210721,12089.61062828,72,6,3,0,0,1,0,1,83,3,0.1782178217821782,9,83,7.400375000000001
376,20210722,13006.27607768,39,13,2,0,0,0,0,1,55,7,0.2857142857142857,10,55,3.702618181818184
377,20210723,13785.199926539995,39,4,3,2,0,0,0,1,49,10,0.2686567164179104,11,49,3.3382625
378,20210726,14185.83922894,25,13,0,2,0,0,0,1,41,29,0.3387096774193548,12,41,0.5476400000000006
379,20210727,15337.40603832,19,4,3,0,1,0,0,1,28,56,0.5757575757575758,13,28,1.57750625
380,20210728,12695.85426909,34,2,2,0,0,0,0,1,39,33,0.1333333333333333,14,39,0.9914555555555558
381,20210729,12492.06027161,100,10,0,2,0,0,0,1,113,1,0.1307692307692307,15,113,9.2025
382,20210730,13394.680301,57,18,5,0,1,0,0,0,81,10,0.173469387755102,5,81,4.893192307692308
383,20210802,15125.75463582,82,9,5,1,0,1,0,0,98,6,0.2519083969465648,6,98,4.867734782608696
384,20210803,14158.96444291,44,5,1,1,0,0,0,0,51,33,0.32,4,51,1.867425
385,20210804,12887.70817641,76,4,3,1,0,0,0,0,84,1,0.2,4,84,4.209442857142857
386,20210805,12906.559454359998,37,10,1,1,0,0,0,0,49,3,0.234375,4,49,2.0876875000000004
387,20210806,12247.218180249998,52,5,2,0,0,0,0,0,59,0,0.2435897435897435,3,59,5.711841666666666
388,20210809,12487.83170841,72,4,2,1,0,0,0,0,79,4,0.233009708737864,4,79,6.870514285714286
389,20210810,13438.347260739998,56,11,1,1,1,0,0,0,70,3,0.2473118279569892,5,70,4.9853
390,20210811,12824.08520177,73,11,4,0,1,1,0,0,90,3,0.1428571428571428,6,90,3.785242857142858
391,20210812,13045.94009435,46,11,2,2,0,1,1,0,63,4,0.2588235294117647,7,63,4.232494117647058
392,20210813,12969.39278991,51,9,3,0,1,0,1,1,66,2,0.25,8,66,4.819505882352941
393,20210816,12568.50891465,58,9,3,1,0,1,0,1,73,15,0.2772277227722772,8,73,3.1375466666666663
394,20210817,13080.21873045,16,9,1,2,0,0,1,0,29,19,0.532258064516129,7,29,-2.088073333333333
395,20210818,11969.47094277,60,3,6,1,2,0,0,0,72,5,0.1724137931034483,5,72,8.357615384615384
396,20210819,12147.023312119998,36,7,2,2,0,1,0,0,48,12,0.2615384615384615,6,48,0.998125
397,20210820,12522.221433920002,42,2,2,0,1,0,0,0,47,14,0.2295081967213114,5,47,-1.0264416666666671
398,20210823,13223.242379619998,101,15,2,0,0,1,0,0,119,5,0.2171052631578947,6,119,4.920640000000001
399,20210824,14080.32295096,54,11,3,1,0,0,0,0,69,2,0.3168316831683168,4,69,1.790788888888889
400,20210825,13142.12402723,67,6,4,1,1,0,0,0,79,3,0.1770833333333333,5,79,5.55
401,20210826,13740.49113514,44,6,1,2,1,1,0,0,55,6,0.3452380952380952,6,55,3.955558333333333
402,20210827,13440.14294697,65,8,0,1,0,0,0,0,74,10,0.2210526315789473,4,74,3.2084363636363635
403,20210830,15778.266963340002,62,12,3,0,1,0,0,0,78,17,0.3217391304347826,5,78,6.107444444444445
404,20210831,14816.93229383,66,9,3,1,0,1,0,0,80,21,0.2079207920792079,6,80,6.262331250000001
405,20210901,17107.432581470002,52,10,1,1,1,0,1,0,66,46,0.3265306122448979,7,66,0.3210571428571429
406,20210902,14337.12808796,100,4,2,1,0,0,0,0,107,0,0.183206106870229,4,107,4.744271428571429
407,20210903,15727.67273697,38,11,0,2,0,0,0,0,51,19,0.5096153846153846,4,51,0.098271428571429
408,20210906,14258.57293206,65,9,4,0,0,0,0,0,78,11,0.1612903225806451,3,78,1.5527615384615383
409,20210907,14019.64987414,84,10,1,1,0,0,0,0,96,0,0.2,4,96,1.7718615384615377
410,20210908,14743.60489539,69,13,6,1,1,0,0,0,90,0,0.1743119266055046,5,90,7.563475
411,20210909,14317.92569318,58,8,3,4,1,0,0,0,74,1,0.2043010752688172,5,74,3.303309523809524
412,20210910,15436.045073,39,7,4,1,3,1,0,0,55,2,0.3373493975903614,6,55,5.8366875
413,20210913,14628.24688547,73,8,1,3,1,2,0,0,88,8,0.1775700934579439,6,88,7.0496125
414,20210914,15128.2855102,49,8,2,0,2,0,2,0,63,6,0.3225806451612903,7,63,4.242966666666666
415,20210915,13543.38523909,84,1,4,1,0,0,0,2,92,1,0.1401869158878504,8,92,6.144228571428572
416,20210916,14780.22968215,37,10,0,0,0,0,0,2,49,28,0.4615384615384615,9,49,1.596775
417,20210917,13428.00423331,38,5,5,0,0,0,0,2,50,11,0.3333333333333333,10,50,4.556258333333333
418,20210922,11522.81132498,77,14,4,3,0,0,0,2,100,1,0.1379310344827586,11,100,9.733558333333333
419,20210923,13210.81129526,52,10,6,0,0,0,0,2,70,19,0.3577981651376147,12,70,4.155882608695651
420,20210924,12830.33281502,35,0,2,3,0,0,0,1,41,49,0.293103448275862,13,41,0.9394111111111112
421,20210927,13652.94865073,33,7,0,0,0,0,0,0,40,137,0.3220338983050847,2,40,-5.17015
422,20210928,10435.24548934,64,4,2,0,0,0,0,0,70,13,0.1764705882352941,3,70,-0.7906142857142857
423,20210929,10775.00001356,17,1,0,1,0,0,0,0,19,57,0.2083333333333333,4,19,-3.463716666666666
424,20210930,9502.25181635,68,3,0,0,1,0,0,0,72,0,0.1818181818181818,5,72,4.4871
425,20211008,10603.44089672,58,5,2,0,0,0,0,0,65,15,0.336734693877551,3,65,2.042275
426,20211011,9918.98531284,34,8,3,1,0,0,0,0,46,28,0.2459016393442623,4,46,2.6776857142857144
427,20211012,9962.53748875,27,3,3,2,1,0,0,0,36,11,0.217391304347826,5,36,3.700158333333333
428,20211013,8894.11202952,51,4,0,1,1,0,0,0,57,46,0.1363636363636363,5,57,-1.4126888888888889
429,20211014,8606.46328958,63,10,0,0,0,1,0,0,74,5,0.1685393258426966,6,74,-3.1457166666666665
430,20211015,9888.01990473,27,0,1,0,0,0,1,0,29,27,0.4727272727272727,7,29,0.4305454545454543
431,20211018,10019.79784538,67,5,0,1,0,0,0,1,74,10,0.119047619047619,8,74,9.996
432,20211019,9730.87755589,58,8,0,0,0,0,0,1,67,4,0.1927710843373494,9,67,1.5027
433,20211020,10197.58558946,39,5,4,0,0,0,0,1,49,13,0.2575757575757575,10,49,4.8571
434,20211021,9927.53188046,30,5,1,4,0,0,0,1,41,2,0.359375,11,41,6.38734
435,20211022,10149.98148766,34,4,0,1,2,0,0,0,41,8,0.2807017543859649,5,41,2.332136363636364
436,20211025,10145.576773829998,55,4,2,0,1,1,0,0,63,2,0.2588235294117647,6,63,5.291614285714286
437,20211026,10821.42144488,27,0,2,1,0,0,1,0,31,8,0.4745762711864407,7,31,5.233550000000001
438,20211027,10765.76646267,36,2,0,2,1,0,0,1,42,10,0.1063829787234042,8,42,10.003425
439,20211028,11072.84270422,35,2,1,0,0,0,0,1,39,38,0.2777777777777778,9,39,-0.6228999999999999
440,20211029,11381.61621941,59,5,1,0,0,0,0,1,66,7,0.2142857142857142,10,66,2.550675
441,20211101,12228.8285574,75,11,3,0,0,0,0,0,89,6,0.2644628099173554,3,89,4.488128571428572
442,20211102,12578.463735869998,35,8,1,0,0,0,0,0,44,12,0.2542372881355932,3,44,1.6346714285714288
443,20211103,10000.1625278,43,1,1,1,0,0,0,0,46,4,0.2068965517241379,4,46,3.1316888888888887
444,20211104,10784.68244584,85,8,1,1,1,0,0,0,96,1,0.1351351351351351,5,96,10.013633333333331
445,20211105,11507.65679895,33,11,4,1,0,0,0,0,49,20,0.234375,4,49,5.545727272727273
446,20211108,10386.42911228,46,5,3,2,0,0,0,0,56,4,0.2533333333333333,4,56,2.66278125
447,20211109,10106.664062320002,46,9,3,0,1,0,0,0,59,3,0.2435897435897435,5,59,4.03463
448,20211110,10799.27637218,37,4,3,2,0,1,0,0,47,1,0.2769230769230769,6,47,6.060700000000001
449,20211111,11228.8229804,60,5,1,2,1,0,1,0,70,1,0.2307692307692307,7,70,5.25484
450,20211112,10988.45120479,69,9,0,0,0,1,0,0,79,1,0.202020202020202,6,79,2.35725
451,20211115,11578.55517572,64,10,3,0,0,0,1,0,78,14,0.2352941176470588,7,78,3.46162
452,20211116,11134.529123969998,51,8,1,2,0,0,0,0,62,4,0.2051282051282051,4,62,1.2182357142857143
453,20211117,10369.10946028,83,6,3,1,1,0,0,0,94,1,0.1214953271028037,5,94,5.407627272727272
454,20211118,11241.20355442,40,9,1,2,0,1,0,0,53,3,0.2535211267605634,6,53,3.299409090909091
455,20211119,11128.92313765,61,4,1,1,1,0,1,0,69,1,0.2068965517241379,7,69,4.751938461538462
456,20211122,12544.580257789998,71,11,1,0,0,1,0,1,85,0,0.1414141414141414,8,85,3.70915
457,20211123,12281.705736150005,43,9,2,0,0,0,1,1,56,1,0.2911392405063291,9,56,4.563457142857144
458,20211124,12021.48936877,67,6,1,1,0,0,0,2,77,3,0.1720430107526881,10,77,2.8986692307692303
459,20211125,11128.72184487,46,8,2,1,0,0,0,2,59,8,0.2236842105263158,11,59,5.567060000000001
460,20211126,11013.87926214,43,7,1,1,1,0,0,0,53,2,0.3026315789473684,5,53,1.5544615384615383
461,20211129,11773.02380206,62,4,3,0,1,1,0,0,71,1,0.2111111111111111,6,71,3.96575
462,20211130,12203.802108140002,58,10,2,2,0,0,1,0,73,2,0.2912621359223301,7,73,8.136633333333334
463,20211201,11461.413240289998,73,8,4,2,0,0,0,1,88,3,0.1111111111111111,8,88,5.186193333333335
464,20211202,11530.36354585,37,10,4,1,2,0,0,0,54,5,0.2894736842105263,5,54,3.497253333333333
465,20211203,11349.88949121,45,7,1,1,1,1,0,0,56,7,0.3170731707317073,6,56,0.2559058823529412
466,20211206,12032.618997480002,33,3,1,1,1,1,0,0,40,6,0.4117647058823529,6,40,2.9594636363636364
467,20211207,11995.24313851,41,8,0,1,1,1,0,0,52,11,0.2238805970149253,6,52,4.211942857142858
468,20211208,11013.03635055,71,4,5,0,0,1,1,0,82,1,0.196078431372549,7,82,4.996099999999999
469,20211209,12638.217572280002,52,10,0,4,0,0,1,1,68,2,0.3061224489795918,8,68,3.588818181818182
470,20211210,12352.081649310005,53,7,3,0,4,0,0,1,68,1,0.2444444444444444,9,68,5.7140125
471,20211213,12705.12315765,61,9,5,1,0,3,0,1,80,0,0.2727272727272727,10,80,7.623533333333333
472,20211214,11409.10689022,62,15,6,3,1,0,3,1,91,1,0.208695652173913,11,91,7.877452631578948
473,20211215,11359.27254886,58,8,9,2,1,0,0,2,80,2,0.3277310924369748,12,80,4.4191142857142856
474,20211216,11133.59425474,60,15,4,7,1,1,0,2,90,1,0.2035398230088495,13,90,7.876059090909089
475,20211217,11590.92202783,55,13,6,3,6,1,1,2,87,2,0.1944444444444444,14,87,6.733076666666667
476,20211220,11580.21170622,57,19,7,6,2,5,1,3,100,11,0.2366412213740458,15,100,6.439921875
477,20211221,10001.69283181,86,22,13,4,6,1,3,2,137,9,0.14375,16,137,5.659511627906977
478,20211222,10622.80167284,52,11,5,5,1,3,0,2,79,9,0.3923076923076923,13,79,0.6296979999999998
479,20211223,10771.32702562,56,9,3,1,2,0,0,0,71,23,0.2282608695652173,5,71,-2.477018518518519
480,20211224,11316.25535125,46,4,2,1,0,1,0,0,54,25,0.28,6,54,0.99454
481,20211227,9745.80775349,50,10,3,1,0,0,0,0,64,11,0.2967032967032967,4,64,0.7945875000000002
482,20211228,10024.79564136,50,6,4,1,1,0,0,0,62,9,0.2051282051282051,5,62,4.95935
483,20211229,9971.433134739998,46,9,4,4,1,1,0,0,65,6,0.216867469879518,6,65,9.3556
484,20211230,10177.35132927,60,12,7,2,4,1,1,0,87,3,0.1944444444444444,7,87,8.500484210526315
485,20211231,10600.42857727,38,10,5,2,0,3,0,1,59,7,0.3444444444444444,8,59,0.6073851851851851
486,20220104,12660.88146184,68,16,5,3,0,0,1,1,94,18,0.2985074626865671,9,94,4.458847619047619
487,20220105,13048.79165908,26,15,3,0,2,0,0,2,48,31,0.4418604651162791,10,48,-0.0980153846153847
488,20220106,11364.74310475,68,7,4,2,0,2,0,0,83,3,0.2654867256637168,6,83,2.993440909090909
489,20220107,12070.19102648,29,7,2,3,2,0,1,0,44,20,0.4634146341463415,7,44,3.2587
490,20220110,10511.91802957,54,10,4,0,1,2,0,0,71,8,0.144578313253012,6,71,0.5875333333333337
491,20220111,10555.4317425,46,4,4,2,0,0,2,0,58,6,0.2926829268292683,7,58,3.755082352941176
492,20220112,10609.78424894,73,13,1,3,2,0,0,2,94,0,0.2033898305084746,8,94,6.242075
493,20220113,10933.65632668,30,20,4,1,1,1,0,1,58,6,0.3555555555555555,9,58,4.256314285714285
494,20220114,11068.227183260002,57,7,7,3,1,0,0,1,76,5,0.2830188679245283,10,76,5.095775000000001
495,20220117,11194.73895185,84,13,4,6,3,1,0,1,112,4,0.1641791044776119,11,112,7.8227210526315805
496,20220118,11957.89071427,25,12,0,2,2,1,0,1,43,41,0.5,12,43,-1.5300714285714287
497,20220119,10651.51151674,43,4,6,0,2,1,1,1,58,9,0.2266666666666666,13,58,5.985116666666666
498,20220120,11288.58854709,25,8,1,4,0,2,1,2,43,13,0.3676470588235294,14,43,7.696820000000001
499,20220121,9842.51518351,38,4,4,1,0,0,1,1,49,39,0.3194444444444444,15,49,1.438022222222222
500,20220124,8640.242217519999,42,10,1,2,0,0,0,1,56,31,0.2222222222222222,16,56,0.2030181818181818
501,20220125,9365.98921089,17,4,4,1,1,0,0,1,28,50,0.3170731707317073,17,28,1.941578571428572
502,20220126,7940.42650623,42,7,0,3,0,0,0,0,52,30,0.2676056338028169,4,52,-3.235845454545455
503,20220127,8228.10137104,10,3,1,0,0,0,0,0,14,69,0.4615384615384615,3,14,-6.21051
504,20220128,8186.13323385,52,2,2,0,0,0,0,0,56,20,0.2222222222222222,3,56,4.525899999999999
505,20220207,8229.20114731,76,9,0,1,0,0,0,0,86,22,0.2321428571428571,4,86,-0.5855999999999999
506,20220208,8785.66061135,53,16,4,0,1,0,0,0,74,5,0.2127659574468085,5,74,3.3915000000000006
507,20220209,9315.44106005,71,12,9,3,0,1,0,0,96,0,0.1652173913043478,6,96,6.745361904761905
508,20220210,9361.33675567,35,9,4,4,2,0,1,0,55,2,0.3125,7,55,4.65238
509,20220211,9913.242946830002,35,7,3,1,3,1,0,1,51,9,0.25,8,51,4.32395
510,20220214,8622.3331177,68,8,6,0,0,2,0,0,84,9,0.25,6,84,2.6797250000000004
511,20220215,8273.327319200002,44,11,0,2,0,0,0,0,57,13,0.3522727272727273,4,57,-3.1122125
512,20220216,8068.79730526,56,8,6,0,2,0,0,0,72,0,0.2871287128712871,5,72,6.845661538461538
513,20220217,9086.61515808,33,9,0,3,0,0,0,0,45,11,0.4827586206896552,4,45,-0.9963562500000004
514,20220218,8073.63112936,40,3,6,0,3,0,0,0,52,1,0.2676056338028169,5,52,6.467358333333333
515,20220221,9002.10255608,69,21,2,6,0,3,0,0,101,0,0.1440677966101695,6,101,9.094083333333332
516,20220222,9780.36891513,22,9,14,0,4,0,1,0,50,2,0.3243243243243243,7,50,5.040258064516129
517,20220223,10406.92420004,65,6,5,10,0,3,0,0,89,3,0.1981981981981982,6,89,5.815071428571428
518,20220224,13624.04480317,23,3,4,0,5,0,3,0,38,29,0.5,7,38,2.4817875000000003
519,20220225,10184.82481811,46,6,1,2,0,3,0,2,60,6,0.2941176470588235,8,60,3.239246666666667
520,20220228,9488.047098440002,34,5,3,0,0,0,2,1,45,12,0.3283582089552239,9,45,1.268107142857143
521,20220301,9687.25560812,41,7,2,2,0,0,0,1,53,5,0.2318840579710145,10,53,3.895390909090909
522,20220302,8977.90007615,46,11,2,2,2,0,0,1,64,0,0.1688311688311688,11,64,5.9741333333333335
523,20220303,10100.02531533,46,20,5,0,2,2,0,1,76,1,0.24,12,76,4.704738888888889
524,20220304,10060.66855714,30,3,7,1,0,2,1,1,45,15,0.3571428571428571,13,45,0.6404799999999999
525,20220307,10243.4129232,36,9,1,4,1,0,1,0,52,9,0.2676056338028169,7,52,4.958326666666666
526,20220308,11096.88848758,13,6,1,0,0,1,0,0,21,54,0.6181818181818182,6,21,-5.73830625
527,20220309,11614.5167858,35,7,3,1,0,0,0,0,46,10,0.3333333333333333,4,46,4.6002
528,20220310,10785.16274251,65,12,4,2,1,0,0,0,84,3,0.3170731707317073,5,84,4.806327272727272
529,20220311,10499.779395639998,56,8,2,1,1,1,0,0,69,6,0.2159090909090909,6,69,-0.0192631578947369
530,20220314,9696.32732774,30,9,2,1,0,0,0,0,42,16,0.373134328358209,4,42,2.3907692307692305
531,20220315,11237.92321894,20,6,2,1,1,0,0,0,30,78,0.4117647058823529,5,30,1.3051666666666668
532,20220316,11916.92864883,110,11,4,2,1,1,0,0,129,3,0.14,6,129,9.38801
533,20220317,12751.768349589998,74,13,5,3,2,1,0,0,98,0,0.379746835443038,6,98,4.70002105263158
534,20220318,9902.14362637,82,9,7,4,1,1,1,0,105,2,0.0948275862068965,7,105,3.4586583333333336
535,20220321,10149.666217249998,78,21,7,5,3,1,0,1,116,0,0.1654676258992805,8,116,8.209330434782608
536,20220322,9626.47843903,48,14,7,3,3,2,1,1,79,8,0.2616822429906542,9,79,2.0519157894736844
537,20220323,9426.79851241,50,7,2,4,1,2,2,1,69,8,0.3490566037735849,10,69,1.4979451612903223
538,20220324,9199.54656079,46,5,4,1,1,1,2,3,63,4,0.3076923076923077,11,63,4.419873684210526
539,20220325,9181.107868639998,58,9,2,1,1,0,0,4,75,9,0.336283185840708,9,75,5.043405882352942
540,20220328,8701.83802922,44,11,3,1,0,0,0,3,62,16,0.3033707865168539,10,62,0.6912588235294118
541,20220329,8637.52344467,40,7,4,3,1,0,0,1,56,17,0.3,11,56,3.036944444444444
542,20220330,9580.70577292,65,7,4,3,1,0,0,0,80,1,0.2660550458715596,5,80,3.75974375
543,20220331,10087.72507552,39,8,4,1,2,1,0,0,55,5,0.4660194174757281,6,55,4.897706666666666
544,20220401,9352.59817045,52,11,5,1,0,2,0,0,71,13,0.144578313253012,6,71,4.8139875
545,20220406,9657.08060504,59,11,5,5,0,0,2,0,82,14,0.2545454545454545,7,82,4.4214473684210525
546,20220407,9226.91187589,20,6,1,2,2,0,0,1,32,29,0.5076923076923077,8,32,-1.4792000000000003
547,20220408,9261.43652546,48,8,4,1,1,2,0,0,64,14,0.2558139534883721,6,64,3.5379166666666664
548,20220411,9634.15894737,38,10,2,2,0,1,0,0,53,43,0.4479166666666667,6,53,-1.7376875000000005
549,20220412,9160.79377491,76,14,4,1,1,0,0,0,96,13,0.2558139534883721,5,96,1.38774
550,20220413,8731.06390573,35,8,7,2,0,1,0,0,53,41,0.4361702127659574,6,53,5.579690000000001
551,20220414,8697.47601464,61,8,3,3,2,0,0,0,77,5,0.2222222222222222,5,77,1.9615666666666671
552,20220415,9108.08406339,27,7,2,0,2,0,0,0,38,33,0.4571428571428571,5,38,-1.2825937500000002
553,20220418,7780.614901600001,64,9,2,0,0,1,0,0,76,36,0.1827956989247312,6,76,-3.691609090909091
554,20220419,7791.40473477,42,8,4,2,0,0,0,0,56,16,0.3,4,56,2.3415666666666666
555,20220420,8203.69124928,37,10,3,2,1,0,0,0,53,7,0.2428571428571428,5,53,1.9486
556,20220421,8560.87622627,20,8,2,1,1,0,0,0,32,68,0.3469387755102041,5,32,-1.5920999999999998
557,20220422,7530.604558659999,62,9,3,0,1,0,0,0,75,68,0.127906976744186,5,75,-1.2877083333333332
558,20220425,8964.84357345,17,6,1,1,0,0,0,0,25,580,0.358974358974359,4,25,-4.562115384615384
559,20220426,8385.160317830001,36,3,3,0,0,0,0,0,42,193,0.5116279069767442,3,42,-0.8669875
560,20220427,9173.89260872,124,10,1,2,0,0,0,0,137,28,0.2430939226519337,4,137,3.760266666666667
561,20220428,8402.796686599999,50,12,6,0,1,0,0,0,69,30,0.2333333333333333,5,69,5.121546153846155
562,20220429,9647.0839936,186,19,4,5,0,1,0,0,215,2,0.1468253968253968,6,215,6.0339
563,20220505,9004.62480181,111,31,5,1,3,0,1,0,152,10,0.2,7,152,3.644162068965517
564,20220506,7594.7584075,54,13,11,3,1,3,0,0,85,13,0.2129629629629629,6,85,5.044441463414635
565,20220509,6712.04374945,114,9,4,7,2,1,2,0,139,1,0.2146892655367231,7,139,5.947574193548388
566,20220510,8465.702944,73,21,6,2,4,2,1,2,111,2,0.2071428571428571,8,111,5.979672000000001
567,20220511,10777.53276029,62,11,14,3,1,3,0,2,96,5,0.4893617021276595,9,96,4.68691052631579
568,20220512,8210.50876346,63,5,4,4,2,0,0,2,80,7,0.3162393162393162,10,80,0.5937176470588235
569,20220513,7568.854478970001,76,19,3,3,2,0,0,1,104,15,0.1260504201680672,11,104,2.1287705882352945
570,20220516,7859.34473668,64,20,7,2,1,2,0,0,96,13,0.1864406779661017,6,96,1.899689285714286
571,20220517,7897.25370969,54,6,3,3,1,1,0,0,68,23,0.2,6,68,-1.563721875
572,20220518,7700.779640850001,76,15,1,2,2,1,0,0,97,6,0.2651515151515151,6,97,2.2784428571428568
573,20220519,8063.680994709999,49,11,9,1,1,2,1,0,74,5,0.26,7,74,5.3980476190476185
574,20220520,9202.83096742,63,9,2,4,0,1,2,1,82,5,0.2612612612612612,8,82,2.6327480000000003
575,20220523,8593.2158432,71,14,5,1,2,0,1,2,96,11,0.25,8,96,5.174394736842106
576,20220524,9901.21085,25,9,3,3,1,0,0,2,43,30,0.5,9,43,1.403668
577,20220525,7619.14516832,79,12,5,2,1,1,0,2,102,8,0.2330827067669172,10,102,3.7448722222222224
578,20220526,8226.20042904,46,13,3,2,2,0,0,1,67,11,0.3619047619047619,10,67,0.4002739130434782
579,20220527,8154.179712220001,65,11,6,3,0,2,0,1,88,6,0.2786885245901639,11,88,4.466180952380952
580,20220530,8106.57990287,66,17,5,3,3,0,1,1,96,8,0.2941176470588235,12,96,3.3529260869565225
581,20220531,9348.60697158,68,13,5,1,1,1,0,2,91,14,0.208695652173913,13,91,1.5045500000000005
582,20220601,8848.85220824,64,7,4,2,1,1,1,1,81,10,0.3135593220338983,9,81,4.670578260869565
583,20220602,8911.40173143,63,14,5,2,1,0,1,1,87,10,0.2162162162162162,8,87,3.919982352941177
584,20220606,11122.03816605,68,14,4,2,1,0,0,0,89,8,0.282258064516129,5,89,0.8137833333333333
585,20220607,10386.52010441,45,14,4,1,0,1,0,0,65,12,0.2352941176470588,6,65,-0.0779428571428574
586,20220608,11009.50346834,46,9,2,2,1,0,1,0,61,8,0.3775510204081632,7,61,1.764965
587,20220609,9766.07771717,30,8,2,1,0,1,0,1,43,9,0.2586206896551724,8,43,0.3607333333333333
588,20220610,10501.785787399998,82,5,4,2,1,0,1,1,96,1,0.2558139534883721,9,96,6.608115384615384
589,20220613,10906.1777237,57,12,3,1,1,1,0,1,76,1,0.2897196261682243,10,76,3.84615
590,20220614,10991.31555879,47,9,6,1,0,0,1,1,65,4,0.2857142857142857,11,65,4.714605263157894
591,20220615,12983.91854745,45,10,2,2,1,0,0,1,61,9,0.4351851851851852,8,61,1.958311111111112
592,20220616,10804.323578800002,54,9,1,1,1,0,0,1,67,5,0.3092783505154639,9,67,-1.8276000000000003
593,20220617,10929.504287,56,7,1,0,1,1,0,1,67,0,0.2209302325581395,10,67,1.0248846153846154
594,20220620,11640.62505637,69,19,2,1,0,1,1,1,94,7,0.3138686131386861,11,94,5.6370545454545455
595,20220621,10797.93411731,41,6,5,0,0,0,1,2,55,7,0.3820224719101123,12,55,2.45502
596,20220622,9961.56023578,50,13,4,3,0,0,0,2,72,2,0.2653061224489796,9,72,6.160307142857143
597,20220623,10755.964438720002,87,14,2,2,2,0,0,2,109,0,0.2323943661971831,10,109,1.730231818181818
598,20220624,11599.380141539998,77,16,6,1,1,2,0,2,105,1,0.2105263157894736,11,105,3.92635909090909
599,20220627,12283.75116872,75,14,6,5,1,1,2,0,104,2,0.2571428571428571,7,104,4.7203535714285705
600,20220628,12208.60712491,86,19,11,5,5,1,1,1,129,0,0.1224489795918367,8,129,7.749696551724138
601,20220629,13157.34082777,32,12,3,4,2,1,1,1,56,40,0.3333333333333333,9,56,-1.9824674418604649
602,20220630,11593.33955054,71,5,4,1,1,2,0,0,84,15,0.3333333333333333,6,84,0.1565000000000003
603,20220701,10510.37128987,54,7,1,1,0,0,1,0,64,23,0.264367816091954,7,64,-2.000530769230769
604,20220704,11302.21674692,64,12,2,0,1,0,0,0,79,11,0.2685185185185185,5,79,1.0453500000000002
605,20220705,11807.04577743,29,5,4,1,0,1,0,0,40,5,0.4285714285714285,6,40,3.024126666666667
606,20220706,10863.50612346,41,4,3,3,1,0,1,0,53,10,0.2535211267605634,7,53,7.569990909090908
607,20220707,10527.70785387,61,10,1,3,3,0,0,1,79,0,0.2254901960784313,8,79,4.643733333333334
608,20220708,10291.05214056,47,10,6,0,1,2,0,1,67,9,0.2555555555555555,9,67,1.8911388888888885
609,20220711,10085.014834389998,42,8,3,3,0,1,0,0,57,15,0.25,6,57,-0.6881149999999998
610,20220712,9765.06323784,30,7,3,2,2,0,1,0,45,15,0.3571428571428571,7,45,3.194246666666667
611,20220713,9420.747375739998,67,13,3,3,2,1,0,0,89,6,0.2393162393162393,6,89,4.06718
612,20220714,10275.281008319998,54,9,3,1,0,0,1,0,68,10,0.2527472527472527,7,68,-3.2175545454545453
613,20220715,10876.4509685,43,6,5,2,1,0,0,0,57,33,0.2875,5,57,5.303742857142857
614,20220718,10210.91563099,96,19,3,1,1,1,0,0,121,2,0.1768707482993197,6,121,4.007542857142857
615,20220719,9965.35297365,60,15,4,1,0,1,1,0,82,4,0.2407407407407407,7,82,0.7513399999999999
616,20220720,9522.23417329,62,14,7,2,0,0,0,0,85,5,0.2272727272727272,4,85,2.6906545454545454
617,20220721,10179.51194258,48,10,2,3,2,0,0,0,65,2,0.3229166666666667,5,65,3.166434782608696
618,20220722,9411.33816029,41,8,2,0,1,1,0,0,53,6,0.2318840579710145,6,53,-1.0715352941176473
619,20220725,8619.06139066,32,5,4,0,0,0,1,0,42,18,0.3823529411764705,7,42,0.9948083333333332
620,20220726,8339.11010972,46,7,2,3,0,0,0,1,59,7,0.2435897435897435,8,59,4.42061
621,20220727,8678.12111558,67,12,3,1,2,0,0,1,86,3,0.1962616822429906,9,86,4.822130769230769
622,20220728,10070.22623327,55,16,5,3,1,2,0,1,83,2,0.2095238095238095,10,83,6.786810526315791
623,20220729,10143.18411319,42,8,6,3,2,1,0,0,62,7,0.3186813186813186,6,62,1.973885714285714
624,20220801,9934.94440962,63,8,5,4,2,1,1,0,84,7,0.1683168316831683,7,84,5.372655
625,20220802,11804.703873449998,26,11,3,3,2,1,1,0,47,29,0.1607142857142857,7,47,2.680228571428572
626,20220803,11146.07182482,28,5,3,1,0,1,0,1,39,23,0.6517857142857143,8,39,0.5481619047619049
627,20220804,8990.2823213,54,5,1,2,0,0,1,1,64,7,0.189873417721519,9,64,1.9852
628,20220805,9951.32140767,51,5,1,1,1,0,0,2,61,8,0.2469135802469135,10,61,2.12557
629,20220808,9522.61645323,84,11,3,0,1,0,0,2,101,2,0.1583333333333333,11,101,5.038109999999999
630,20220809,9526.39667175,51,11,4,1,0,1,0,2,70,1,0.2783505154639175,12,70,4.143335294117646
631,20220810,9659.07778939,62,7,2,2,1,0,1,1,76,2,0.2244897959183673,11,76,3.367536842105263
632,20220811,10662.2767526,51,11,4,1,2,0,0,2,71,3,0.2755102040816326,12,71,5.8038
633,20220812,9992.19962602,41,6,5,1,1,1,0,1,56,7,0.3,13,56,1.5152949999999996
634,20220815,9760.17252503,61,8,2,2,0,0,1,0,74,7,0.2291666666666666,7,74,0.7064066666666666
635,20220816,10199.63958323,59,13,2,1,1,0,0,1,77,1,0.2935779816513761,8,77,2.677830769230769
636,20220817,10741.99308217,49,9,4,2,0,1,0,1,66,3,0.2584269662921348,9,66,2.875411111111111
637,20220818,10538.34286239,68,9,3,0,1,0,0,1,82,3,0.2407407407407407,10,82,1.8036
638,20220819,11197.87883954,34,13,4,1,0,0,0,1,53,10,0.2318840579710145,11,53,1.0814428571428572
639,20220822,10260.47389582,51,6,6,2,1,0,0,1,67,6,0.2555555555555555,12,67,5.131642105263158
640,20220823,10019.17531537,54,8,2,3,1,0,0,1,69,3,0.28125,13,69,3.3972875
641,20220824,11255.587126789998,18,7,3,1,3,0,0,1,33,27,0.4107142857142857,14,33,5.307053333333333
642,20220825,9860.77453743,45,6,2,1,1,2,0,1,58,21,0.2467532467532467,15,58,2.635493333333333
643,20220826,9288.55847403,28,6,2,0,0,1,2,1,40,23,0.4736842105263157,16,40,0.3800846153846156
644,20220829,8455.35607296,49,6,2,1,0,0,0,2,60,5,0.2307692307692307,17,60,2.7615
645,20220830,8382.021256080001,28,3,2,1,0,0,0,1,35,11,0.3137254901960784,9,35,-0.6763818181818184
646,20220831,10019.2549417,25,4,2,0,0,0,0,1,32,51,0.3725490196078431,10,32,1.1189714285714287
647,20220901,7944.76471054,34,7,1,1,0,0,0,0,43,13,0.3174603174603174,4,43,-3.2312428571428566
648,20220902,7464.224776819999,51,8,3,0,1,0,0,0,63,4,0.3571428571428571,5,63,3.0793
649,20220905,7693.829551780001,46,6,2,1,0,0,0,0,55,7,0.2948717948717949,4,55,-0.7710083333333334
650,20220906,8688.2714589,48,6,5,2,0,0,0,0,61,0,0.2278481012658227,4,61,7.162288888888889
651,20220907,8716.402453659999,48,5,1,2,2,0,0,0,58,7,0.2564102564102564,5,58,2.063184615384616
652,20220908,7879.743218230001,31,8,1,0,1,1,0,0,42,6,0.2363636363636363,6,42,0.6079799999999999
653,20220909,7793.310144839999,29,5,1,0,0,0,1,0,36,7,0.3076923076923077,7,36,-2.492227272727273
654,20220913,7710.6471114,37,6,4,0,0,0,0,0,47,10,0.1896551724137931,3,47,1.8530714285714285
655,20220914,7223.774545169999,23,6,2,3,0,0,0,0,34,6,0.2093023255813953,4,34,4.3266100000000005
656,20220915,9187.59953547,21,4,1,1,0,0,0,0,27,39,0.2285714285714285,4,27,-2.739109090909091
657,20220916,7988.74525326,20,3,1,0,1,0,0,0,25,19,0.21875,5,25,-1.81185
658,20220919,6651.311359120001,27,5,1,1,0,0,0,0,34,18,0.32,4,34,0.2901999999999997
659,20220920,6507.27558323,50,5,2,1,1,0,0,0,59,1,0.3295454545454545,5,59,5.574271428571429
660,20220921,6357.77368556,34,5,3,1,0,0,0,0,43,2,0.173076923076923,4,43,1.194977777777778
661,20220922,6382.551664830001,32,2,1,2,1,0,0,0,38,3,0.3214285714285714,5,38,2.2202444444444445
662,20220923,6671.273688010001,16,3,1,0,2,0,0,0,22,11,0.45,5,22,1.338733333333333
663,20220926,6672.15137047,36,1,0,0,0,1,0,0,38,10,0.2549019607843137,6,38,2.672216666666667
664,20220927,6658.669416999999,59,9,1,0,0,0,1,0,70,1,0.1764705882352941,7,70,10.0066
665,20220928,6469.72715837,20,7,6,1,0,0,0,0,34,20,0.1707317073170731,4,34,5.411754545454546
666,20220929,6243.37979248,13,4,1,3,1,0,0,0,22,20,0.4883720930232558,5,22,0.7166285714285715
667,20220930,5606.206173240002,27,3,2,1,3,0,0,0,36,22,0.1219512195121951,5,36,3.8156444444444446
668,20221010,6276.9523639,22,8,0,1,0,0,0,0,31,40,0.3673469387755102,4,31,-0.3877666666666666
669,20221011,5636.2309738700005,46,3,2,0,0,0,0,0,51,6,0.2816901408450704,3,51,1.5862222222222222
670,20221012,7099.21013191,60,15,3,2,0,0,0,0,80,0,0.1304347826086956,4,80,9.999480000000002
671,20221013,7281.26102415,47,15,5,2,1,0,0,0,70,3,0.2222222222222222,5,70,3.629315
672,20221014,8605.23452575,80,10,2,2,1,1,0,0,96,2,0.1864406779661017,6,96,2.4034913043478263
673,20221017,8071.082898700001,64,11,6,2,1,1,1,0,86,0,0.173076923076923,7,86,7.670937499999999
674,20221018,7935.906832109999,48,8,5,1,2,1,1,1,67,2,0.3232323232323232,8,67,5.375740909090909
675,20221019,7581.983703989999,38,6,1,2,0,1,1,2,51,4,0.3461538461538461,9,51,3.19668947368421
676,20221020,7960.03086488,38,8,2,1,0,0,1,1,51,12,0.3625,10,51,1.443223076923077
677,20221021,7121.480012850001,41,5,4,1,1,0,0,1,53,15,0.3205128205128205,11,53,1.807438461538461
678,20221024,8806.20649517,28,5,1,1,0,1,0,0,36,24,0.4782608695652174,6,36,0.2928666666666664
679,20221025,8025.99162561,40,9,3,0,1,0,0,0,53,19,0.273972602739726,5,53,1.7328875
680,20221026,9139.31494059,73,2,2,1,0,0,0,0,78,8,0.376,4,78,-0.6769692307692311
681,20221027,9236.65094811,33,11,1,1,0,0,0,0,46,13,0.303030303030303,4,46,1.18782
682,20221028,9093.35808984,19,2,3,0,0,0,0,0,24,59,0.3513513513513513,3,24,-2.544653846153847
683,20221031,8826.80494717,67,4,2,2,0,0,0,0,75,30,0.25,4,75,7.897760000000001
684,20221101,9772.33180983,70,9,2,1,1,0,0,0,83,2,0.2589285714285714,5,83,4.5996375
685,20221102,10518.52706635,65,13,5,0,0,1,0,0,84,1,0.2941176470588235,6,84,3.115107692307693
686,20221103,8863.616514500001,31,6,2,3,0,0,0,0,42,4,0.373134328358209,4,42,1.9254421052631576
687,20221104,10803.49186397,59,7,3,0,2,0,0,0,71,1,0.1647058823529411,5,71,3.728481818181818
688,20221107,10059.57068178,43,12,5,1,0,1,0,0,62,0,0.1948051948051948,6,62,6.002291666666667
689,20221108,8355.84075433,28,8,1,1,1,0,1,0,40,1,0.3333333333333333,7,40,2.870000000000001
690,20221109,7784.98550385,32,8,1,1,1,0,0,1,44,3,0.2903225806451613,8,44,2.9559833333333327
691,20221110,8426.48181931,43,10,3,1,0,1,0,1,59,2,0.1917808219178082,9,59,4.140208333333334
692,20221111,12228.22693762,46,9,3,1,0,0,0,1,60,2,0.53125,10,60,0.0519062499999998
693,20221114,10670.17632073,48,10,6,0,0,0,0,0,64,5,0.3469387755102041,3,64,2.6810230769230774
694,20221115,10583.41807013,63,12,5,3,0,0,0,0,83,3,0.2454545454545454,4,83,5.12925625
695,20221116,9424.57715462,28,7,3,1,2,0,0,0,41,4,0.3050847457627119,5,41,0.2154600000000002
696,20221117,9127.440505109998,48,8,1,1,1,1,0,0,60,0,0.1891891891891892,6,60,2.2442538461538457
697,20221118,9784.49413835,35,7,4,0,1,0,0,0,47,3,0.3648648648648648,5,47,1.3267750000000005
698,20221121,8491.12212701,40,9,2,3,0,0,0,0,54,6,0.1940298507462686,4,54,4.049541666666667
699,20221122,8843.97711882,34,2,3,1,2,0,0,0,42,18,0.373134328358209,5,42,3.5968571428571425
700,20221123,8302.51452365,32,8,2,1,0,2,0,0,45,20,0.1818181818181818,6,45,3.6497125
701,20221124,7478.766629379999,38,3,2,1,1,0,1,0,46,4,0.3611111111111111,7,46,2.338261538461538
702,20221125,7397.30582566,26,5,1,2,0,0,0,1,35,11,0.1860465116279069,8,35,1.843675
703,20221128,7581.938672359999,27,7,4,1,1,0,0,0,40,5,0.2857142857142857,5,40,5.9691222222222216
704,20221129,9678.09283945,79,7,4,4,1,1,0,0,96,0,0.1724137931034483,6,96,7.209823076923076
705,20221130,9311.35794853,32,6,5,1,4,1,1,0,50,3,0.358974358974359,7,50,5.9486823529411765
706,20221201,10580.85621036,45,5,2,2,0,3,1,0,58,3,0.3409090909090909,7,58,3.299005555555555
707,20221202,8642.851720580002,47,7,0,1,1,0,1,1,58,8,0.2162162162162162,8,58,1.048030769230769
708,20221205,10548.19886658,40,8,3,0,1,0,0,1,53,2,0.369047619047619,9,53,3.483490909090909
709,20221206,9979.4218698,24,5,1,1,0,0,0,1,32,10,0.4385964912280701,10,32,-0.6632846153846153
710,20221207,9483.94705039,41,4,2,1,1,0,0,0,49,3,0.2096774193548387,5,49,5.969925
711,20221208,8696.35773935,38,8,2,1,1,0,0,0,50,10,0.180327868852459,5,50,4.0866375
712,20221209,10088.81617226,32,4,3,1,1,0,0,0,41,5,0.3387096774193548,5,41,3.6629
713,20221212,9095.84866067,38,4,1,1,1,0,0,0,45,6,0.2105263157894736,5,45,0.955711111111111
714,20221213,8162.40690379,44,9,2,1,1,1,0,0,58,4,0.1830985915492957,6,58,6.3682
715,20221214,8106.83794351,37,7,2,1,1,0,1,0,49,8,0.1967213114754098,7,49,2.1006357142857146
716,20221215,7661.19524724,25,5,1,1,1,0,0,0,33,2,0.3773584905660377,5,33,0.4362583333333332
717,20221216,7611.68855676,30,5,1,0,1,1,0,0,38,4,0.3333333333333333,6,38,2.054775
718,20221219,7566.325425579999,18,5,1,0,0,0,1,0,25,16,0.4047619047619047,7,25,2.8638
719,20221220,6396.74755928,19,4,3,0,0,0,0,0,26,27,0.2571428571428571,3,26,-0.4487428571428572
720,20221221,5745.80051436,24,2,0,1,0,0,0,0,27,6,0.2894736842105263,4,27,-1.2440714285714287
721,20221222,6573.07686016,29,4,1,0,1,0,0,0,35,9,0.375,5,35,5.9119
722,20221223,5851.023103150001,31,6,1,0,0,0,0,0,38,14,0.3666666666666666,3,38,-1.30815
723,20221226,6241.4675347,55,1,4,1,0,0,0,0,61,4,0.1159420289855072,4,61,6.490385714285715
724,20221227,6685.00107053,32,11,1,2,1,0,0,0,47,7,0.2539682539682539,5,47,8.837483333333333
725,20221228,6506.68021214,25,3,6,0,1,1,0,0,36,4,0.2941176470588235,6,36,6.125126666666668
726,20221229,6146.203180629999,26,5,2,4,0,0,1,0,38,4,0.24,7,38,5.455945454545454
727,20221230,6038.881993020001,34,5,4,0,1,0,0,1,45,1,0.1666666666666666,8,45,4.571108333333332
728,20230103,7886.58106369,81,8,5,2,0,0,0,0,96,2,0.0943396226415094,4,96,5.4764
729,20230104,7835.499916180001,33,9,1,2,2,0,0,0,47,6,0.2769230769230769,5,47,1.28236
730,20230105,8425.51034076,34,3,3,0,0,1,0,0,41,7,0.3166666666666666,6,41,0.1752785714285713
731,20230106,8378.7993198,25,5,1,0,0,0,0,0,31,10,0.4655172413793103,3,31,-1.5932
732,20230109,8069.69441651,37,1,2,0,0,0,0,0,40,1,0.3103448275862069,3,40,2.640433333333333
733,20230110,7470.014089460001,29,6,0,1,0,0,0,0,36,2,0.1818181818181818,4,36,3.8932
734,20230111,7415.3060985699985,19,5,3,0,1,0,0,0,28,1,0.3777777777777777,5,28,6.603699999999999
735,20230112,6812.367625090001,27,2,1,1,0,1,0,0,32,5,0.3191489361702128,6,32,2.415411111111111
736,20230113,7021.66675621,28,3,1,1,0,0,0,0,33,8,0.3125,4,33,7.439420000000001
737,20230116,9168.82217065,30,8,2,1,0,0,0,0,41,5,0.3278688524590163,4,41,4.516
738,20230117,7069.95901005,25,3,4,1,0,0,0,0,33,5,0.2826086956521739,4,33,5.568327272727273
739,20230118,6355.307050140001,26,5,2,1,1,0,0,0,35,4,0.2391304347826087,5,35,3.19215
740,20230119,6867.27075852,23,2,2,1,1,0,0,0,29,9,0.2926829268292683,5,29,0.7525222222222223
741,20230120,7488.5874036,19,4,1,0,1,0,0,0,25,5,0.3421052631578947,5,25,0.8483499999999999
742,20230130,10617.68831408,70,8,2,1,0,1,0,0,82,0,0.2336448598130841,6,82,6.394666666666667
743,20230131,8998.89309789,24,13,3,0,0,0,1,0,41,8,0.293103448275862,7,41,2.6230500000000005
744,20230201,10043.66501666,53,5,9,3,0,0,0,1,71,0,0.1547619047619047,8,71,9.17095294117647
745,20230202,10240.46659675,38,4,2,3,2,0,0,0,49,3,0.2898550724637681,5,49,3.610755555555556
746,20230203,9144.64116408,30,3,3,0,2,1,0,0,39,3,0.2352941176470588,6,39,3.9234
747,20230206,8745.12463409,27,7,1,1,0,1,0,0,37,4,0.2745098039215686,6,37,3.2883
748,20230207,8455.19815149,30,4,4,1,1,0,1,0,41,2,0.293103448275862,7,41,7.545129999999999
749,20230208,8046.57352317,22,5,1,1,1,1,0,0,31,0,0.3541666666666667,6,31,3.433736363636364
750,20230209,9008.20468935,24,3,3,1,0,1,0,0,32,2,0.3846153846153846,6,32,6.132611111111111
751,20230210,8927.11554834,16,1,1,2,0,0,1,0,21,5,0.4166666666666667,7,21,4.2372000000000005
752,20230213,9789.48168983,34,4,1,0,1,0,0,1,41,0,0.3278688524590163,8,41,7.215360000000001
753,20230214,9138.44512766,20,3,0,0,0,0,0,0,23,1,0.3947368421052631,2,23,-0.4001714285714288
754,20230215,9371.535758970002,28,6,1,0,0,0,0,0,35,0,0.2222222222222222,3,35,7.554200000000001
755,20230216,11927.61499904,15,3,1,0,0,0,0,0,19,2,0.525,3,19,0.7003857142857145
756,20230217,9139.37783703,21,4,2,0,0,0,0,0,27,2,0.3571428571428571,3,27,2.455525
757,20230220,9495.91189932,35,2,2,0,0,0,0,0,39,4,0.2040816326530612,3,39,1.3085166666666666
758,20230221,9212.12264147,12,2,0,2,0,0,0,0,16,1,0.4074074074074074,4,16,3.230275
759,20230222,7831.851340290001,21,1,1,0,2,0,0,0,25,1,0.1666666666666666,5,25,9.165625
760,20230223,8070.8784866,17,2,1,0,0,2,0,0,22,1,0.1851851851851851,6,22,5.18555
761,20230224,7256.48888037,11,0,1,1,0,0,1,0,14,0,0.391304347826087,7,14,7.943479999999999
762,20230227,7534.68263789,16,1,0,0,0,0,0,0,17,0,0.4137931034482758,2,17,-4.351666666666667
763,20230228,7565.00442368,18,4,1,0,0,0,0,0,23,1,0.2333333333333333,3,23,9.9904
764,20230301,9187.22741828,24,2,1,1,0,0,0,0,28,0,0.3333333333333333,4,28,4.9447
765,20230302,9333.32501243,19,2,1,1,1,0,0,0,24,3,0.3684210526315789,5,24,8.378225
766,20230303,8693.5483589,17,1,0,0,1,0,0,0,19,3,0.24,5,19,-1.83412
767,20230306,9507.30406077,14,4,1,0,0,0,0,0,19,2,0.3214285714285714,3,19,0.0008999999999996
768,20230307,9324.22088996,14,2,2,1,0,0,0,0,19,0,0.24,4,19,6.14752
769,20230308,7183.29386039,17,2,2,2,0,0,0,0,23,0,0.1481481481481481,4,23,8.377
770,20230309,7565.189890979999,19,4,2,0,2,0,0,0,27,0,0.1818181818181818,5,27,8.317966666666669
771,20230310,8093.282342590001,15,2,1,1,0,1,0,0,20,3,0.2592592592592592,6,20,2.5999250000000003
772,20230313,8391.24932651,29,1,1,0,1,0,1,0,33,1,0.1951219512195122,7,33,5.93746
773,20230314,9322.10649929,11,4,1,1,0,1,0,1,19,2,0.3448275862068966,8,19,10.001075
774,20230315,8182.109047129999,25,1,2,1,0,0,0,1,30,0,0.2682926829268293,9,30,5.0836875
775,20230316,8448.55104984,12,2,1,1,1,0,0,1,18,5,0.1818181818181818,10,18,6.59958
776,20230317,9728.91295976,26,1,2,1,0,1,0,1,32,0,0.238095238095238,11,32,9.1749
777,20230320,10572.89948358,14,3,0,1,1,0,1,1,21,6,0.4473684210526316,12,21,6.4919166666666674
778,20230321,8928.81485898,28,6,1,0,0,0,0,1,36,4,0.1627906976744186,13,36,1.4378285714285717
779,20230322,9576.65165502,26,2,0,1,0,0,0,0,29,3,0.2368421052631578,4,29,0.7403750000000002
780,20230323,10204.98366742,15,4,1,0,0,0,0,0,20,2,0.3103448275862069,3,20,0.8036333333333333
781,20230324,10745.65759115,18,0,2,0,0,0,0,0,20,3,0.2592592592592592,3,20,3.955000000000001
782,20230327,11397.90666365,30,5,0,1,0,0,0,0,36,4,0.320754716981132,4,36,9.1574
783,20230328,10040.36744761,23,2,0,0,0,0,0,0,25,3,0.375,2,25,0.65745
784,20230329,9808.86683817,14,2,1,0,0,0,0,0,17,2,0.4848484848484848,3,17,6.97645
785,20230330,9442.45142813,16,1,1,1,0,0,0,0,19,0,0.1739130434782608,4,19,5.105566666666667
786,20230331,9530.27873419,28,0,0,1,1,0,0,0,30,0,0.2105263157894736,5,30,7.256800000000001
787,20230403,12527.71626676,39,1,0,0,0,1,0,0,41,0,0.196078431372549,6,41,5.58205
788,20230404,13244.06825677,18,4,1,0,0,0,1,0,24,1,0.3142857142857143,7,24,9.9962
789,20230406,11931.032349510002,25,2,1,0,0,0,0,1,29,7,0.2926829268292683,8,29,1.5132166666666669
790,20230407,10537.79473087,43,2,0,0,0,0,0,1,46,1,0.1481481481481481,9,46,5.850175
791,20230410,12253.92249994,13,5,0,0,0,0,0,0,18,16,0.4,2,18,-7.3093
792,20230411,10830.44546573,26,1,3,0,0,0,0,0,30,2,0.2682926829268293,3,30,7.242960000000001
793,20230412,11319.54254829,46,5,1,1,0,0,0,0,53,1,0.1451612903225806,4,53,6.83975
794,20230413,11365.927452410002,23,4,2,1,1,0,0,0,31,2,0.3111111111111111,5,31,5.566142857142856
795,20230414,11148.20259796,29,1,0,1,1,0,0,0,32,2,0.2,5,32,0.0215874999999996
796,20230417,11205.75527744,31,3,0,0,0,0,0,0,34,9,0.2608695652173913,2,34,-6.490333333333332
797,20230418,10598.08960106,13,4,0,0,0,0,0,0,17,4,0.3461538461538461,2,17,-2.0894500000000003
798,20230419,10824.44623743,24,3,0,0,0,0,0,0,27,7,0.3863636363636363,2,27,4.334275
799,20230420,11385.049313930002,30,2,1,0,0,0,0,0,33,8,0.2325581395348837,3,33,4.4343
800,20230421,12176.54641206,9,2,0,0,0,0,0,0,11,29,0.5,2,11,2.589533333333333
801,20230424,10831.42913655,32,2,1,0,0,0,0,0,35,22,0.2045454545454545,3,35,3.4672000000000005
802,20230425,11337.37381006,22,7,0,0,0,0,0,0,29,44,0.1470588235294117,2,29,-5.300833333333333
803,20230426,11220.331506079998,44,4,3,0,0,0,0,0,51,30,0.1904761904761904,3,51,4.863828571428572
804,20230427,10447.22991431,31,3,0,0,0,0,0,0,34,30,0.32,2,34,-2.63825
805,20230428,11165.4317029,90,2,0,0,0,0,0,0,92,11,0.1320754716981132,2,92,4.480066666666667
806,20230504,11713.54542301,63,18,1,0,0,0,0,0,82,11,0.1546391752577319,3,82,7.072649999999999
807,20230505,10709.70831268,29,4,5,1,0,0,0,0,39,5,0.1875,4,39,3.2891473684210526
808,20230508,11366.656570900002,45,9,1,1,1,0,0,0,57,4,0.2297297297297297,5,57,5.794379999999999
809,20230509,12215.92092504,18,4,2,0,0,0,0,0,24,10,0.5471698113207547,3,24,1.845525
810,20230510,10198.30925429,33,1,1,0,0,0,0,0,35,7,0.2553191489361702,3,35,5.110633333333333
811,20230511,8956.875676560001,42,4,1,0,0,0,0,0,47,10,0.2166666666666666,3,47,3.7955
812,20230512,8479.14671798,20,4,0,0,0,0,0,0,24,10,0.2727272727272727,2,24,-1.8955
813,20230515,9381.12089225,34,2,1,0,0,0,0,0,37,3,0.2291666666666666,3,37,-0.8775500000000003
814,20230516,8661.46133755,21,2,1,0,0,0,0,0,24,23,0.1724137931034483,3,24,4.642600000000001
815,20230517,7812.72271697,37,3,0,1,0,0,0,0,41,9,0.1458333333333333,4,41,7.535900000000001
816,20230518,8797.90756271,39,4,1,0,0,0,0,0,44,0,0.1698113207547169,3,44,1.7740249999999995
817,20230519,8478.19138799,22,4,1,1,0,0,0,0,28,0,0.3,4,28,3.92236
818,20230522,7953.17380769,30,4,1,0,1,0,0,0,36,3,0.1627906976744186,5,36,5.207783333333333
819,20230523,7656.664714809999,15,4,2,1,0,1,0,0,23,2,0.303030303030303,6,23,8.958483333333335
820,20230524,8025.34955066,34,3,2,2,0,0,1,0,42,6,0.2363636363636363,7,42,9.42895
821,20230525,8567.111377939998,34,5,2,2,2,0,0,1,46,6,0.1636363636363636,8,46,10.624925
822,20230526,8203.057426329999,40,5,1,0,0,1,0,1,48,1,0.2615384615384615,9,48,0.6868249999999999
823,20230529,9206.34891173,26,8,2,1,0,0,1,0,38,7,0.3333333333333333,7,38,7.249500000000001
824,20230530,9330.36122652,30,3,4,2,1,0,0,0,40,2,0.2857142857142857,5,40,7.32265
825,20230531,9382.91784954,35,6,0,2,1,0,0,0,44,10,0.2666666666666666,5,44,-1.15627
826,20230601,9864.16348634,32,6,3,0,2,0,0,0,43,6,0.2833333333333333,5,43,4.266555555555556
827,20230602,9404.83547378,45,7,1,0,0,0,0,0,53,6,0.2428571428571428,3,53,-3.214590909090909
828,20230605,8736.554987739999,39,2,3,1,0,0,0,0,45,3,0.1346153846153846,4,45,6.448
829,20230606,9373.35099683,29,5,1,2,0,0,0,0,37,11,0.2745098039215686,4,37,7.048466666666667
830,20230607,8143.79442483,46,6,2,0,1,0,0,0,55,1,0.1911764705882352,5,55,2.8394375
831,20230608,8593.94814178,22,5,3,1,0,0,0,0,31,10,0.3111111111111111,4,31,2.8101111111111106
832,20230609,9895.14179653,56,6,1,0,1,0,0,0,64,2,0.0985915492957746,5,64,0.9017444444444443
833,20230612,9652.88130511,46,10,3,1,0,1,0,0,61,2,0.2179487179487179,6,61,5.16725
834,20230613,9421.7613503,35,4,4,2,0,0,0,0,45,1,0.2372881355932203,4,45,4.221093333333333
835,20230614,10004.61848481,40,5,1,2,0,0,0,0,48,0,0.238095238095238,4,48,1.64524
836,20230615,10722.57063838,33,6,1,0,1,0,0,0,41,4,0.2807017543859649,5,41,-1.2700125000000004
837,20230616,10674.85129081,48,3,2,0,0,0,0,0,53,1,0.3026315789473684,3,53,1.6928625
838,20230619,11065.450299759998,35,8,1,2,0,0,0,0,46,3,0.28125,4,46,7.24178
839,20230620,10898.65659375,34,4,1,0,0,0,0,0,39,1,0.2777777777777778,3,39,0.2580099999999999
840,20230621,10218.06634507,33,5,0,0,0,0,0,0,38,17,0.3333333333333333,2,38,-0.0886600000000001
841,20230626,9770.33835969,25,8,2,0,0,0,0,0,35,25,0.3269230769230769,3,35,3.90462
842,20230627,8408.66287952,50,2,6,2,0,0,0,0,60,2,0.2307692307692307,4,60,9.1641
843,20230628,8881.10676165,26,4,0,3,1,0,0,0,34,8,0.2765957446808511,5,34,3.82815
844,20230629,8648.992362769999,47,3,1,0,1,1,0,0,53,1,0.2535211267605634,6,53,4.852625
845,20230630,9184.645599999998,45,3,1,0,0,1,0,0,50,1,0.2307692307692307,6,50,4.145033333333333
846,20230703,10244.22034677,34,7,0,1,0,0,0,0,42,10,0.2363636363636363,4,42,0.4573800000000001
847,20230704,9291.29888778,44,2,4,0,0,0,0,0,50,2,0.2537313432835821,3,50,5.902975
848,20230705,8676.73865657,19,4,0,3,0,0,0,0,26,4,0.3809523809523809,4,26,4.044483333333333
849,20230706,8197.0954253,26,3,2,0,1,0,0,0,32,2,0.3333333333333333,5,32,4.3833142857142855
850,20230707,7997.01582138,18,4,1,0,0,0,0,0,23,6,0.303030303030303,3,23,1.678983333333333
851,20230710,7612.471757579999,28,4,2,1,0,0,0,0,35,3,0.2708333333333333,4,35,1.14776
852,20230711,7734.76825551,29,3,2,1,1,0,0,0,36,1,0.2941176470588235,5,36,2.956471428571429
853,20230712,9117.78210565,23,5,1,1,0,1,0,0,31,5,0.3111111111111111,6,31,1.3814428571428572
854,20230713,9206.64367306,32,3,2,1,0,0,1,0,39,3,0.3035714285714285,7,39,4.492
855,20230714,9224.49472783,33,7,1,0,0,0,0,0,41,9,0.2115384615384615,3,41,-3.1974142857142858
856,20230717,8024.11736424,24,3,1,0,0,0,0,0,28,10,0.3777777777777777,3,28,-0.6497875
857,20230718,7769.869926849999,15,1,2,0,0,0,0,0,18,0,0.5263157894736842,3,18,4.877425000000001
858,20230719,7023.10958572,19,0,0,1,0,0,0,0,20,0,0.3103448275862069,4,20,3.794166666666666
859,20230720,7854.957442690001,22,6,0,0,1,0,0,0,29,3,0.1470588235294117,5,29,10.0
860,20230721,7107.855952000001,25,4,3,0,0,1,0,0,33,10,0.2142857142857142,6,33,2.0697142857142863
861,20230724,6587.775045570001,20,4,0,0,0,0,0,0,24,3,0.4146341463414634,2,24,-2.9619
862,20230725,9478.93553498,51,5,4,0,0,0,0,0,60,0,0.1780821917808219,3,60,9.993475
863,20230726,7919.760000040001,25,9,3,1,0,0,0,0,38,1,0.2549019607843137,4,38,3.1239777777777777
864,20230727,7798.26455145,17,6,0,1,0,0,0,0,24,3,0.4,4,24,-0.322576923076923
865,20230728,9481.06643035,43,2,2,0,0,0,0,0,47,1,0.1607142857142857,3,47,1.392571428571428
866,20230731,11049.07983689,34,9,1,2,0,0,0,0,46,0,0.3698630136986301,4,46,6.787974999999999
867,20230801,9565.04368092,30,2,0,0,1,0,0,0,33,3,0.34,5,33,-0.1931916666666664
868,20230802,8358.367620629999,17,8,0,0,0,0,0,0,25,0,0.4565217391304347,2,25,-3.215633333333333
869,20230803,8327.3311409,20,1,2,0,0,0,0,0,23,5,0.3428571428571428,3,23,-0.6265500000000003
870,20230804,10489.95857558,15,3,1,0,0,0,0,0,19,1,0.5581395348837209,3,19,4.5625
871,20230807,8899.27757031,21,7,1,0,0,0,0,0,29,5,0.064516129032258,3,29,2.22825
872,20230808,7987.6883696,28,3,1,0,0,0,0,0,32,7,0.1794871794871795,3,32,-2.9032375
873,20230809,7364.16118175,17,3,0,1,0,0,0,0,21,2,0.3225806451612903,4,21,-0.1325
874,20230810,6940.058402939999,20,1,2,0,1,0,0,0,24,2,0.2258064516129032,5,24,9.958875
875,20230811,7633.53849082,17,2,0,2,0,0,0,0,21,4,0.1923076923076923,4,21,3.35745
876,20230814,7417.46318689,21,4,0,0,0,0,0,0,25,4,0.2647058823529412,2,25,3.16235
877,20230815,7063.7167775,23,4,1,0,0,0,0,0,28,2,0.3,3,28,1.91005
878,20230816,7040.45386903,19,2,1,1,0,0,0,0,23,0,0.3428571428571428,4,23,1.35168
879,20230817,7396.003381779999,28,5,0,1,1,0,0,0,35,0,0.2045454545454545,5,35,4.0908750000000005
880,20230818,7445.22947427,22,4,1,0,1,0,0,0,28,7,0.2432432432432432,5,28,2.157771428571429
881,20230821,6781.0550319,21,8,2,0,0,1,0,0,32,4,0.238095238095238,6,32,6.500750000000001
882,20230822,8182.03213702,35,3,2,1,0,0,0,0,41,3,0.1632653061224489,4,41,1.1875090909090913
883,20230823,7057.78057655,26,7,1,1,0,0,0,0,35,7,0.1463414634146341,4,35,1.1917833333333334
884,20230824,7855.689123530001,25,5,1,1,1,0,0,0,33,11,0.34,5,33,4.174611111111111
885,20230825,7661.2705537,18,3,1,0,0,0,0,0,22,35,0.3529411764705882,3,22,-0.4987124999999999
886,20230828,11263.76372063,26,7,1,1,0,0,0,0,35,2,0.7131147540983607,4,35,1.82255
887,20230829,10369.01647917,65,5,2,0,0,0,0,0,72,1,0.25,3,72,-0.7987888888888889
888,20230830,9841.88803579,27,7,2,0,0,0,0,0,36,2,0.3333333333333333,3,36,1.6712857142857145
889,20230831,8284.89047287,24,4,3,1,0,0,0,0,32,8,0.2195121951219512,4,32,5.307411111111112
890,20230901,7450.53244556,20,2,1,1,1,0,0,0,25,0,0.4047619047619047,5,25,-0.56635
891,20230904,8846.26416157,41,4,0,1,1,1,0,0,48,2,0.238095238095238,6,48,5.17198
892,20230905,8037.153125930001,14,2,1,0,1,0,1,0,19,1,0.4722222222222222,7,19,0.5194142857142853
893,20230906,7711.53935803,31,3,1,0,0,1,0,1,37,0,0.26,8,37,7.678200000000001
894,20230907,7666.94991533,14,2,0,1,0,0,0,0,17,4,0.46875,4,17,0.3624499999999999
895,20230908,6816.897213140001,32,2,2,0,1,0,0,0,37,4,0.2745098039215686,5,37,9.999233333333336
896,20230911,8410.23540817,19,6,0,2,0,0,0,0,27,2,0.4489795918367347,4,27,-0.1284600000000001
897,20230912,7082.1210424,21,4,2,0,0,0,0,0,27,1,0.2894736842105263,3,27,0.931125
898,20230913,6980.82149404,17,3,1,1,0,0,0,0,22,0,0.3333333333333333,4,22,1.5488499999999998
899,20230914,6657.5566721,18,2,1,1,1,0,0,0,23,0,0.303030303030303,5,23,6.744400000000001
900,20230915,7215.438762850001,24,6,0,0,1,1,0,0,32,1,0.2727272727272727,6,32,3.75822
901,20230918,6984.13057648,35,4,3,0,0,0,0,0,42,8,0.2222222222222222,3,42,1.4017625000000002
902,20230919,6347.7194217900005,15,3,0,1,0,0,0,0,19,9,0.3448275862068966,4,19,-3.729785714285714
903,20230920,5731.770499629999,16,1,1,0,0,0,0,0,18,10,0.3076923076923077,3,18,-2.5199000000000003
904,20230921,5789.2748678200005,13,3,1,0,0,0,0,0,17,0,0.2608695652173913,3,17,2.8106500000000003
905,20230922,7653.250824419999,26,3,2,0,0,0,0,0,31,3,0.2439024390243902,3,31,4.101975
906,20230925,7178.290807350001,16,6,3,2,0,0,0,0,27,4,0.3414634146341463,4,27,9.99392
907,20230926,6655.51342334,23,5,1,2,2,0,0,0,33,4,0.175,5,33,2.9797454545454545
908,20230927,7164.543834360001,22,7,3,1,0,2,0,0,35,6,0.2045454545454545,6,35,4.520950000000001
909,20230928,7170.59017882,32,2,5,0,0,0,1,0,40,3,0.2307692307692307,7,40,2.9542000000000006
910,20231009,7698.376364219999,38,11,2,3,0,0,0,1,55,9,0.1791044776119403,8,55,5.5016375
911,20231010,7745.72029425,31,6,6,0,2,0,0,0,45,10,0.1964285714285714,5,45,2.191364705882353
912,20231011,8386.1358813,29,5,1,2,0,0,0,0,37,3,0.3620689655172414,4,37,0.5180357142857143
913,20231012,8311.82341617,22,3,1,0,2,0,0,0,28,3,0.4285714285714285,5,28,2.185175
914,20231013,8083.437643740001,28,4,2,0,0,2,0,0,36,0,0.25,6,36,7.32115
915,20231016,8128.04810939,43,7,1,2,0,0,1,0,54,6,0.1818181818181818,7,54,5.461399999999999
916,20231017,7352.7676059,22,4,0,0,1,0,0,1,28,6,0.391304347826087,8,28,-3.1906636363636367
917,20231018,7665.423209260001,28,6,2,0,0,0,0,1,37,6,0.1777777777777777,9,37,2.248
918,20231019,8125.21418732,18,3,3,1,0,0,0,1,26,19,0.35,10,26,4.923844444444445
919,20231020,7315.88247576,28,5,0,1,1,0,0,1,36,13,0.3076923076923077,11,36,-0.4077999999999999
920,20231023,7210.05037826,28,4,1,0,1,1,0,1,36,12,0.2340425531914893,12,36,4.939150000000001
921,20231024,8039.52902059,53,5,2,1,0,0,1,1,63,3,0.2317073170731707,13,63,5.687825
922,20231025,8736.578679,47,8,4,2,1,0,0,2,64,2,0.264367816091954,14,64,10.03439
923,20231026,8423.64667179,25,8,3,2,2,1,0,1,42,5,0.3538461538461538,9,42,3.5950882352941176
924,20231027,9642.22388912,59,5,6,2,0,2,1,0,75,2,0.2574257425742574,7,75,5.7851235294117656
925,20231030,10379.67662311,56,6,1,2,0,0,1,1,67,7,0.2872340425531915,8,67,-2.2952
926,20231031,9181.94116291,27,5,3,0,1,0,0,1,37,11,0.3620689655172414,9,37,1.3495545454545457
927,20231101,8118.234815010001,29,2,2,2,0,1,0,1,37,5,0.3620689655172414,10,37,5.2543
928,20231102,7666.8638882,20,3,1,2,1,0,1,1,29,3,0.3095238095238095,11,29,5.904187500000001
929,20231103,8094.55727802,34,3,1,0,1,0,0,1,40,2,0.2156862745098039,8,40,0.0215555555555556
930,20231106,10640.224406909998,51,5,2,1,0,0,0,1,60,1,0.2771084337349397,9,60,6.9614666666666665
931,20231107,9928.53551057,36,11,3,2,1,0,0,1,54,0,0.2285714285714285,10,54,7.405333333333331
932,20231108,10364.83360685,34,9,5,2,2,1,0,0,53,3,0.2837837837837837,6,53,2.2796444444444446
933,20231109,9622.36107685,20,5,4,1,0,1,0,0,31,17,0.4363636363636363,6,31,-1.8621368421052629
934,20231110,8273.11001619,24,5,1,2,0,0,1,0,33,14,0.34,7,33,1.5705818181818187
935,20231113,8684.852694860001,30,5,2,1,2,0,0,0,40,3,0.3442622950819672,5,40,3.4161888888888887
936,20231114,8933.787242209999,26,5,4,1,0,2,0,0,38,1,0.2083333333333333,6,38,6.61739
937,20231115,9899.19222565,41,9,3,3,0,0,1,0,57,0,0.2083333333333333,7,57,6.258066666666667
938,20231116,8505.44354046,23,3,2,1,3,0,0,0,32,4,0.3191489361702128,5,32,1.0771062500000002
939,20231117,8265.284815930001,30,8,2,1,1,2,0,0,44,1,0.3125,6,44,5.248966666666666
940,20231120,9272.45385441,43,5,6,2,1,0,2,0,59,0,0.2625,7,59,7.944564285714285
941,20231121,9979.27111131,30,12,3,5,0,0,0,2,52,1,0.35,8,52,4.93798125
942,20231122,8753.16235665,29,9,7,1,3,0,0,1,50,8,0.2063492063492063,9,50,2.745709090909091
943,20231123,8240.5751581,29,6,2,1,0,1,0,0,39,15,0.3709677419354839,6,39,-4.376890476190475
944,20231124,8131.174298350001,19,7,3,2,0,0,0,0,31,11,0.3111111111111111,4,31,2.0172
945,20231127,8285.62032357,27,2,3,2,1,0,0,0,35,19,0.2553191489361702,5,35,2.6859916666666663
946,20231128,7723.010929949999,29,5,1,3,0,0,0,0,38,11,0.2830188679245283,4,38,1.4230874999999998
947,20231129,7747.48914782,21,6,0,1,2,0,0,0,30,7,0.375,5,30,2.289855555555555
948,20231130,7729.86438788,20,2,3,0,1,1,0,0,27,1,0.325,6,27,3.0480777777777783
949,20231201,8339.40605195,40,5,1,2,0,1,1,0,50,2,0.2537313432835821,7,50,5.280957142857143
950,20231204,8510.06811943,37,10,3,1,1,0,1,1,54,2,0.1940298507462686,8,54,7.17184
951,20231205,8223.6249109,24,6,4,2,0,1,0,2,39,2,0.3035714285714285,9,39,2.7388470588235303
952,20231206,8168.85023326,28,5,1,2,1,0,1,0,38,4,0.4492753623188406,7,38,0.0111466666666669
953,20231207,8199.38304735,24,10,2,0,2,1,0,0,39,16,0.2777777777777778,6,39,2.0835099999999995
954,20231208,9615.79246854,24,6,3,0,0,0,0,0,33,13,0.34,3,33,-3.958773333333333
955,20231211,9112.94153583,33,2,2,2,0,0,0,0,39,1,0.2909090909090909,4,39,4.072655555555556
956,20231212,7873.351715549999,33,6,1,1,2,0,0,0,43,1,0.2456140350877192,5,43,5.719533333333334
957,20231213,7683.868069470001,23,6,4,0,1,2,0,0,36,1,0.3454545454545454,6,36,8.27256
958,20231214,7368.2914307,26,6,3,3,0,1,0,0,39,9,0.3157894736842105,6,39,3.441769230769232
959,20231215,7330.18790673,29,7,5,2,1,0,0,0,44,3,0.2413793103448276,5,44,3.7250076923076927
960,20231218,6925.46624963,26,7,3,0,0,0,0,0,36,12,0.2941176470588235,3,36,-3.1734533333333337
961,20231219,6426.508882360001,18,5,2,1,0,0,0,0,26,13,0.4222222222222222,4,26,-1.4093100000000005
962,20231220,6634.99857385,21,6,3,1,0,0,0,0,31,9,0.3111111111111111,4,31,6.38555
963,20231221,7323.67363083,27,5,2,1,1,0,0,0,36,4,0.28,5,36,1.77045
964,20231222,7793.290518399999,12,5,2,1,0,0,0,0,20,49,0.5348837209302325,4,20,0.1511
965,20231225,6079.88438389,26,2,4,1,0,0,0,0,33,22,0.2666666666666666,4,33,4.1142375
966,20231226,6097.91712745,28,7,0,3,1,0,0,0,39,9,0.1875,5,39,4.717228571428572
967,20231227,6367.08491688,22,2,3,0,1,1,0,0,29,17,0.3095238095238095,6,29,1.421545454545455
968,20231228,8842.445994650001,48,7,0,1,0,1,1,0,58,8,0.2054794520547945,7,58,1.8035142857142856
969,20231229,8224.5895759,42,14,5,0,0,0,1,1,63,1,0.1126760563380281,8,63,7.023439999999999
970,20240102,7875.734225880001,37,3,9,2,0,0,0,1,52,2,0.2876712328767123,9,52,4.214395238095237
971,20240103,7372.421312679999,21,8,2,3,2,0,0,0,36,7,0.3333333333333333,5,36,1.2286466666666669
972,20240104,6732.63618499,29,7,2,1,0,0,0,0,39,8,0.2909090909090909,4,39,-2.1675466666666665
973,20240105,7361.15933522,16,4,3,1,0,0,0,0,24,7,0.4418604651162791,4,24,0.9321000000000002
974,20240108,6573.431684200001,23,6,1,2,1,0,0,0,33,11,0.25,5,33,2.3801
975,20240109,6740.26068995,38,2,1,1,1,1,0,0,44,6,0.3230769230769231,6,44,0.8803899999999999
976,20240110,6467.83602517,26,9,1,1,0,0,1,0,38,11,0.2692307692307692,7,38,2.429133333333333
977,20240111,7118.76530974,44,7,4,1,0,0,0,0,56,0,0.1515151515151515,4,56,2.242433333333334
978,20240112,6765.300538399999,16,7,1,2,0,0,0,0,26,4,0.543859649122807,4,26,-0.9979333333333332
979,20240115,6107.76797929,27,5,3,0,1,0,0,0,36,4,0.3684210526315789,5,36,2.9993333333333334
980,20240116,6846.580205220001,23,4,3,1,0,1,0,0,32,3,0.3333333333333333,6,32,4.077155555555556
981,20240117,6373.145409389999,23,7,2,0,0,0,1,0,33,8,0.2325581395348837,7,33,0.6826666666666664
982,20240118,8645.259265109999,27,7,3,0,0,0,0,1,38,8,0.1914893617021276,8,38,0.9931500000000002
983,20240119,6664.79705814,29,5,3,2,0,0,0,1,40,23,0.3548387096774194,9,40,2.5895272727272727
984,20240122,7937.882285680001,11,1,0,3,1,0,0,1,17,70,0.4516129032258064,10,17,1.250481818181818
985,20240123,7039.763086850001,37,3,0,0,2,1,0,1,44,26,0.2786885245901639,11,44,4.8047
986,20240124,7664.161816400001,55,17,1,0,0,0,1,0,74,3,0.2952380952380952,7,74,-1.475014285714286
987,20240125,8908.51536985,72,20,13,1,0,0,0,0,106,3,0.1311475409836065,4,106,6.712368421052632
988,20240126,8281.46810676,34,5,10,11,1,0,0,0,61,7,0.3146067415730337,5,61,6.537394117647059
989,20240129,8047.813565350001,17,1,1,3,6,0,0,0,28,52,0.4509803921568627,5,28,-0.7209185185185186
990,20240130,6632.411733310001,18,2,0,0,1,2,0,0,23,63,0.3611111111111111,6,23,-4.533709090909091
991,20240131,7579.470970120001,23,3,1,0,0,0,1,0,28,128,0.3333333333333333,7,28,-1.86028
992,20240201,7027.20740058,24,4,1,0,0,0,0,1,30,47,0.3023255813953488,8,30,-1.992680000000001
993,20240202,8052.90040878,21,4,1,1,0,0,0,0,27,46,0.5263157894736842,4,27,9.981633333333331
994,20240205,8769.190381150001,15,2,2,1,0,0,0,0,20,1000,0.3333333333333333,4,20,10.002925
995,20240206,9259.80574354,137,4,1,1,1,0,0,0,144,85,0.3846153846153846,5,144,11.660283333333332
996,20240207,10216.308939720002,62,30,3,0,1,0,0,0,96,242,0.3846153846153846,5,96,10.299651515151515
997,20240208,10171.18909594,486,9,8,1,0,1,0,0,505,2,0.1440677966101695,6,505,10.556373684210527
998,20240219,9570.0617627,165,70,2,1,0,0,1,0,239,0,0.1494661921708185,7,239,10.412477027027029
999,20240220,7891.97553819,54,35,14,1,0,0,0,1,105,0,0.16,8,105,11.367335294117645
1000,20240221,9799.17618155,110,4,11,5,1,0,0,1,132,0,0.3497536945812808,9,132,11.823327272727273
1001,20240222,8221.31818342,58,7,1,7,3,1,0,1,78,0,0.2909090909090909,10,78,10.496664999999998
1002,20240223,9215.14019218,80,19,4,1,5,3,1,1,114,0,0.1739130434782608,11,114,11.48261176470588
1003,20240226,9887.47011746,73,12,8,4,1,5,2,2,107,0,0.2517482517482518,12,107,11.185958823529411
1004,20240227,9897.12300878,65,18,6,4,2,1,2,2,100,1,0.1735537190082644,13,100,11.201358823529413
1005,20240228,13563.081185939998,19,5,4,2,0,0,0,2,32,272,0.6893203883495146,8,32,10.784253846153849
1006,20240229,10523.03618497,92,10,3,1,1,0,0,0,107,1,0.183206106870229,5,107,10.684246666666668
1007,20240301,10549.84745786,43,20,4,3,0,1,0,0,71,3,0.3173076923076923,6,71,10.360471428571428
1008,20240304,10767.90951325,58,8,4,1,2,0,0,0,73,4,0.284313725490196,5,73,9.99106
1009,20240305,10667.51185314,35,8,2,1,1,1,0,0,48,2,0.3333333333333333,6,48,9.996353846153848
1010,20240306,9315.17214043,70,9,2,1,1,1,1,0,85,0,0.2129629629629629,7,85,10.655226666666666
1011,20240307,9814.08613964,49,7,8,1,1,0,0,0,66,3,0.3653846153846153,5,66,11.77409411764706
1012,20240308,8604.37406496,50,8,1,4,0,0,0,0,63,2,0.3,4,63,9.996715384615383
1013,20240311,10055.06525044,65,14,3,0,3,0,0,0,85,0,0.2735042735042735,5,85,10.005415
1014,20240312,11449.182555690002,57,10,5,1,0,2,0,0,75,0,0.3303571428571428,6,75,10.582788888888889
1015,20240313,10544.82915541,41,8,4,2,0,0,2,0,57,0,0.3372093023255814,7,57,10.0218375
1016,20240314,10070.37738841,33,3,2,1,1,0,0,1,41,2,0.3880597014925373,8,41,9.99755
1017,20240315,9442.39387582,56,14,0,2,1,0,0,1,74,1,0.1685393258426966,9,74,10.55732777777778
1018,20240318,11376.15810764,66,12,5,0,2,0,0,1,86,1,0.2252252252252252,10,86,10.505995
1019,20240319,10777.3810531,50,8,2,2,0,2,0,1,65,0,0.2857142857142857,11,65,10.021913333333336
1020,20240320,9997.85585739,57,13,5,2,1,0,2,1,81,0,0.198019801980198,12,81,10.006345833333333
1021,20240321,10674.28609475,47,14,3,3,1,0,0,3,71,2,0.268041237113402,13,71,10.430333333333332
1022,20240322,10970.2439449,43,9,5,0,1,1,0,0,59,10,0.313953488372093,6,59,11.23390625
1023,20240325,10431.64503778,29,7,4,1,0,0,1,0,42,27,0.4084507042253521,7,42,10.007576923076924
1024,20240326,9558.36234328,46,7,5,2,1,0,0,0,61,11,0.2823529411764706,5,61,10.672433333333334
1025,20240327,8886.943625799999,32,5,1,4,1,1,0,0,44,37,0.3623188405797101,6,44,9.983883333333331
1026,20240328,9320.61540696,66,5,2,0,2,1,1,0,77,2,0.3304347826086956,7,77,9.996772727272727
