,date,>100,80-100,60-80,50-60,40-50,30-40,20-30,all,bar,sump,w_sump
0,20200207,9,12,27,25,44,83,144,344,344.0,0.0,0.0
1,20200210,7,10,26,24,46,74,139,326,335.0,0.5,0.5
2,20200211,5,10,17,17,39,66,116,270,323.4666666666667,0.1666666666666666,0.3333333333333333
3,20200212,8,12,13,24,36,74,112,279,302.95,1.625,0.75
4,20200213,5,10,26,18,29,79,139,306,305.8,2.4,0.8
5,20200214,5,10,14,20,24,64,120,257,293.4,1.0833333333333337,0.5
6,20200217,8,7,24,25,26,79,160,329,305.11428571428576,3.571428571428572,0.8571428571428572
7,20200218,9,11,19,22,36,87,153,337,314.0,4.1875,0.875
8,20200219,6,9,19,21,31,77,135,298,305.82222222222225,2.277777777777778,0.5555555555555556
9,20200220,8,7,17,20,39,74,163,328,314.28000000000003,3.0000000000000004,0.7
10,20200221,8,8,21,27,40,93,168,365,323.3272727272728,5.090909090909091,0.9090909090909092
11,20200224,10,5,42,28,50,112,198,445,326.33333333333337,5.5,0.9166666666666666
12,20200225,10,13,28,32,55,111,203,452,329.10769230769233,6.307692307692308,0.9230769230769232
13,20200226,9,7,14,20,53,71,160,334,329.51428571428573,2.6428571428571432,0.5
14,20200227,6,9,13,16,34,64,175,317,328.8933333333334,1.8333333333333333,0.3333333333333333
15,20200228,8,9,9,16,23,57,144,266,327.26250000000005,0.875,0.1875
16,20200302,14,9,37,61,98,218,454,891,334.68235294117653,5.970588235294119,0.8823529411764706
17,20200303,16,12,45,46,114,279,596,1108,343.3777777777778,6.444444444444445,0.9444444444444444
18,20200304,13,13,35,36,98,231,542,968,349.7263157894737,6.105263157894735,0.8421052631578947
19,20200305,17,7,27,36,78,204,520,889,356.29,4.874999999999999,0.65
20,20200306,19,7,16,33,68,157,415,715,360.7619047619048,4.19047619047619,0.6190476190476191
21,20200309,10,12,13,16,41,75,249,416,361.4909090909091,3.1590909090909087,0.5
22,20200310,12,9,20,19,55,130,338,583,363.7130434782609,4.021739130434782,0.5652173913043479
23,20200311,10,10,16,20,31,94,244,425,366.1333333333334,3.270833333333333,0.5
24,20200312,10,7,24,19,33,92,225,410,368.464,2.9400000000000004,0.4
25,20200313,8,10,19,17,41,100,221,416,376.4769230769231,3.5384615384615383,0.5384615384615384
26,20200316,7,4,13,8,20,41,96,189,366.037037037037,0.0925925925925925,0.037037037037037
27,20200317,7,2,8,11,19,36,77,160,361.1357142857144,0.0357142857142857,0.0357142857142857
28,20200318,7,3,7,9,14,30,60,130,356.1724137931035,0.0689655172413792,0.0689655172413793
29,20200319,6,2,7,8,14,25,64,126,352.92666666666673,0.1000000000000002,0.1333333333333333
30,20200320,5,2,5,9,17,23,83,144,349.9290322580645,0.338709677419355,0.1935483870967742
31,20200323,2,3,3,8,7,19,53,95,345.9375,0.140625,0.15625
32,20200324,2,2,2,4,8,24,48,90,342.0363636363636,0.1363636363636362,0.1515151515151515
33,20200325,3,4,1,6,9,31,70,124,340.0470588235294,0.6029411764705883,0.2941176470588235
34,20200326,3,2,2,6,7,21,70,111,338.07428571428574,0.3714285714285713,0.2571428571428571
35,20200327,3,2,0,8,18,33,93,157,336.0444444444445,1.0,0.3611111111111111
36,20200330,3,2,2,5,9,22,57,100,333.772972972973,0.4459459459459458,0.2702702702702703
37,20200331,3,1,1,5,13,14,58,95,328.75263157894733,0.3289473684210526,0.2105263157894736
38,20200401,0,2,4,2,8,13,35,64,323.6461538461539,0.358974358974359,0.2564102564102564
39,20200402,0,2,3,3,5,11,30,54,317.765,0.3125,0.1999999999999999
40,20200403,2,0,2,4,8,11,36,63,312.0,0.3536585365853659,0.2682926829268293
41,20200407,3,0,4,7,12,23,58,107,307.70952380952383,1.119047619047619,0.4761904761904761
42,20200408,2,0,5,7,5,17,56,92,303.4,0.802325581395349,0.3953488372093023
43,20200409,2,0,3,9,9,13,69,105,294.8,1.227272727272727,0.5
44,20200410,2,0,2,7,8,17,53,89,286.17333333333335,0.7666666666666666,0.3777777777777777
45,20200413,1,3,2,6,7,26,64,109,281.67826086956524,1.4782608695652173,0.5217391304347826
46,20200414,2,3,6,8,9,39,128,195,277.5872340425532,2.5319148936170217,0.6170212765957447
47,20200415,3,4,6,5,12,43,130,203,275.55,2.520833333333333,0.6041666666666667
48,20200416,3,5,3,6,21,61,151,250,273.72244897959183,2.8265306122448983,0.653061224489796
49,20200417,3,2,5,9,16,56,142,233,269.836,2.74,0.64
50,20200420,2,4,6,8,21,50,126,217,265.8980392156863,2.8921568627450984,0.6666666666666667
51,20200421,1,4,12,9,31,67,212,336,269.63076923076926,3.942307692307693,0.7884615384615384
52,20200422,3,4,14,8,27,61,189,306,273.24528301886795,3.650943396226416,0.7735849056603774
53,20200423,2,6,12,9,19,42,128,218,269.33333333333337,3.092592592592593,0.6851851851851851
54,20200424,1,4,6,8,13,34,102,168,265.2509090909091,2.409090909090909,0.5272727272727273
55,20200427,1,2,4,8,14,41,108,178,262.0214285714286,2.205357142857143,0.4821428571428571
56,20200428,0,0,10,3,21,46,135,215,258.9368421052632,2.394736842105264,0.5087719298245614
57,20200429,0,1,4,8,12,45,116,186,251.76206896551727,2.1379310344827585,0.4655172413793104
58,20200430,0,2,5,10,15,52,179,263,258.46101694915257,3.169491525423729,0.728813559322034
59,20200506,1,1,8,5,12,52,166,245,256.30333333333334,2.583333333333333,0.5833333333333333
60,20200507,1,1,4,9,22,56,180,273,258.2426229508197,3.19672131147541,0.7377049180327868
61,20200508,1,1,4,1,15,43,123,188,255.90967741935484,1.9112903225806448,0.4354838709677419
62,20200511,2,2,4,2,15,46,114,185,253.57777777777773,2.047619047619048,0.4444444444444444
63,20200512,1,3,4,5,13,43,108,177,248.43125000000003,2.125,0.453125
64,20200513,3,0,9,10,22,85,163,292,253.2492307692308,3.7538461538461534,0.8153846153846154
65,20200514,2,4,8,12,24,79,186,315,255.33636363636364,4.348484848484849,0.8787878787878788
66,20200515,3,3,5,9,27,57,145,249,256.42388059701494,3.477611940298507,0.7462686567164178
67,20200518,4,2,8,8,30,63,138,253,256.7264705882353,3.367647058823529,0.7352941176470589
68,20200519,5,4,7,15,33,67,164,295,257.1536231884058,4.231884057971015,0.8695652173913043
69,20200520,5,2,13,11,22,55,135,243,256.6314285714286,3.407142857142857,0.7285714285714286
70,20200521,5,1,10,9,14,43,104,186,255.9521126760564,2.45774647887324,0.5070422535211268
71,20200522,4,3,7,9,13,46,92,174,254.04722222222225,2.548611111111111,0.5416666666666667
72,20200525,2,3,6,6,14,43,85,159,252.1095890410959,2.171232876712329,0.4246575342465754
73,20200526,3,2,9,14,18,54,108,208,251.1135135135136,3.108108108108108,0.6621621621621622
74,20200527,5,6,9,12,20,53,128,233,250.1893333333333,3.6866666666666665,0.8
75,20200528,5,2,14,6,20,46,145,238,248.08157894736843,3.171052631578948,0.6842105263157895
76,20200529,8,8,7,13,28,74,191,329,250.212987012987,4.733766233766233,0.8961038961038961
77,20200601,11,8,13,25,49,94,256,456,251.4666666666667,5.820512820512821,0.935897435897436
78,20200602,10,6,19,9,31,75,192,342,252.42025316455693,4.930379746835443,0.8987341772151899
79,20200603,12,8,12,9,28,62,134,265,253.9775,4.043749999999999,0.8125
80,20200604,11,9,14,15,23,62,156,290,255.59753086419755,4.530864197530864,0.8641975308641976
81,20200605,10,4,13,15,25,56,128,251,255.9219512195122,3.829268292682927,0.7682926829268293
82,20200608,7,7,9,12,23,49,129,236,255.41204819277112,3.626506024096385,0.7228915662650602
83,20200609,7,9,8,14,21,41,138,238,253.70952380952383,3.595238095238096,0.7142857142857143
84,20200610,7,4,11,11,21,45,121,220,251.9670588235294,3.241176470588236,0.6352941176470588
85,20200611,8,5,9,15,24,45,120,226,251.04186046511632,3.470930232558139,0.6744186046511628
86,20200612,10,4,11,13,24,52,128,242,250.15632183908048,3.6321839080459775,0.735632183908046
87,20200615,9,4,11,19,29,50,153,275,250.9477272727273,4.221590909090909,0.8409090909090909
88,20200616,8,6,17,13,32,53,158,287,251.76629213483147,4.550561797752809,0.8764044943820225
89,20200617,8,4,25,14,26,66,201,344,253.51111111111112,4.944444444444444,0.9111111111111112
90,20200618,5,6,17,18,25,76,179,326,255.21318681318684,4.994505494505495,0.912087912087912
91,20200619,5,5,21,28,30,110,255,454,255.9913043478261,5.771739130434783,0.9347826086956522
92,20200622,6,6,20,29,50,93,274,478,256.81290322580645,5.989247311827957,0.956989247311828
93,20200623,5,1,21,23,33,86,248,417,257.4957446808511,5.1063829787234045,0.9042553191489362
94,20200624,2,5,22,22,38,96,225,410,258.15789473684214,5.626315789473685,0.9157894736842104
95,20200629,3,6,20,28,40,106,231,434,259.2645833333333,5.817708333333333,0.9270833333333334
96,20200630,5,6,21,18,50,118,247,465,260.42886597938144,5.793814432989692,0.9175257731958762
97,20200701,4,7,16,18,35,70,195,345,262.1408163265306,5.061224489795918,0.8571428571428572
98,20200702,4,6,18,18,30,70,201,347,263.8545454545455,4.9393939393939394,0.8282828282828283
99,20200703,4,9,15,16,34,87,246,411,266.494,5.37,0.88
100,20200706,9,5,19,19,59,142,343,596,269.4950495049505,5.821782178217822,0.9405940594059404
101,20200707,9,8,25,32,73,128,392,667,271.02352941176474,6.352941176470589,0.9803921568627452
102,20200708,11,14,34,36,92,190,473,850,272.8932038834952,6.728155339805825,0.9902912621359224
103,20200709,13,16,44,55,107,239,596,1070,274.7653846153846,6.8798076923076925,0.9903846153846154
104,20200710,17,16,42,61,114,236,564,1050,276.57142857142856,6.838095238095239,0.9809523809523808
105,20200713,17,20,58,89,160,357,756,1457,280.3188679245283,6.933962264150944,0.9905660377358492
106,20200714,17,18,53,73,157,340,732,1390,283.90093457943925,6.869158878504672,0.97196261682243
107,20200715,12,13,41,55,121,263,566,1071,286.4555555555556,6.671296296296297,0.9444444444444444
108,20200716,9,3,21,26,49,129,318,555,288.0385321100917,5.344036697247706,0.8073394495412844
109,20200717,7,5,24,18,56,157,313,580,289.26,5.472727272727273,0.8181818181818181
110,20200720,9,12,27,38,88,205,421,800,290.8702702702703,6.3423423423423415,0.9189189189189187
111,20200721,10,16,19,44,82,182,429,782,293.2339285714286,6.183035714285715,0.9017857142857144
112,20200722,14,10,28,40,88,202,439,821,295.6530973451328,6.265486725663717,0.9026548672566372
113,20200723,16,11,34,52,89,192,431,825,299.66491228070174,6.31578947368421,0.912280701754386
114,20200724,16,6,22,30,59,138,313,584,303.2434782608696,5.556521739130435,0.8
115,20200727,16,9,25,25,65,151,343,634,304.90172413793107,5.767241379310345,0.8103448275862069
116,20200728,12,10,22,24,60,145,317,590,306.4769230769231,5.696581196581196,0.8034188034188035
117,20200729,12,18,25,33,72,172,368,700,307.8322033898305,6.13135593220339,0.8813559322033898
118,20200730,17,13,31,25,79,136,322,623,309.0487394957984,5.945378151260504,0.8487394957983193
119,20200731,19,13,40,36,68,140,328,644,310.6933333333333,6.083333333333333,0.8666666666666667
120,20200803,19,13,34,41,80,129,287,603,312.26280991735536,6.008264462809917,0.859504132231405
121,20200804,16,13,27,36,58,121,248,519,313.688524590164,5.704918032786885,0.7786885245901639
122,20200805,16,12,31,28,60,118,246,511,315.0975609756098,5.585365853658535,0.7560975609756098
123,20200806,13,6,29,28,39,88,193,396,318.3177419354839,4.766129032258065,0.6451612903225806
124,20200807,13,8,20,25,51,97,195,409,321.5584,4.791999999999999,0.648
125,20200810,10,9,16,11,36,75,148,305,321.03333333333336,3.765873015873016,0.5396825396825398
126,20200811,9,7,12,17,22,56,144,267,320.4503937007874,3.1220472440944884,0.3937007874015747
127,20200812,5,7,14,10,31,67,141,275,317.4828125,3.33203125,0.4453125
128,20200813,5,7,18,34,47,93,227,431,320.35968992248064,4.872093023255815,0.6589147286821706
129,20200814,4,5,26,16,44,112,215,422,320.82153846153847,4.588461538461539,0.6307692307692307
130,20200817,4,4,20,22,31,94,167,342,321.1603053435115,4.0534351145038165,0.5725190839694656
131,20200818,6,5,17,19,38,96,199,380,321.1575757575758,4.242424242424242,0.6060606060606061
132,20200819,4,5,11,20,33,77,146,296,321.02857142857147,3.518796992481203,0.4661654135338345
133,20200820,3,2,11,18,26,55,151,266,320.45671641791046,2.723880597014925,0.3208955223880597
134,20200821,3,4,15,23,50,84,229,408,320.8977777777778,4.311111111111112,0.6148148148148148
135,20200824,5,4,17,20,56,86,269,457,321.01029411764705,4.5588235294117645,0.6397058823529411
136,20200825,7,5,6,20,44,85,213,380,321.0087591240876,3.908759124087591,0.5401459854014599
137,20200826,6,4,10,9,22,57,127,235,320.7971014492754,2.242753623188406,0.2391304347826086
138,20200827,3,7,11,15,25,59,150,270,320.6388489208633,3.10431654676259,0.3669064748201439
139,20200828,4,3,10,15,26,48,168,274,320.0885714285714,2.717857142857143,0.3142857142857143
140,20200831,3,4,13,12,15,44,125,216,319.4581560283688,2.095744680851064,0.2056737588652482
141,20200901,5,5,13,13,19,61,132,248,316.4760563380282,2.647887323943662,0.3169014084507042
142,20200902,9,5,5,20,29,51,130,249,313.4979020979021,2.7062937062937062,0.3216783216783216
143,20200903,6,5,12,18,19,48,120,228,312.4930555555556,2.451388888888889,0.2708333333333333
144,20200904,6,5,19,16,28,53,159,286,311.57103448275865,3.382758620689655,0.4620689655172414
145,20200907,8,12,17,13,25,57,127,259,311.013698630137,3.3253424657534247,0.4452054794520548
146,20200908,16,14,21,19,47,69,175,361,311.3972789115646,4.744897959183674,0.6802721088435374
147,20200909,7,7,19,16,25,43,150,267,310.8540540540541,3.2297297297297303,0.4256756756756756
148,20200910,5,2,2,11,13,20,64,117,310.1114093959732,0.8791946308724833,0.1342281879194631
149,20200911,2,4,5,10,17,23,88,149,308.616,1.376666666666667,0.1666666666666666
150,20200914,5,5,12,13,21,34,88,178,307.1629139072848,2.029801324503312,0.1986754966887417
151,20200915,7,2,8,9,21,36,83,166,306.09736842105264,1.4046052631578947,0.1710526315789473
152,20200916,7,6,10,7,20,50,82,182,305.0562091503268,1.918300653594771,0.2026143790849672
153,20200917,7,5,9,11,29,45,101,207,303.65064935064936,2.2954545454545454,0.2662337662337662
154,20200918,4,5,7,11,30,41,95,193,302.22967741935486,2.1483870967741936,0.2387096774193549
155,20200921,4,3,9,8,19,36,92,171,301.58333333333337,1.4519230769230766,0.1730769230769231
156,20200922,6,2,6,5,13,26,65,123,300.8789808917198,0.82484076433121,0.1210191082802547
157,20200923,3,5,9,9,16,38,91,171,297.83924050632913,1.7594936708860758,0.1962025316455696
158,20200924,0,1,5,8,8,12,53,87,294.696855345912,0.5157232704402515,0.10062893081761
159,20200925,1,0,3,5,12,12,29,62,292.7275,0.2812499999999999,0.05
160,20200928,1,0,2,3,12,6,31,55,290.7540372670808,0.2111801242236026,0.0496894409937888
161,20200929,1,0,2,2,6,11,24,46,290.3740740740741,0.1080246913580248,0.0308641975308642
162,20200930,1,0,2,1,5,12,23,44,289.9963190184049,0.1165644171779141,0.0368098159509202
163,20201009,2,1,5,7,11,17,43,86,289.2743902439025,0.676829268292683,0.1341463414634146
164,20201012,1,4,10,9,11,19,56,110,288.5854545454546,1.4333333333333331,0.206060606060606
165,20201013,1,5,7,12,15,25,86,151,287.94939759036146,1.8915662650602407,0.2409638554216867
166,20201014,4,1,12,10,17,29,83,156,287.3221556886228,1.6676646706586826,0.2275449101796407
167,20201015,4,1,9,13,19,54,116,216,285.9690476190476,2.226190476190476,0.3095238095238095
168,20201016,7,6,16,18,33,73,186,339,287.1633136094675,4.340236686390533,0.680473372781065
169,20201019,10,4,12,10,21,46,137,240,285.84117647058827,2.694117647058824,0.3941176470588236
170,20201020,9,3,6,12,18,39,130,217,284.493567251462,2.125730994152047,0.2807017543859649
171,20201021,5,1,12,8,16,29,95,166,284.28837209302327,1.5784883720930232,0.2151162790697675
172,20201022,5,2,12,4,14,32,82,151,284.0682080924856,1.3959537572254337,0.1907514450867051
173,20201023,4,2,7,7,8,24,61,113,282.60689655172416,1.011494252873563,0.1666666666666666
174,20201026,5,0,9,6,10,30,68,128,281.1657142857144,1.0457142857142858,0.1714285714285713
175,20201027,4,2,8,8,7,27,87,143,280.94431818181823,1.2613636363636362,0.1931818181818182
176,20201028,5,4,9,4,17,38,114,191,280.77966101694915,1.9011299435028248,0.2655367231638418
177,20201029,5,5,5,4,13,33,97,162,280.18426966292134,1.5674157303370788,0.2303370786516854
178,20201030,6,2,10,7,12,31,107,175,279.6055865921788,1.611731843575419,0.2402234636871508
179,20201102,5,5,16,5,24,54,151,260,279.52333333333337,3.1916666666666664,0.5111111111111111
180,20201103,6,4,17,14,29,79,199,348,279.53922651933703,4.251381215469613,0.6906077348066298
181,20201104,6,3,10,20,30,76,189,334,279.93956043956047,4.0,0.6428571428571428
182,20201105,8,3,15,22,35,97,230,410,280.42295081967217,4.6775956284153,0.7322404371584699
183,20201106,6,0,8,9,16,47,157,243,279.92391304347825,2.252717391304348,0.342391304347826
184,20201109,7,0,4,10,14,47,127,209,279.3891891891892,1.7837837837837838,0.254054054054054
185,20201110,6,1,1,6,11,36,101,162,279.20537634408606,1.021505376344086,0.1612903225806451
186,20201111,4,2,1,3,7,26,95,138,278.99786096256685,0.804812834224599,0.1336898395721925
187,20201112,3,2,3,8,6,35,103,160,278.41595744680853,1.2340425531914891,0.1914893617021277
188,20201113,3,2,3,4,13,45,99,169,277.8455026455026,1.3624338624338623,0.201058201058201
189,20201116,3,3,2,10,25,51,120,214,276.9242105263158,2.368421052631579,0.3736842105263158
190,20201117,3,1,6,11,21,31,101,174,275.9623036649215,1.856020942408377,0.2774869109947644
191,20201118,3,4,7,14,21,39,110,198,274.62708333333336,2.5234375000000004,0.4114583333333333
192,20201119,1,5,6,9,21,46,108,196,273.2911917098445,2.492227979274612,0.4041450777202072
193,20201120,2,2,8,14,32,56,161,275,274.43814432989694,3.407216494845361,0.5773195876288659
194,20201123,2,1,18,15,25,76,174,311,275.6225641025641,3.830769230769232,0.6461538461538461
195,20201124,1,5,13,15,32,62,188,316,276.4122448979592,4.211734693877551,0.6887755102040816
196,20201125,2,0,10,13,14,53,142,234,275.51878172588835,2.527918781725888,0.4111675126903553
197,20201126,1,2,3,16,17,47,127,213,274.2050505050505,2.3181818181818183,0.3636363636363636
198,20201127,1,0,9,14,20,52,175,271,275.35075376884424,2.939698492462312,0.4773869346733668
199,20201130,1,3,6,15,17,46,166,254,274.08000000000004,2.8975,0.475
200,20201201,2,2,5,13,15,39,146,222,272.7781094527363,2.300995024875622,0.3582089552238806
201,20201202,2,2,9,7,19,41,136,216,272.2712871287129,2.2103960396039604,0.3316831683168316
202,20201203,3,0,5,6,13,30,100,157,271.7073891625616,1.0985221674876846,0.167487684729064
203,20201204,1,2,4,4,16,48,93,168,270.7558823529412,1.5269607843137258,0.2254901960784313
204,20201207,1,1,7,2,16,30,81,138,269.7765853658537,1.1414634146341465,0.175609756097561
205,20201208,1,2,3,6,15,21,95,143,268.40388349514564,1.172330097087379,0.1796116504854369
206,20201209,1,2,3,7,10,33,91,147,267.0367149758454,1.171497584541063,0.178743961352657
207,20201210,1,0,4,3,10,34,86,138,266.46250000000003,0.846153846153846,0.1298076923076923
208,20201211,1,0,4,4,9,30,69,117,265.8698564593301,0.7320574162679425,0.1100478468899521
209,20201214,1,1,4,2,9,30,80,127,264.8885714285715,0.8142857142857143,0.1285714285714285
210,20201215,0,2,3,4,13,23,95,140,263.92132701421804,1.1018957345971565,0.1800947867298578
211,20201216,2,0,6,3,7,33,83,134,263.35,0.9056603773584904,0.150943396226415
212,20201217,2,2,5,6,8,30,87,140,262.78591549295777,1.220657276995305,0.2065727699530516
213,20201218,2,2,3,5,7,27,76,122,262.2065420560748,0.8995327102803738,0.1495327102803738
214,20201221,2,2,6,2,12,34,92,150,261.65488372093023,1.369767441860465,0.2325581395348837
215,20201222,2,2,4,6,9,26,87,136,261.4916666666667,1.1666666666666663,0.199074074074074
216,20201223,3,3,6,9,23,37,125,206,261.394470046083,2.569124423963133,0.4654377880184331
217,20201224,5,0,8,6,15,55,119,208,260.90000000000003,2.1490825688073394,0.3623853211009175
218,20201225,4,3,8,14,19,57,106,211,260.40913242009134,2.984018264840182,0.5296803652968036
219,20201228,5,2,14,13,30,62,102,228,259.13454545454545,3.420454545454546,0.6181818181818182
220,20201229,5,1,7,6,22,43,76,160,257.79909502262444,1.823529411764706,0.2986425339366516
221,20201230,6,2,8,10,34,35,83,178,256.8810810810811,2.515765765765766,0.4414414414414415
222,20201231,4,4,11,16,34,38,90,197,255.9811659192825,3.2466367713004485,0.5874439461883407
223,20210104,5,4,23,19,31,57,108,247,256.7267857142857,4.167410714285714,0.7142857142857143
224,20210105,4,3,17,24,28,59,114,249,257.4746666666667,4.006666666666667,0.6977777777777778
225,20210106,5,3,15,19,28,54,117,241,256.61592920353985,3.769911504424779,0.6725663716814159
226,20210107,5,3,21,24,37,61,138,289,257.4,4.561674008810572,0.775330396475771
227,20210108,5,4,18,21,25,54,114,241,256.5421052631579,3.9254385964912286,0.6842105263157895
228,20210111,3,8,9,18,25,64,127,254,257.29606986899563,4.069868995633188,0.7117903930131004
229,20210112,3,8,8,16,37,58,128,258,258.05391304347825,4.152173913043479,0.7130434782608696
230,20210113,2,7,8,17,32,49,120,235,257.1922077922078,3.757575757575758,0.6536796536796536
231,20210114,0,2,11,10,21,45,108,197,256.298275862069,2.6508620689655173,0.4655172413793104
232,20210115,2,0,7,11,18,45,99,182,255.3922746781116,2.083690987124464,0.3218884120171673
233,20210118,3,0,6,10,30,69,115,233,255.33076923076925,2.8440170940170937,0.4957264957264957
234,20210119,3,0,3,5,16,49,98,174,255.2195744680851,1.5234042553191491,0.2468085106382979
235,20210120,3,0,6,12,23,77,140,261,255.18305084745765,3.154661016949152,0.5423728813559322
236,20210121,2,0,11,7,27,74,147,268,255.1527426160337,3.274261603375528,0.5822784810126582
237,20210122,2,1,10,13,39,83,153,301,255.95042016806724,4.010504201680672,0.7016806722689075
238,20210125,2,2,8,14,27,69,156,278,256.72887029288705,3.725941422594143,0.6527196652719665
239,20210126,2,2,9,8,26,61,146,254,257.4875,3.2729166666666667,0.575
240,20210127,3,3,10,14,35,81,148,294,258.2796680497926,4.238589211618257,0.7510373443983402
241,20210128,0,5,5,7,13,60,110,200,257.39421487603306,2.495867768595041,0.4132231404958677
242,20210129,0,3,6,6,15,34,93,157,256.4740740740741,1.740740740740741,0.2674897119341564
243,20210201,1,1,10,6,15,38,91,162,255.55901639344265,1.7602459016393444,0.2745901639344262
244,20210202,1,2,7,8,17,45,99,179,254.6587755102041,2.128571428571429,0.3346938775510204
245,20210203,2,1,7,9,19,52,93,183,254.56260162601623,2.1971544715447155,0.3536585365853658
246,20210204,2,1,6,11,27,37,110,194,254.4761133603239,2.392712550607288,0.3967611336032388
247,20210205,1,1,3,7,16,46,86,160,253.96290322580649,1.5181451612903225,0.2338709677419355
248,20210208,1,1,7,4,18,57,113,201,253.4835341365462,2.1927710843373496,0.3534136546184738
249,20210209,2,1,6,8,31,45,130,223,253.02240000000003,2.68,0.476
250,20210210,1,3,6,15,31,73,130,259,253.390438247012,3.758964143426295,0.6733067729083666
251,20210218,1,2,10,18,36,75,158,300,253.79126984126984,4.35515873015873,0.7817460317460317
252,20210219,2,1,11,15,37,75,158,299,254.1913043478261,4.16600790513834,0.7312252964426877
253,20210222,2,2,8,9,30,61,146,258,254.15905511811025,3.444881889763779,0.6141732283464567
254,20210223,3,5,6,14,22,48,165,263,254.13098039215689,3.641176470588235,0.6470588235294117
255,20210224,2,4,7,4,17,41,122,197,254.0515625,2.314453125,0.3828125
256,20210225,1,2,6,6,19,36,96,166,253.9486381322957,1.8073929961089497,0.2723735408560311
257,20210226,1,2,3,8,10,34,103,161,253.44263565891472,1.494186046511628,0.2248062015503875
258,20210301,2,4,6,8,22,53,152,247,253.80386100386104,3.206563706563707,0.5637065637065637
259,20210302,1,2,7,10,23,41,170,254,253.77076923076925,3.128846153846154,0.5384615384615384
260,20210303,3,4,10,14,19,60,178,288,253.76398467432952,4.009578544061302,0.7126436781609196
261,20210304,2,7,12,10,22,56,195,304,254.569465648855,4.311068702290076,0.7748091603053435
262,20210305,2,5,11,7,20,68,232,345,255.4060836501901,4.140684410646387,0.7300380228136882
263,20210308,5,1,10,7,23,62,175,283,256.1954545454546,3.386363636363636,0.5984848484848485
264,20210309,1,3,8,8,17,39,120,196,255.3192452830189,2.439622641509434,0.4037735849056604
265,20210310,2,0,9,5,20,43,112,191,254.43984962406017,2.009398496240601,0.2969924812030075
266,20210311,3,4,9,14,24,73,229,356,255.2846441947565,4.460674157303371,0.7940074906367041
267,20210312,7,4,7,20,38,93,315,484,256.22462686567167,5.098880597014925,0.8619402985074627
268,20210315,6,3,13,18,34,116,324,514,257.185873605948,5.260223048327138,0.8661710037174721
269,20210316,7,3,19,14,44,86,320,493,257.3303703703704,5.25925925925926,0.8629629629629629
270,20210317,6,8,13,20,38,79,277,441,257.43542435424354,5.571955719557196,0.8856088560885609
271,20210318,3,8,12,12,26,67,158,286,257.82573529411764,4.446691176470589,0.7794117647058824
272,20210319,4,5,7,7,20,36,130,209,257.3597069597069,2.6721611721611724,0.4542124542124542
273,20210322,4,5,10,7,26,47,122,221,257.3029197080292,3.2007299270073,0.5474452554744526
274,20210323,6,3,6,10,18,41,103,187,257.2218181818182,2.3109090909090906,0.3672727272727273
275,20210324,6,3,8,6,16,36,108,183,256.3384057971015,2.0778985507246377,0.2971014492753623
276,20210325,5,2,8,8,10,38,87,158,255.4375451263538,1.671480144404332,0.2418772563176895
277,20210326,2,7,5,9,10,32,145,210,254.5748201438849,2.5611510791366907,0.4388489208633094
278,20210329,5,4,6,7,9,30,114,175,253.68745519713264,1.853046594982079,0.2688172043010752
279,20210330,3,5,7,6,10,28,84,143,253.5778571428572,1.657142857142857,0.2357142857142857
280,20210331,2,6,8,4,9,28,82,139,253.4661921708185,1.6548042704626336,0.2348754448398576
281,20210401,2,3,10,7,12,29,80,143,252.9581560283688,1.7198581560283688,0.2482269503546099
282,20210402,3,1,8,9,16,21,78,136,252.44593639575973,1.4964664310954063,0.2084805653710247
283,20210406,3,5,9,12,17,34,111,191,251.9732394366197,2.850352112676056,0.5
284,20210407,4,9,9,15,34,52,193,316,252.3887719298246,4.71578947368421,0.8140350877192982
285,20210408,5,5,8,14,21,75,189,317,252.8048951048951,4.318181818181818,0.7727272727272727
286,20210409,3,5,9,9,18,62,146,252,253.1756097560976,3.6062717770034847,0.6376306620209059
287,20210412,5,2,9,14,18,50,123,221,252.725,3.020833333333333,0.5173611111111112
288,20210413,4,3,8,8,22,54,128,227,252.278892733564,3.043252595155709,0.5190311418685121
289,20210414,3,4,6,12,19,46,140,230,251.83517241379312,3.0862068965517246,0.5206896551724138
290,20210415,3,3,5,12,14,40,107,184,251.3601374570447,2.2216494845360826,0.3505154639175257
291,20210416,3,2,7,9,20,46,120,207,251.3013698630137,2.577054794520548,0.4452054794520548
292,20210419,2,3,6,8,24,53,154,250,251.27235494880543,3.2013651877133107,0.5665529010238908
293,20210420,3,2,7,4,21,49,111,197,251.2074829931973,2.267006802721089,0.3605442176870748
294,20210421,2,1,9,9,22,54,147,244,251.1749152542373,3.142372881355932,0.5423728813559322
295,20210422,2,1,12,13,25,77,175,305,251.58378378378384,4.123310810810811,0.7297297297297297
296,20210423,2,1,9,11,31,74,178,306,251.993265993266,3.996632996632997,0.7003367003367003
297,20210426,3,1,8,10,19,67,141,249,252.3644295302013,3.120805369127517,0.5302013422818792
298,20210427,4,3,4,8,24,58,135,236,251.9270903010033,2.976588628762542,0.5016722408026756
299,20210428,6,2,9,10,29,72,160,288,252.32466666666667,3.9266666666666654,0.6966666666666667
300,20210429,4,2,8,11,24,66,154,269,252.709634551495,3.647840531561462,0.654485049833887
301,20210430,6,2,9,14,27,65,139,262,252.6900662251656,3.793046357615895,0.6821192052980132
302,20210506,6,2,11,9,29,69,142,268,252.6745874587459,3.7904290429042895,0.6798679867986799
303,20210507,7,1,9,12,15,50,119,213,252.62302631578947,2.613486842105264,0.4375
304,20210510,6,7,10,15,28,56,127,249,252.5954098360656,4.172131147540983,0.7508196721311475
305,20210511,5,7,14,11,26,51,128,242,252.56339869281047,4.017973856209151,0.7189542483660131
306,20210512,8,6,11,21,35,60,167,308,252.57459283387624,5.006514657980456,0.8599348534201954
307,20210513,10,2,13,21,35,80,193,354,253.01558441558444,4.993506493506493,0.8538961038961039
308,20210514,9,4,18,26,40,97,192,386,253.4770226537217,5.577669902912621,0.8996763754045307
309,20210517,7,2,16,17,38,79,182,341,253.9090322580645,4.8983870967741945,0.8387096774193549
310,20210518,9,3,20,20,35,90,188,365,254.35627009646305,5.290996784565917,0.8778135048231511
311,20210519,8,7,16,16,42,82,165,336,255.1846153846154,5.347756410256411,0.8814102564102564
312,20210520,5,6,9,22,30,60,143,275,255.97380191693293,4.511182108626198,0.7891373801916933
313,20210521,6,5,10,25,29,64,144,283,255.9681528662421,4.590764331210192,0.805732484076433
314,20210524,6,9,8,12,32,71,158,296,255.97079365079367,4.546031746031746,0.7904761904761904
315,20210525,7,6,16,13,27,66,178,313,256.3841772151899,4.76740506329114,0.8227848101265822
316,20210526,6,5,19,19,33,62,178,322,256.8031545741325,5.093059936908517,0.861198738170347
317,20210527,7,8,19,12,38,81,197,362,257.2471698113208,5.416666666666666,0.8867924528301887
318,20210528,10,10,18,13,51,84,211,397,257.7128526645768,5.633228840125391,0.9090909090909092
319,20210531,8,18,17,26,45,99,242,455,257.81437500000004,6.1640625,0.95625
320,20210601,8,11,30,28,45,108,253,483,257.93271028037384,6.323987538940811,0.968847352024922
321,20210602,10,9,22,29,41,103,221,435,258.02049689441,6.104037267080746,0.9440993788819876
322,20210603,7,8,23,17,50,88,213,406,258.08978328173373,5.7972136222910216,0.9164086687306502
323,20210604,7,6,28,28,59,111,245,484,258.2067901234568,6.162037037037037,0.9506172839506172
324,20210607,6,13,24,39,55,126,285,548,258.3624615384616,6.455384615384616,0.9784615384615384
325,20210608,8,10,21,23,56,99,264,481,258.4760736196319,6.167177914110429,0.950920245398773
326,20210609,8,7,24,18,45,90,240,432,258.5590214067279,5.7859327217125385,0.9021406727828746
327,20210610,7,11,23,31,52,99,273,496,259.0804878048781,6.291158536585366,0.9573170731707316
328,20210611,7,5,28,19,47,80,189,375,259.5276595744681,5.506079027355622,0.8662613981762918
329,20210615,6,8,18,34,36,95,218,415,259.5987878787879,5.804545454545455,0.906060606060606
330,20210616,7,6,15,22,34,69,168,321,259.6126888217523,5.016616314199395,0.8187311178247734
331,20210617,8,5,22,22,38,96,209,400,260.0740963855422,5.578313253012048,0.8734939759036144
332,20210618,7,9,20,26,50,110,227,449,260.5645645645646,6.040540540540541,0.927927927927928
333,20210621,10,8,25,34,57,134,271,539,261.10838323353295,6.32185628742515,0.9640718562874252
334,20210622,11,5,23,31,51,130,240,491,261.62268656716424,5.983582089552239,0.9164179104477612
335,20210623,12,4,26,27,63,128,229,489,262.13511904761907,5.894345238095237,0.9077380952380952
336,20210624,8,5,26,23,46,111,227,446,262.6213649851632,5.783382789317507,0.884272997032641
337,20210625,6,4,22,23,34,105,191,385,263.07100591715977,5.310650887573964,0.8284023668639053
338,20210628,6,6,23,23,39,123,215,435,263.5498525073747,5.76401179941003,0.8761061946902655
339,20210629,4,4,19,27,29,92,179,354,263.58058823529416,5.048529411764706,0.8
340,20210630,6,4,20,19,42,102,162,355,263.6117302052786,5.127565982404692,0.81524926686217
341,20210701,3,8,24,18,18,87,165,323,263.62397660818715,4.824561403508772,0.7660818713450293
342,20210702,7,6,18,24,26,85,176,342,263.64723032069975,5.0291545189504365,0.7959183673469388
343,20210705,6,11,22,19,50,83,188,379,263.6918604651163,5.632267441860465,0.8662790697674418
344,20210706,3,9,19,20,40,76,139,306,263.6939130434783,5.040579710144928,0.7942028985507247
345,20210707,5,11,22,24,50,72,179,363,264.92890173410404,5.6054913294797695,0.8612716763005781
346,20210708,5,9,21,37,41,73,176,362,266.1631123919309,5.560518731988472,0.8472622478386167
347,20210709,4,8,20,19,44,91,165,351,266.59080459770115,5.350574712643678,0.8275862068965517
348,20210712,6,12,31,29,48,106,210,442,267.0704871060172,6.177650429799427,0.9484240687679084
349,20210713,6,9,29,36,59,113,206,458,267.1588571428572,6.238571428571428,0.9514285714285714
350,20210714,4,14,35,39,68,107,226,493,267.26666666666665,6.448717948717949,0.9772079772079773
351,20210715,5,10,39,38,59,93,215,459,267.75454545454545,6.234375,0.9460227272727272
352,20210716,5,12,34,29,53,101,188,422,268.22096317280455,6.077903682719547,0.9178470254957508
353,20210719,3,8,30,29,44,81,194,389,268.26836158192094,5.72316384180791,0.864406779661017
354,20210720,6,10,29,29,44,73,186,377,268.3087323943662,5.647887323943662,0.856338028169014
355,20210721,5,16,29,37,52,84,179,402,268.76292134831465,5.9831460674157295,0.904494382022472
356,20210722,12,15,40,41,60,96,201,465,269.25210084033614,6.336134453781511,0.9663865546218487
357,20210723,9,14,34,35,57,107,216,472,269.74469273743017,6.322625698324022,0.9608938547486032
358,20210726,8,13,32,29,49,112,180,423,270.20947075208915,6.037604456824512,0.9080779944289694
359,20210727,6,10,19,23,42,73,163,336,270.6255555555556,5.133333333333333,0.7833333333333333
360,20210728,4,11,18,19,24,67,107,250,270.19390581717454,4.067867036011081,0.6204986149584488
361,20210729,12,12,41,26,58,97,204,450,270.6729281767956,6.1325966850828735,0.925414364640884
362,20210730,15,15,34,37,68,111,227,507,271.18292011019287,6.447658402203857,0.975206611570248
363,20210802,11,8,31,28,77,122,230,507,271.6923076923077,6.207417582417583,0.9368131868131868
364,20210803,6,11,13,25,57,109,218,439,272.16383561643835,5.728767123287671,0.8493150684931507
365,20210804,6,11,14,35,57,117,255,495,272.2655737704918,6.036885245901639,0.8989071038251366
366,20210805,6,7,23,31,50,105,201,423,272.3275204359673,5.73841961852861,0.8474114441416893
367,20210806,8,5,22,32,46,99,209,421,273.1880434782609,5.536684782608695,0.8043478260869565
368,20210809,7,6,12,26,39,72,197,359,274.01463414634145,4.87940379403794,0.7208672086720866
369,20210810,8,4,16,28,43,76,180,355,274.43891891891894,4.84054054054054,0.7135135135135136
370,20210811,9,6,29,26,52,90,249,461,274.9202156334232,5.809973045822102,0.8706199460916442
371,20210812,12,9,33,25,54,113,237,483,275.01290322580644,6.09005376344086,0.9112903225806452
372,20210813,12,7,29,31,50,111,251,491,275.1093833780161,6.03887399463807,0.900804289544236
373,20210816,12,10,25,23,48,94,210,422,275.56844919786096,5.689839572192514,0.8288770053475936
374,20210817,8,10,14,20,34,67,168,321,275.97333333333336,4.658666666666667,0.6826666666666666
375,20210818,7,10,16,10,37,70,131,281,275.95691489361707,4.122340425531915,0.601063829787234
376,20210819,5,8,16,12,27,52,160,280,275.9400530503979,3.868700265251989,0.5596816976127321
377,20210820,9,5,17,11,32,61,150,285,276.325925925926,3.841269841269841,0.5582010582010581
378,20210823,6,11,20,22,50,83,231,423,276.78469656992087,5.631926121372032,0.820580474934037
379,20210824,7,14,24,26,58,127,301,557,276.9136842105263,6.324999999999999,0.963157894736842
380,20210825,16,14,33,47,80,182,504,876,277.2094488188976,6.761154855643044,0.9868766404199476
381,20210826,9,11,32,22,52,143,321,590,277.7539267015707,6.255235602094241,0.9397905759162304
382,20210827,11,10,27,27,62,127,254,518,278.26005221932115,6.227154046997389,0.9321148825065274
383,20210830,8,13,24,41,51,117,242,496,278.7541666666667,6.247395833333333,0.9375
384,20210831,12,12,45,36,62,141,254,562,279.2820779220779,6.52077922077922,0.9792207792207792
385,20210901,5,10,18,36,43,86,189,387,279.31865284974094,5.400259067357513,0.772020725388601
386,20210902,8,20,38,35,51,104,261,517,279.4222222222222,6.363049095607235,0.96640826873385
387,20210903,7,13,29,25,41,100,279,494,279.91340206185566,6.00257731958763,0.8762886597938144
388,20210906,4,7,30,26,47,113,242,469,280.3912596401028,5.813624678663238,0.8508997429305912
389,20210907,5,9,41,21,57,112,263,508,281.288717948718,6.050000000000001,0.8897435897435897
390,20210908,4,10,34,31,46,104,267,496,282.17953964194373,6.079283887468031,0.8925831202046036
391,20210909,4,15,31,26,49,119,276,520,282.6821428571429,6.234693877551021,0.9285714285714286
392,20210910,4,11,28,29,34,107,229,442,283.1445292620865,5.726463104325699,0.8142493638676844
393,20210913,9,12,32,36,63,99,271,522,283.6472081218274,6.318527918781726,0.9467005076142132
394,20210914,16,12,38,30,75,116,266,553,284.16506329113923,6.396202531645571,0.9670886075949368
395,20210915,9,23,34,42,69,140,277,594,284.3030303030303,6.642676767676768,0.9797979797979798
396,20210916,12,18,35,33,69,118,249,534,284.4100755667506,6.443324937027708,0.964735516372796
397,20210917,9,17,38,29,50,131,262,536,284.5175879396985,6.337939698492463,0.9522613065326632
398,20210922,10,14,34,31,44,118,250,501,284.6070175438597,6.149122807017544,0.8947368421052632
399,20210923,5,11,29,30,48,89,233,445,284.668,5.7525,0.8075
400,20210924,5,6,17,17,48,69,164,326,284.6693266832918,4.35286783042394,0.6184538653366584
401,20210927,1,5,13,16,29,60,134,258,284.636815920398,3.445273631840796,0.4676616915422885
402,20210928,3,7,14,14,35,54,153,280,284.61538461538464,3.7878411910669976,0.5161290322580645
403,20210929,2,3,12,10,25,29,104,185,284.5470297029703,2.142326732673267,0.2351485148514851
404,20210930,3,4,17,9,26,46,128,233,284.50271604938274,2.817283950617284,0.3580246913580247
405,20211008,3,4,14,10,27,50,140,248,284.4660098522168,2.9987684729064044,0.3817733990147783
406,20211011,2,2,8,10,15,38,113,188,284.4,1.7223587223587224,0.1769041769041769
407,20211012,2,3,3,7,17,27,99,158,284.31960784313725,1.1899509803921569,0.1127450980392157
408,20211013,2,3,5,5,5,27,60,107,284.21466992665034,0.7261613691931539,0.0562347188264058
409,20211014,3,2,3,4,9,31,53,105,283.70926829268296,0.579268292682927,0.051219512195122
410,20211015,3,1,2,7,9,18,61,101,283.2024330900244,0.4768856447688564,0.0462287104622871
411,20211018,5,2,2,6,11,28,59,113,282.70194174757285,0.6601941747572815,0.0582524271844659
412,20211019,5,1,5,7,10,33,73,134,282.2121065375303,0.8075060532687651,0.0750605326876513
413,20211020,4,3,8,3,13,31,82,144,281.3275362318841,1.178743961352657,0.1231884057971014
414,20211021,2,4,10,4,12,28,80,140,280.44144578313256,1.3445783132530122,0.1373493975903614
415,20211022,2,2,6,10,7,22,60,109,279.9408653846154,0.9447115384615384,0.09375
416,20211025,2,5,5,10,16,36,104,178,279.473860911271,1.8980815347721824,0.2206235011990407
417,20211026,3,3,4,5,19,38,84,156,279.3966507177033,1.3074162679425836,0.1387559808612439
418,20211027,3,1,6,6,14,44,88,162,279.3226730310263,1.1957040572792363,0.1288782816229117
419,20211028,2,4,2,3,16,29,90,146,278.8414285714286,1.111904761904762,0.1119047619047619
420,20211029,3,1,5,3,27,31,94,164,278.3691211401425,1.2767220902612828,0.1425178147268408
421,20211101,3,4,9,12,31,57,149,265,277.9450236966825,3.3127962085308056,0.466824644549763
422,20211102,4,0,14,11,25,62,138,254,277.5158392434988,2.8699763593380614,0.3877068557919622
423,20211103,3,5,17,24,24,92,187,352,277.93301886792455,4.517688679245283,0.6485849056603774
424,20211104,3,5,15,21,39,62,193,338,278.34352941176473,4.464705882352941,0.6447058823529412
425,20211105,3,7,16,12,28,62,166,294,278.7333333333333,3.950704225352112,0.5610328638497653
426,20211108,5,4,18,15,36,68,168,314,279.1325526932084,4.134660421545668,0.5925058548009368
427,20211109,8,5,20,23,49,110,240,455,279.1976635514019,5.373831775700935,0.7593457943925234
428,20211110,9,4,17,24,45,92,228,419,279.24568764568767,4.970862470862471,0.7062937062937062
429,20211111,8,5,19,18,45,98,203,396,279.6827906976744,4.939534883720931,0.7023255813953488
430,20211112,10,10,27,27,39,116,264,493,280.1647331786544,5.888631090487239,0.851508120649652
431,20211115,8,7,22,25,48,99,251,460,281.0310185185185,5.581018518518518,0.7847222222222222
432,20211116,9,8,13,28,42,77,224,401,281.8697459584296,5.046189376443419,0.7182448036951501
433,20211117,8,9,20,28,59,98,233,455,282.3331797235023,5.731566820276496,0.815668202764977
434,20211118,8,6,28,23,49,112,232,458,282.7977011494253,5.582758620689655,0.7839080459770115
435,20211119,9,13,29,30,56,124,288,549,283.30366972477066,6.347477064220184,0.9587155963302753
436,20211122,10,10,35,32,63,132,301,583,283.8247139588101,6.421052631578947,0.965675057208238
437,20211123,12,7,38,45,51,120,333,606,283.9557077625571,6.2785388127853885,0.9292237442922374
438,20211124,16,9,43,38,87,165,392,750,284.151708428246,6.586560364464693,0.979498861047836
439,20211125,11,14,37,54,90,205,506,917,284.4227272727273,6.8125,0.9886363636363636
440,20211126,11,10,34,47,86,160,405,753,284.6181405895692,6.590702947845804,0.9773242630385488
441,20211129,10,12,34,43,80,153,351,683,284.7809954751131,6.616515837104073,0.9773755656108596
442,20211130,11,15,40,37,82,192,406,783,284.9882618510158,6.733634311512415,0.984198645598194
443,20211201,11,16,37,39,72,189,433,797,286.4009009009009,6.717342342342342,0.9797297297297296
444,20211202,5,12,29,33,47,133,293,552,287.7024719101124,6.175280898876405,0.8921348314606742
445,20211203,7,8,24,26,61,147,334,607,288.22825112107626,6.053811659192826,0.8632286995515694
446,20211206,5,8,16,22,57,113,267,488,288.7002237136465,5.485458612975392,0.7427293064876958
447,20211207,6,4,6,17,46,78,204,361,289.1151785714286,3.977678571428571,0.5357142857142857
448,20211208,7,1,9,19,35,102,217,390,289.54298440979954,3.971046770601336,0.534521158129176
449,20211209,7,2,12,16,29,80,193,339,289.548,3.7233333333333336,0.4933333333333333
450,20211210,7,3,9,11,24,72,188,314,289.5419068736142,3.268292682926829,0.4323725055432372
451,20211213,8,4,4,10,28,70,191,315,289.9362831858407,3.154867256637168,0.4070796460176991
452,20211214,10,3,10,15,26,75,214,353,290.34746136865346,3.7339955849889614,0.4988962472406181
453,20211215,8,4,12,19,17,55,158,273,289.92334801762115,3.1949339207048464,0.4162995594713656
454,20211216,11,4,18,19,25,60,206,343,290.3301098901099,3.973626373626374,0.5406593406593407
455,20211217,12,6,13,16,20,55,153,275,289.90701754385964,3.3914473684210527,0.4539473684210526
456,20211220,12,8,17,9,27,43,140,256,289.47571115973744,3.2188183807439823,0.424507658643326
457,20211221,13,6,16,16,19,67,157,294,289.86113537117905,3.6266375545851535,0.4847161572052402
458,20211222,11,10,9,11,21,77,151,290,290.24488017429195,3.546840958605665,0.4749455337690632
459,20211223,11,2,19,11,30,62,140,275,289.82217391304346,3.2217391304347824,0.4239130434782608
460,20211224,12,3,15,8,23,48,155,264,289.3947939262473,2.779826464208244,0.3470715835140998
461,20211227,12,4,7,14,20,63,158,278,289.3735930735931,2.987012987012987,0.3722943722943723
462,20211228,7,6,9,6,26,47,119,220,289.3274298056156,2.473002159827214,0.2958963282937364
463,20211229,9,3,7,11,21,38,99,188,288.8676724137931,1.905172413793104,0.2112068965517241
464,20211230,7,9,14,17,26,49,149,271,288.443870967742,3.660215053763441,0.5010752688172043
465,20211231,8,5,11,16,33,51,154,278,288.02317596566525,3.510729613733905,0.4742489270386266
466,20220104,9,9,12,22,39,93,211,395,288.45267665952895,4.876873661670237,0.6788008565310493
467,20220105,13,4,12,13,45,80,206,373,288.8726495726496,4.210470085470085,0.5982905982905983
468,20220106,13,2,15,21,37,71,209,368,289.2904051172708,4.142857142857142,0.584221748400853
469,20220107,5,12,10,17,24,63,150,281,289.27106382978724,3.781914893617021,0.5191489361702128
470,20220110,6,10,15,14,27,69,171,312,289.26496815286623,4.09660297239915,0.5753715498938429
471,20220111,9,5,15,10,28,54,146,267,289.2398305084746,3.251059322033898,0.4300847457627118
472,20220112,10,8,8,12,30,59,166,293,289.2257928118393,3.533826638477801,0.4735729386892178
473,20220113,12,8,9,10,24,56,145,264,289.19957805907177,3.1149789029535864,0.3860759493670885
474,20220114,15,9,12,12,28,63,135,274,289.1776842105263,3.552631578947368,0.48
475,20220117,14,13,12,25,38,65,183,350,289.1878151260504,4.696428571428572,0.6617647058823529
476,20220118,10,4,15,20,36,49,142,276,289.1668763102725,3.5807127882599583,0.4821802935010482
477,20220119,8,6,18,15,20,53,124,244,288.7326359832636,3.1621338912133896,0.3995815899581589
478,20220120,11,7,14,9,18,30,98,187,288.274739039666,2.259916492693111,0.2567849686847598
479,20220121,5,7,10,12,16,29,81,160,287.80583333333334,2.0260416666666665,0.2125
480,20220124,5,4,14,10,17,39,93,182,287.34636174636177,2.1081081081081083,0.2245322245322245
481,20220125,3,6,7,7,14,26,50,113,287.2585062240664,1.3008298755186722,0.1265560165975103
482,20220126,1,6,2,9,8,20,54,100,287.1656314699793,1.042443064182195,0.0890269151138716
483,20220127,2,0,6,1,7,17,31,64,287.0582644628099,0.2820247933884299,0.024793388429752
484,20220128,2,0,3,2,8,15,34,64,286.9513402061856,0.1876288659793813,0.0206185567010309
485,20220207,2,1,2,4,11,15,53,88,286.0547325102881,0.346707818930041,0.0349794238683127
486,20220208,2,1,4,4,5,20,42,78,285.15441478439425,0.3367556468172484,0.0328542094455852
487,20220209,4,2,4,6,9,25,57,107,284.66639344262296,0.6598360655737706,0.0573770491803278
488,20220210,3,5,4,6,6,26,52,102,284.17668711656444,0.9222903885480572,0.0899795501022494
489,20220211,6,2,5,3,8,35,52,111,284.0910204081633,0.6928571428571428,0.0632653061224489
490,20220214,4,4,3,6,11,14,65,107,284.0040733197556,0.8655804480651731,0.0835030549898167
491,20220215,5,2,3,3,9,26,52,100,283.9146341463415,0.521341463414634,0.0528455284552845
492,20220216,4,2,5,5,9,15,44,84,283.8190669371197,0.5841784989858012,0.0567951318458418
493,20220217,4,1,3,2,12,15,37,74,283.71983805668015,0.3603238866396762,0.0425101214574898
494,20220218,4,1,5,6,10,25,53,104,283.63313131313134,0.6404040404040404,0.0626262626262625
495,20220221,3,2,6,5,15,24,58,113,283.55040322580646,0.9153225806451614,0.1008064516129032
496,20220222,3,4,8,6,13,22,66,122,283.471629778672,1.2665995975855129,0.1488933601609657
497,20220223,4,5,5,7,15,21,71,128,283.3955823293173,1.3253012048192772,0.1566265060240963
498,20220224,2,5,6,6,12,33,69,133,283.3218436873748,1.3727454909819636,0.1643286573146293
499,20220225,3,2,8,6,13,33,82,147,282.85400000000004,1.257,0.146
500,20220228,2,3,7,9,18,18,84,141,282.38403193612777,1.4800399201596806,0.1796407185628742
501,20220301,5,4,13,9,22,40,162,255,282.3597609561753,2.9163346613545817,0.3844621513944223
502,20220302,3,7,15,16,16,40,164,261,282.33797216699804,3.37972166998012,0.4731610337972167
503,20220303,10,5,20,13,34,79,271,432,282.384126984127,4.771825396825397,0.6904761904761905
504,20220304,4,9,20,8,26,55,175,297,282.3766336633664,3.878217821782178,0.5603960396039604
505,20220307,6,9,17,8,15,49,136,240,282.34664031620554,3.0306324110671934,0.3992094861660079
506,20220308,3,5,11,9,10,29,84,151,282.28165680473376,1.8244575936883631,0.2209072978303747
507,20220309,4,4,12,4,14,27,66,131,281.8090551181102,1.469488188976378,0.1751968503937008
508,20220310,7,4,12,6,15,33,104,181,281.3563850687623,1.9332023575638504,0.2416502946954813
509,20220311,8,5,12,16,18,50,127,236,281.3254901960784,3.014705882352941,0.4
510,20220314,6,5,9,12,11,49,86,178,281.2720156555773,2.2084148727984347,0.2798434442270059
511,20220315,7,5,6,6,15,24,58,121,280.396484375,1.3056640625,0.15234375
512,20220316,7,8,6,10,9,31,70,141,279.529044834308,1.7582846003898638,0.2124756335282651
513,20220317,8,7,10,5,17,28,83,158,279.4684824902724,1.9066147859922176,0.2392996108949416
514,20220318,4,9,8,6,16,32,78,153,279.40621359223303,1.9252427184466017,0.2446601941747572
515,20220321,6,6,10,10,15,29,79,155,278.9449612403101,2.0387596899224807,0.253875968992248
516,20220322,4,4,16,7,10,30,71,142,278.478916827853,1.7321083172147005,0.2088974854932301
517,20220323,2,3,10,12,11,26,58,122,278.4054054054054,1.560810810810811,0.1891891891891891
518,20220324,6,3,7,11,19,31,81,158,278.3460500963391,1.7822736030828517,0.2196531791907514
519,20220325,5,2,6,7,17,27,77,141,277.8803846153846,1.2201923076923076,0.1346153846153845
520,20220328,5,1,3,8,11,37,81,146,277.4168905950096,1.0230326295585417,0.1074856046065259
521,20220329,4,1,7,6,8,27,66,119,276.9432950191571,0.8180076628352492,0.0823754789272031
522,20220330,4,2,6,10,5,25,53,105,276.4646271510516,0.9598470363288718,0.1032504780114722
523,20220331,5,2,7,6,13,28,48,109,276.387786259542,0.9856870229007636,0.1049618320610686
524,20220401,5,3,8,4,8,33,64,125,276.3173333333333,1.1304761904761904,0.1276190476190476
525,20220406,4,3,9,4,19,37,86,162,275.861216730038,1.7290874524714832,0.2186311787072243
526,20220407,3,3,12,6,16,34,105,179,275.4117647058824,1.9772296015180264,0.2618595825426945
527,20220408,5,4,11,3,17,57,115,212,275.375,2.373106060606061,0.3295454545454546
528,20220411,2,5,6,9,12,25,88,147,275.3137996219282,1.6332703213610584,0.2060491493383742
529,20220412,2,2,5,7,15,33,73,137,275.2490566037736,1.1962264150943396,0.1415094339622641
530,20220413,3,0,7,12,14,35,80,151,275.1898305084746,1.463276836158192,0.1826741996233521
531,20220414,2,6,18,13,32,82,234,387,275.2195488721805,4.756578947368421,0.7011278195488722
532,20220415,2,3,12,10,15,49,152,243,275.1951219512196,2.772983114446529,0.3921200750469042
533,20220418,1,3,6,7,15,44,108,184,274.7486891385768,1.8286516853932584,0.2415730337078652
534,20220419,1,3,4,7,16,36,93,160,274.29345794392526,1.5355140186915883,0.1981308411214953
535,20220420,1,2,6,5,12,24,55,105,274.2179104477612,0.8180970149253732,0.0820895522388059
536,20220421,2,1,4,3,10,20,39,79,274.1329608938548,0.4087523277467412,0.0428305400372439
537,20220422,1,1,3,4,9,16,43,77,273.6475836431227,0.3615241635687732,0.0408921933085502
538,20220425,1,0,4,0,9,10,23,47,273.1513914656772,0.2077922077922077,0.0204081632653061
539,20220426,1,1,4,2,6,7,18,39,273.0525925925926,0.2351851851851851,0.024074074074074
540,20220427,0,1,4,4,5,8,20,42,272.95526802218114,0.2865064695009242,0.0295748613678373
541,20220428,0,3,1,3,8,10,26,51,272.4616236162362,0.4566420664206642,0.0535055350553506
542,20220429,1,2,3,3,9,10,26,54,271.96942909760594,0.4244935543278085,0.0515653775322283
543,20220505,1,2,5,5,5,17,38,73,271.88455882352946,0.5836397058823529,0.0661764705882352
544,20220506,2,4,3,2,9,17,24,61,271.79559633027526,0.6770642201834861,0.0788990825688072
545,20220509,3,2,4,4,8,16,33,70,271.31025641025644,0.5402930402930403,0.0641025641025641
546,20220510,5,3,3,8,11,22,51,103,270.837294332724,0.9954296160877514,0.1224862888482632
547,20220511,6,3,4,8,11,19,52,103,270.764598540146,1.031021897810219,0.1313868613138685
548,20220512,5,3,6,8,9,29,98,158,270.712204007286,1.5437158469945356,0.2185792349726776
549,20220513,3,4,4,3,9,29,83,135,270.25163636363635,1.1590909090909092,0.149090909090909
550,20220516,4,1,4,11,14,34,84,152,269.7974591651543,1.4727767695099818,0.20508166969147
551,20220517,3,2,2,8,16,35,99,165,269.34818840579715,1.5480072463768115,0.2228260869565217
552,20220518,3,3,3,6,16,40,124,195,268.9099457504521,1.8580470162748643,0.2730560578661845
553,20220519,6,0,2,5,17,28,104,162,268.859927797834,1.1462093862815883,0.148014440433213
554,20220520,4,2,2,9,11,28,122,178,268.8158558558559,1.5180180180180178,0.2144144144144144
555,20220523,3,2,8,3,18,42,151,227,268.38956834532377,2.2059352517985613,0.3309352517985612
556,20220524,2,3,9,5,17,54,152,242,267.96876122082585,2.636445242369838,0.3985637342908438
557,20220525,2,4,9,8,27,66,214,330,268.3795698924731,3.741039426523298,0.575268817204301
558,20220526,2,5,23,28,87,171,578,894,268.99212880143114,6.177101967799642,0.9141323792486584
559,20220527,4,6,38,62,104,313,751,1278,269.34107142857147,6.591964285714285,0.9767857142857144
560,20220530,4,6,26,38,88,192,618,972,269.57967914438507,6.401069518716578,0.9590017825311944
561,20220531,7,9,25,48,108,302,827,1326,270.34341637010675,6.621886120996441,0.9786476868327402
562,20220601,6,6,20,26,62,166,518,804,270.92042628774425,6.076376554174068,0.8845470692717584
563,20220602,6,8,20,25,60,178,457,754,271.4790780141844,6.143617021276595,0.898936170212766
564,20220606,6,10,27,46,104,247,691,1131,272.1706194690266,6.663716814159292,0.9805309734513274
565,20220607,5,9,22,30,88,163,549,866,272.36749116607774,6.3736749116607765,0.952296819787986
566,20220608,6,5,18,20,59,147,416,671,272.49488536155206,5.731040564373897,0.8236331569664903
567,20220609,5,5,11,16,29,91,288,445,272.9422535211268,4.729753521126761,0.698943661971831
568,20220610,8,7,15,20,48,129,320,547,273.4253075571178,5.600175746924428,0.8014059753954306
569,20220613,8,7,18,25,55,120,351,584,273.521052631579,5.850877192982456,0.8526315789473684
570,20220614,7,5,21,27,61,122,333,576,273.6136602451839,5.851138353765324,0.8528896672504378
571,20220615,5,7,12,19,42,99,297,481,274.0727272727273,5.231643356643357,0.7552447552447552
572,20220616,4,5,16,12,44,113,292,486,274.53333333333336,5.079406631762653,0.743455497382199
573,20220617,5,3,16,20,44,126,303,517,274.60452961672473,5.167247386759582,0.7543554006968641
574,20220620,5,4,12,17,49,117,292,496,274.66817391304346,5.075652173913044,0.7408695652173913
575,20220621,6,4,5,8,34,89,239,385,275.0930555555556,3.8203125,0.5746527777777778
576,20220622,6,1,13,28,63,140,323,574,275.5833622183709,5.223570190641248,0.7556325823223571
577,20220623,5,4,16,44,76,135,365,645,275.69792387543254,5.83477508650519,0.8512110726643598
578,20220624,5,4,24,36,103,185,402,759,275.85146804835927,6.075129533678757,0.8808290155440415
579,20220627,7,7,29,36,126,210,434,849,276.43551724137933,6.45,0.9655172413793104
580,20220628,9,9,23,36,109,223,471,880,277.029604130809,6.477624784853699,0.9672977624784852
581,20220629,8,5,12,20,59,125,308,537,277.1051546391753,5.376288659793815,0.768041237113402
582,20220630,7,5,14,16,51,144,333,570,277.1917667238422,5.364493996569468,0.7632933104631218
583,20220701,4,6,14,16,32,115,264,451,277.2373287671233,4.977739726027398,0.7157534246575342
584,20220704,5,4,14,13,43,80,231,390,277.2618803418804,4.495726495726496,0.6581196581196581
585,20220705,4,7,10,15,41,82,218,377,277.6819112627986,4.616894197952218,0.6740614334470989
586,20220706,6,5,13,13,39,82,218,376,278.1015332197615,4.498296422487224,0.657580919931857
587,20220707,10,7,20,28,58,119,295,537,278.1758503401361,5.875850340136054,0.8520408163265306
588,20220708,9,7,17,10,43,95,221,402,278.20407470288626,4.786926994906622,0.6926994906621392
589,20220711,6,8,12,18,31,82,205,362,278.6186440677966,4.632203389830508,0.6728813559322033
590,20220712,6,6,10,15,29,66,158,290,279.0087986463621,3.880710659898477,0.5702199661590525
591,20220713,6,6,21,13,36,65,212,359,279.42229729729735,4.579391891891892,0.6672297297297297
592,20220714,9,6,21,15,35,84,213,383,279.84384485666106,4.818718381112985,0.6964586846543002
593,20220715,9,6,14,17,25,67,179,317,279.8430976430976,4.153198653198654,0.6127946127946128
594,20220718,9,8,11,21,24,73,185,331,279.84705882352944,4.321008403361345,0.6386554621848739
595,20220719,9,8,10,25,29,96,178,355,280.2590604026845,4.639261744966443,0.674496644295302
596,20220720,8,10,10,23,48,96,242,437,280.6984924623116,5.241206030150754,0.7537688442211055
597,20220721,10,3,18,11,29,73,184,328,280.70133779264216,3.898829431438127,0.5652173913043479
598,20220722,8,7,10,10,26,62,160,283,280.6891485809683,3.632721202003339,0.5225375626043406
599,20220725,6,4,10,11,12,49,126,218,280.6553333333334,2.549166666666667,0.3616666666666667
600,20220726,4,5,10,8,17,48,127,219,280.6219633943428,2.642262895174709,0.3727121464226289
601,20220727,5,6,14,20,31,94,208,378,280.64152823920267,4.7425249169435215,0.686046511627907
602,20220728,6,10,15,17,36,94,204,382,280.66235489220566,4.980099502487562,0.7213930348258706
603,20220729,4,12,20,21,30,93,226,406,281.49105960264905,5.264900662251656,0.759933774834437
604,20220801,7,4,23,21,34,109,212,410,282.3209917355372,4.95289256198347,0.7157024793388429
605,20220802,3,10,20,22,46,77,190,368,282.33696369636965,5.174917491749175,0.7508250825082509
606,20220803,2,5,14,16,33,87,185,342,282.34431630971994,4.373146622734762,0.6408566721581548
607,20220804,2,3,10,24,17,59,193,308,282.7404605263158,3.5797697368421053,0.5082236842105263
608,20220805,1,3,9,14,28,66,227,348,283.1497536945813,3.752873563218391,0.535303776683087
609,20220808,4,3,14,28,39,114,267,469,283.1986885245902,5.049180327868853,0.7344262295081967
610,20220809,5,6,28,37,55,153,359,643,283.30441898527005,6.166121112929623,0.9050736497545008
611,20220810,5,10,26,35,62,142,320,600,283.7957516339869,6.3390522875817,0.9444444444444444
612,20220811,3,8,26,24,56,131,293,541,284.26753670473084,5.977977161500816,0.8613376835236541
613,20220812,4,6,25,19,54,117,301,526,284.3342019543974,5.667752442996743,0.8094462540716613
614,20220815,4,9,15,22,46,112,231,439,284.37235772357724,5.373170731707317,0.7691056910569105
615,20220816,4,10,18,22,47,111,223,435,284.40909090909093,5.469967532467533,0.775974025974026
616,20220817,7,2,21,16,47,96,222,411,284.43792544570505,4.635332252836304,0.6628849270664505
617,20220818,8,3,21,18,55,113,245,463,284.4834951456311,5.1035598705501615,0.7378640776699029
618,20220819,3,6,12,18,42,94,214,389,284.5050080775444,4.722940226171243,0.6704361873990308
619,20220822,5,6,15,25,33,120,232,436,284.5416129032258,5.131451612903226,0.7419354838709677
620,20220823,6,7,21,22,35,116,219,426,284.57487922705315,5.26489533011272,0.7552334943639292
621,20220824,3,4,17,9,28,51,138,250,284.5514469453376,3.172829581993569,0.4356913183279742
622,20220825,2,3,8,14,16,34,118,195,284.5104333868379,2.221508828250401,0.3001605136436597
623,20220826,3,2,9,3,10,42,115,184,284.4660256410257,1.5753205128205126,0.2051282051282051
624,20220829,3,2,6,6,11,37,126,191,284.424,1.5592,0.2016
625,20220830,2,1,9,4,21,57,174,268,284.4067092651757,2.4448881789137378,0.3338658146964856
626,20220831,2,1,8,5,14,39,122,191,284.3649122807018,1.5925039872408293,0.2089314194577353
627,20220901,1,1,6,6,14,31,89,148,284.3095541401274,1.1656050955414017,0.1337579617834394
628,20220902,2,1,5,5,12,29,105,159,284.25786963434024,1.0937996820349762,0.1208267090620032
629,20220905,2,2,2,9,11,35,85,146,283.80222222222227,1.2134920634920636,0.1476190476190476
630,20220906,2,2,5,8,16,37,103,173,283.3553090332805,1.6069730586370838,0.213946117274168
631,20220907,3,2,6,9,11,40,103,174,283.30886075949365,1.6265822784810129,0.2183544303797469
632,20220908,3,2,6,6,13,36,64,130,283.2486571879937,1.1753554502369667,0.1406003159557661
633,20220909,2,3,4,3,10,25,90,137,282.7908517350158,0.9881703470031546,0.1056782334384858
634,20220913,2,1,3,4,9,32,75,126,282.3297637795276,0.7055118110236221,0.0724409448818897
635,20220914,2,1,0,1,15,19,73,111,282.2641509433962,0.574685534591195,0.0566037735849056
636,20220915,2,0,1,0,7,26,52,88,282.1915227629513,0.2472527472527471,0.021978021978022
637,20220916,1,0,2,2,6,16,43,70,281.3134796238245,0.1778996865203762,0.0156739811912225
638,20220919,1,0,2,1,6,14,53,77,280.4378716744914,0.1901408450704225,0.0187793427230047
639,20220920,0,0,1,1,5,10,51,68,280.3596875,0.12265625,0.0109375
640,20220921,0,0,2,3,5,11,34,55,280.2776911076444,0.1591263650546022,0.0156006240249609
641,20220922,0,1,2,3,4,15,50,75,279.8021806853583,0.2881619937694702,0.0342679127725856
642,20220923,0,0,2,1,8,11,30,52,279.31975116640746,0.1609642301710729,0.0171073094867807
643,20220926,0,1,1,4,4,8,44,62,279.24068322981367,0.2600931677018634,0.0310559006211179
644,20220927,0,1,3,3,3,9,44,63,279.16217054263564,0.2976744186046511,0.0387596899224805
645,20220928,1,1,1,4,3,8,24,42,278.677399380805,0.2159442724458204,0.0278637770897832
646,20220929,0,1,2,2,7,8,47,67,278.20061823802166,0.28516228748068,0.0370942812982998
647,20220930,0,1,3,1,6,6,32,49,277.7185185185185,0.2530864197530863,0.0324074074074074
648,20221010,0,1,2,0,6,8,18,35,277.23235747303545,0.1818181818181817,0.0215716486902927
649,20221011,0,0,2,3,3,6,18,32,277.1455384615385,0.1246153846153844,0.0123076923076923
650,20221012,0,1,2,2,6,6,36,53,277.06543778801847,0.2557603686635944,0.0368663594470045
651,20221013,1,0,3,4,3,9,41,61,276.988036809816,0.2914110429447852,0.0475460122699386
652,20221014,1,2,3,3,8,23,57,97,276.9218989280245,0.694486983154671,0.0964777947932619
653,20221017,3,2,3,9,10,26,69,122,276.46360856269115,1.158256880733945,0.1590214067278287
654,20221018,2,4,5,9,10,23,79,132,276.00854961832067,1.5022900763358775,0.2198473282442747
655,20221019,2,3,6,7,14,23,75,130,275.95304878048785,1.424542682926829,0.2057926829268292
656,20221020,1,4,9,6,18,31,102,171,275.91019786910203,2.124048706240487,0.3120243531202435
657,20221021,2,5,11,15,25,50,100,208,275.87872340425537,3.1648936170212765,0.4620060790273556
658,20221024,3,3,13,15,24,53,122,233,275.8549317147193,3.1790591805766315,0.4673748103186647
659,20221025,2,2,8,9,30,45,93,189,275.4178787878788,2.4053030303030303,0.3606060606060606
660,20221026,2,5,10,12,39,71,136,275,275.8069591527988,3.8086232980332815,0.56732223903177
661,20221027,2,1,11,17,33,60,134,258,275.39093655589124,3.300604229607252,0.4924471299093655
662,20221028,2,1,12,15,34,54,139,257,274.9746606334842,3.260180995475113,0.4856711915535445
663,20221031,3,1,20,26,48,82,208,388,275.39789156626506,4.68222891566265,0.6852409638554218
664,20221101,2,5,11,19,30,78,165,310,275.7975939849624,4.197744360902256,0.6285714285714286
665,20221102,4,5,19,16,57,104,294,499,275.8540540540541,5.403903903903904,0.7897897897897898
666,20221103,2,5,16,28,54,111,329,545,275.9241379310345,5.641679160419789,0.8215892053973013
667,20221104,4,8,23,30,60,187,458,770,276.061377245509,6.322604790419163,0.940119760479042
668,20221107,6,10,26,41,86,242,649,1060,276.28490284005983,6.650224215246636,0.9820627802690582
669,20221108,8,5,28,37,74,225,624,1001,276.8901492537313,6.324626865671642,0.9417910447761194
670,20221109,9,2,20,34,58,132,419,674,277.3973174366617,5.628166915052161,0.812220566318927
671,20221110,7,5,10,28,48,111,320,529,277.4610119047619,5.32217261904762,0.7693452380952381
672,20221111,8,1,10,14,24,87,214,358,277.4736998514116,3.686478454680535,0.537890044576523
673,20221114,4,3,7,14,33,64,147,272,277.46083086053414,3.35459940652819,0.4910979228486647
674,20221115,2,5,10,17,33,69,209,345,277.46962962962965,4.251111111111111,0.6325925925925926
675,20221116,3,3,10,14,39,89,221,379,277.8884615384616,4.25,0.6316568047337279
676,20221117,5,3,18,18,34,95,245,418,278.31875923190546,4.724519940915805,0.6853766617429837
677,20221118,4,5,14,12,39,87,226,387,278.7398230088496,4.570796460176991,0.6651917404129793
678,20221121,7,8,18,21,40,104,279,477,279.1873343151694,5.485272459499263,0.7908689248895434
679,20221122,5,8,13,21,42,106,252,447,279.2258823529412,5.290441176470589,0.7661764705882352
680,20221123,3,7,6,17,21,61,148,263,279.21027900146845,3.458883994126285,0.5022026431718062
681,20221124,3,6,10,13,27,47,182,288,279.20205278592374,3.673020527859237,0.533724340175953
682,20221125,4,2,13,16,35,67,278,415,279.2310395314788,4.265007320644217,0.6325036603221084
683,20221128,3,6,14,15,28,58,249,373,279.64766081871346,4.380847953216374,0.6461988304093567
684,20221129,4,2,15,17,30,68,204,340,280.054598540146,3.9868613138686126,0.581021897810219
685,20221130,5,4,9,16,21,59,155,269,279.6408163265306,3.3549562682215743,0.4839650145772595
686,20221201,5,6,4,14,19,57,159,264,279.2256186317322,3.1666666666666665,0.4454148471615721
687,20221202,4,2,11,7,22,44,137,227,279.1997093023256,2.497093023255814,0.3590116279069767
688,20221205,4,0,11,9,27,51,147,249,279.1802612481858,2.6952104499274308,0.3889695210449927
689,20221206,2,2,4,8,24,54,130,224,278.7536231884058,2.2971014492753623,0.3318840579710145
690,20221207,2,1,5,11,20,43,162,244,278.3328509406657,2.3704775687409554,0.3400868306801736
691,20221208,2,0,5,11,18,44,156,236,278.3098265895954,2.205202312138728,0.3121387283236994
692,20221209,2,1,4,12,21,32,143,215,278.28080808080813,2.106782106782107,0.2943722943722944
693,20221212,2,1,7,16,8,33,143,210,277.8504322766571,2.079250720461096,0.2910662824207493
694,20221213,4,1,7,4,15,23,108,162,277.4063309352518,1.3496402877697844,0.1856115107913669
695,20221214,3,3,4,9,11,33,95,158,277.3612068965517,1.6163793103448278,0.2327586206896551
696,20221215,4,1,7,6,5,37,74,134,277.3093256814921,1.1284074605451937,0.1449067431850789
697,20221216,4,6,4,4,10,36,95,159,277.26475644699144,1.7120343839541547,0.2449856733524354
698,20221219,5,2,7,5,7,27,79,132,277.2125894134478,1.1223175965665235,0.1444921316165951
699,20221220,3,2,9,5,4,20,68,111,276.75457142857147,1.0621428571428573,0.1357142857142856
700,20221221,5,5,5,2,7,32,83,139,276.3047075606277,1.3644793152639083,0.1911554921540655
701,20221222,4,3,5,8,10,21,95,146,276.25698005698007,1.4415954415954415,0.2022792022792022
702,20221223,4,1,6,2,12,30,83,138,276.2071123755335,1.054765291607397,0.1351351351351351
703,20221226,2,4,7,3,15,20,96,147,276.1599431818182,1.577414772727273,0.2329545454545454
704,20221227,2,3,4,5,10,23,62,109,276.1021276595745,1.0382978723404257,0.1319148936170212
705,20221228,3,1,6,6,6,22,60,104,275.643059490085,0.8229461756373937,0.1048158640226628
706,20221229,3,2,4,2,8,13,43,75,275.175954738331,0.5855728429985857,0.0792079207920791
707,20221230,4,1,5,1,7,13,38,69,275.1073446327684,0.46045197740113,0.0663841807909604
708,20230103,2,2,5,3,6,20,43,81,275.0423131170663,0.6833568406205924,0.0902679830747531
709,20230104,2,2,5,2,7,16,50,84,274.57830985915496,0.6661971830985917,0.0873239436619718
710,20230105,0,2,5,2,6,19,48,82,274.11392405063293,0.6638537271448663,0.0872011251758086
711,20230106,0,3,3,4,4,13,51,78,274.048595505618,0.7064606741573034,0.098314606741573
712,20230109,0,3,3,1,10,16,59,92,273.9873772791024,0.8190743338008415,0.1122019635343618
713,20230110,1,2,3,4,8,18,59,95,273.5271708683473,0.7436974789915966,0.1022408963585433
714,20230111,0,3,6,3,10,13,67,102,273.06909090909096,1.0615384615384615,0.1482517482517482
715,20230112,0,2,5,4,6,24,59,100,273.01061452513966,0.8645251396648045,0.1187150837988827
716,20230113,0,2,3,6,6,18,59,94,272.9506276150628,0.793584379358438,0.104602510460251
717,20230116,1,2,1,5,11,27,94,141,272.9038997214485,1.1455431754874652,0.1671309192200557
718,20230117,1,2,4,4,14,24,150,199,272.87343532684287,1.6988873435326843,0.2656467315716272
719,20230118,1,3,3,2,12,43,136,200,272.4433333333333,1.806944444444445,0.2819444444444444
720,20230119,1,3,3,5,18,52,215,297,272.84022191400834,2.730235783633842,0.420249653259362
721,20230120,1,3,6,5,26,65,296,402,272.8662049861496,3.509002770083103,0.5277008310249307
722,20230130,2,3,7,9,33,107,365,526,272.9264177040111,4.348547717842324,0.6597510373443983
723,20230131,2,1,3,16,18,59,253,352,272.93839779005526,3.195441988950276,0.4792817679558011
724,20230201,1,3,9,13,26,79,321,452,272.9779310344828,4.245517241379311,0.6455172413793103
725,20230202,2,6,5,25,28,119,423,608,273.4603305785124,5.03168044077135,0.7465564738292011
726,20230203,2,4,12,17,49,132,476,692,273.9656121045392,5.364511691884457,0.7909215955983494
727,20230206,4,5,12,16,49,122,436,644,274.0574175824176,5.395604395604395,0.7967032967032968
728,20230207,5,3,9,16,29,88,304,454,274.0968449931413,4.434156378600823,0.6639231824417009
729,20230208,5,2,5,17,34,77,265,405,274.5227397260274,4.007534246575343,0.6027397260273972
730,20230209,5,3,3,16,38,85,305,455,274.962243502052,4.221614227086183,0.637482900136799
731,20230210,5,2,8,11,37,92,258,413,274.9901639344263,4.104508196721311,0.6147540983606558
732,20230213,5,3,13,11,27,104,274,437,275.024556616644,4.426330150068213,0.6643929058663028
733,20230214,4,4,11,9,32,99,289,448,275.4618528610354,4.475476839237057,0.670299727520436
734,20230215,6,6,19,16,36,119,419,621,275.9461224489796,5.536054421768707,0.8108843537414966
735,20230216,5,4,9,12,24,75,266,395,275.96875,4.074728260869565,0.6100543478260869
736,20230217,4,1,12,13,18,52,226,326,275.972591587517,3.3405698778833104,0.4979647218453188
737,20230220,4,3,12,6,25,61,232,343,275.98102981029814,3.583333333333333,0.532520325203252
738,20230221,5,1,12,4,31,74,234,361,275.9943166441137,3.5006765899864685,0.5182679296346414
739,20230222,4,2,9,5,28,53,251,352,276.40513513513514,3.2932432432432432,0.4905405405405405
740,20230223,4,0,4,8,21,52,195,284,276.7975708502024,2.5148448043184883,0.3765182186234818
741,20230224,3,1,7,9,19,44,168,251,276.3811320754717,2.524932614555256,0.3814016172506739
742,20230227,3,0,2,9,9,31,104,158,275.9397039030956,1.2429340511440108,0.1857335127860027
743,20230228,3,0,6,5,11,36,123,184,275.90537634408605,1.5228494623655917,0.228494623655914
744,20230301,2,1,5,8,11,33,116,176,275.8689932885906,1.606040268456376,0.2456375838926174
745,20230302,3,2,8,3,12,24,108,160,275.82841823056305,1.5234584450402149,0.2305630026809652
746,20230303,1,2,6,8,6,24,99,146,275.78420348058904,1.4049531459170015,0.2088353413654619
747,20230306,2,1,4,4,8,24,92,135,275.3371657754011,0.9351604278074866,0.1256684491978609
748,20230307,2,1,3,3,7,9,63,88,274.8777036048064,0.5046728971962615,0.0667556742323097
749,20230308,3,0,3,4,4,28,69,111,274.82453333333336,0.6386666666666665,0.0799999999999999
750,20230309,2,1,5,2,4,20,60,94,274.7669773635153,0.6091877496671104,0.0798934753661784
751,20230310,0,2,3,3,4,19,43,74,274.3042553191489,0.5671542553191489,0.0718085106382978
752,20230313,1,3,3,3,7,14,60,91,273.8462151394422,0.8134130146082338,0.1102257636122178
753,20230314,1,2,2,4,10,10,62,91,273.78832891246685,0.7420424403183024,0.1021220159151193
754,20230315,0,3,2,2,5,17,57,86,273.7292715231788,0.6887417218543044,0.0940397350993377
755,20230316,2,2,2,6,6,20,69,107,273.27592592592595,0.8664021164021164,0.1256613756613757
756,20230317,3,1,6,10,14,35,89,158,272.83619550858657,1.7642007926023775,0.2840158520475562
757,20230320,1,2,7,4,14,24,62,114,272.78496042216364,1.3007915567282322,0.2005277044854881
758,20230321,1,0,12,7,14,15,70,119,272.7351778656127,1.432806324110672,0.2213438735177866
759,20230322,0,1,9,11,18,26,81,146,272.6926315789474,1.8967105263157893,0.3026315789473685
760,20230323,1,1,13,10,18,44,118,205,272.665703022339,2.5827858081471744,0.4060446780551905
761,20230324,1,2,15,11,20,35,115,199,272.23727034120736,2.7618110236220472,0.4278215223097112
762,20230327,3,5,24,11,26,49,156,274,272.62857142857143,3.947575360419397,0.6002621231979031
763,20230328,1,2,13,17,17,40,100,190,272.1979057591623,2.794502617801048,0.4306282722513089
764,20230329,0,2,11,7,21,29,81,151,271.75712418300657,2.0509803921568626,0.3202614379084967
765,20230330,0,2,6,10,18,26,66,128,271.7104438642298,1.7173629242819843,0.2728459530026109
766,20230331,1,4,11,10,21,35,85,167,271.67405475880054,2.632985658409387,0.4093872229465449
767,20230403,4,11,13,16,30,43,104,221,271.6518229166667,3.828776041666666,0.5872395833333333
768,20230404,5,9,25,11,42,62,155,309,271.65253576072826,4.6631989596879055,0.7074122236671001
769,20230406,6,5,23,15,33,64,137,283,271.6464935064935,4.296103896103896,0.6610389610389611
770,20230407,8,7,23,21,25,65,126,275,271.6383916990921,4.389105058365759,0.6757457846952011
771,20230410,8,2,17,16,29,50,123,245,271.62253886010365,3.458549222797928,0.5272020725388601
772,20230411,7,8,13,15,34,52,118,247,271.6072445019405,3.947606727037516,0.6015523932729625
773,20230412,10,7,15,25,39,78,158,332,271.6139534883721,4.886950904392764,0.7390180878552972
774,20230413,7,11,13,18,45,73,137,304,271.6134193548387,4.703870967741935,0.712258064516129
775,20230414,6,12,18,28,39,83,184,370,272.02989690721654,5.380154639175258,0.8067010309278351
776,20230417,3,5,11,16,28,70,145,278,272.4226512226512,3.9813384813384816,0.6048906048906049
777,20230418,4,6,6,21,33,51,149,270,272.4133676092545,3.83547557840617,0.5848329048843188
778,20230419,4,4,14,13,38,52,119,244,272.397432605905,3.6482670089858793,0.5532734274711169
779,20230420,3,7,12,22,40,56,129,269,272.38794871794875,4.28974358974359,0.658974358974359
780,20230421,4,3,9,15,20,48,86,185,272.35697823303457,2.722151088348271,0.4174135723431498
781,20230424,4,4,14,16,19,36,110,203,271.9306905370844,3.113171355498721,0.4565217391304348
782,20230425,2,6,14,16,16,49,72,175,271.49731800766284,3.103448275862069,0.4533844189016602
783,20230426,4,9,14,10,22,35,94,188,271.4673469387755,3.185586734693878,0.4770408163265306
784,20230427,2,3,10,8,21,41,94,179,271.4351592356688,2.464331210191083,0.375796178343949
785,20230428,5,8,17,14,26,41,121,232,271.4165394402036,3.7283715012722647,0.5648854961832062
786,20230504,9,6,14,16,25,63,102,235,271.3987293519695,3.745870393900889,0.567979669631512
787,20230505,7,9,8,7,19,49,103,202,270.9725888324873,2.902918781725888,0.434010152284264
788,20230508,7,8,11,10,10,56,126,228,270.5531051964512,3.1831432192648923,0.476552598225602
789,20230509,8,3,15,7,17,29,102,181,270.1217721518988,2.406962025316456,0.3670886075949366
790,20230510,6,5,7,11,17,33,87,166,269.68672566371686,2.408343868520859,0.3678887484197218
791,20230511,6,4,12,14,13,37,110,196,269.65934343434344,2.8023989898989896,0.4255050505050505
792,20230512,5,2,13,6,11,18,101,156,269.6219419924338,1.7988650693568728,0.2786885245901639
793,20230515,5,2,5,14,8,25,75,134,269.17909319899246,1.525818639798489,0.2329974811083123
794,20230516,1,2,8,6,14,16,53,100,268.7277987421384,1.2584905660377357,0.1874213836477987
795,20230517,1,2,6,9,13,34,64,129,268.28391959799,1.5929648241206031,0.2487437185929648
796,20230518,1,5,6,5,19,27,71,134,267.8414052697616,1.856963613550816,0.2923462986198243
797,20230519,1,3,7,6,14,28,69,128,267.79749373433583,1.598370927318296,0.2493734335839599
798,20230522,1,4,6,7,10,26,77,131,267.7544430538173,1.6101376720901128,0.2528160200250313
799,20230523,2,0,5,7,19,18,60,111,267.3065,1.140625,0.16
800,20230524,3,1,8,6,17,36,115,186,266.87740324594256,1.9812734082397008,0.3108614232209737
801,20230525,4,1,7,10,19,29,115,185,266.84812967581047,2.10286783042394,0.3241895261845386
802,20230526,4,3,10,12,19,41,179,268,266.839601494396,3.2646326276463262,0.5043586550435866
803,20230529,5,4,13,3,19,37,143,224,266.82014925373136,2.768656716417911,0.427860696517413
804,20230530,7,6,12,8,21,42,152,248,266.8067080745342,3.3583850931677017,0.520496894409938
805,20230531,4,4,7,15,20,27,86,163,266.7722084367245,2.4652605459057075,0.3821339950372209
806,20230601,3,2,17,9,13,33,85,162,266.7375464684015,2.2695167286245352,0.3543990086741015
807,20230602,4,2,15,8,12,50,82,173,266.7056930693069,2.3335396039603964,0.3638613861386138
808,20230605,4,2,13,10,17,42,96,184,266.67663782447465,2.546353522867738,0.3980222496909765
809,20230606,4,5,10,9,13,48,100,189,266.2488888888889,2.709259259259259,0.4222222222222223
810,20230607,4,8,9,9,16,55,125,226,265.8303329223181,3.217632552404439,0.4981504315659679
811,20230608,5,5,12,6,16,41,98,183,265.8012315270936,2.603448275862069,0.4064039408866995
812,20230609,4,4,16,11,27,54,140,256,265.79015990159905,3.7072570725707257,0.5744157441574416
813,20230612,3,6,14,14,22,61,135,255,265.3788697788698,3.886977886977887,0.606879606879607
814,20230613,4,6,20,20,25,77,193,345,265.7896932515338,4.839877300613496,0.7435582822085889
815,20230614,4,9,11,25,23,66,163,301,265.78970588235296,4.49938725490196,0.6985294117647058
816,20230615,2,3,13,11,22,52,126,229,265.7720930232558,3.2184822521419827,0.4969400244798041
817,20230616,4,5,14,17,24,54,126,244,265.3581907090465,3.7866748166259168,0.589242053789731
818,20230619,9,7,17,20,29,67,159,308,265.7599511599512,4.666666666666666,0.7203907203907204
819,20230620,7,12,22,18,39,68,184,350,265.77195121951223,5.222560975609756,0.7914634146341464
820,20230621,4,8,16,16,25,44,160,273,265.76516443361754,4.170523751522533,0.6504263093788063
821,20230626,3,2,12,14,26,42,96,195,265.73941605839417,2.8753041362530416,0.437956204379562
822,20230627,2,3,10,13,22,41,100,191,265.71275820170115,2.8134872417982986,0.4313487241798299
823,20230628,1,3,8,9,20,37,113,191,265.2861650485437,2.5006067961165046,0.3822815533980582
824,20230629,1,1,12,13,18,47,91,183,264.857696969697,2.507878787878788,0.383030303030303
825,20230630,1,6,10,11,25,48,103,204,264.834382566586,3.238498789346248,0.5012106537530266
826,20230703,2,1,16,11,20,36,127,213,264.81330108827086,2.782345828295042,0.4292623941958887
827,20230704,3,3,12,12,25,38,128,221,264.3942028985507,3.1177536231884058,0.467391304347826
828,20230705,1,4,9,8,18,41,114,195,263.96887816646563,2.607961399276236,0.4016887816646561
829,20230706,2,7,9,11,28,57,155,269,264.3614457831325,3.851807228915663,0.6036144578313253
830,20230707,2,5,8,13,20,52,147,247,263.94873646209385,3.367027677496991,0.5246690734055355
831,20230710,2,4,7,10,24,61,158,266,264.340625,3.381009615384615,0.5276442307692308
832,20230711,2,5,6,8,21,58,178,278,264.73541416566627,3.337935174069628,0.5186074429771909
833,20230712,1,4,5,7,13,41,127,198,264.31103117505995,2.252997601918465,0.3405275779376499
834,20230713,1,3,9,2,10,46,123,194,263.88574850299403,2.1053892215568863,0.3125748502994012
835,20230714,1,1,8,5,13,38,117,183,263.8578947368421,1.8104066985645937,0.2751196172248804
836,20230717,1,3,6,4,12,31,96,153,263.8229390681004,1.614695340501792,0.2449223416965352
837,20230718,2,2,5,5,10,28,84,136,263.3840095465394,1.2428400954653935,0.1766109785202864
838,20230719,1,3,6,4,8,32,71,125,262.94255065554233,1.3182359952324194,0.1895113230035756
839,20230720,1,2,8,5,6,26,72,120,262.90000000000003,1.2095238095238097,0.1702380952380952
840,20230721,0,1,6,3,10,21,89,130,262.8599286563615,1.0273483947681332,0.1331747919143876
841,20230724,0,1,6,5,9,24,103,148,262.8242280285036,1.2541567695961997,0.1805225653206651
842,20230725,0,2,5,7,7,20,85,126,262.7833926453144,1.1690391459074734,0.162514827995255
843,20230726,0,5,3,6,13,30,94,151,262.74857819905213,1.7831753554502372,0.2760663507109004
844,20230727,2,1,4,5,6,25,77,120,262.70650887573964,0.8485207100591716,0.1100591715976331
845,20230728,2,2,2,5,6,24,81,122,262.66501182033096,0.8989361702127661,0.1170212765957446
846,20230731,2,3,3,5,13,24,89,139,262.627626918536,1.374852420306966,0.204250295159386
847,20230801,2,3,6,2,12,24,76,125,262.1870283018868,1.2788915094339623,0.1898584905660377
848,20230802,1,2,6,7,12,25,86,139,261.7498233215548,1.4858657243816258,0.2226148409893993
849,20230803,1,3,5,7,14,29,96,155,261.3164705882353,1.7811764705882351,0.2788235294117647
850,20230804,1,2,8,8,10,37,101,167,260.8860164512339,1.9553466509988249,0.3090481786133959
851,20230807,1,3,6,8,12,31,81,142,260.449765258216,1.7417840375586855,0.2734741784037559
852,20230808,0,2,7,4,11,23,86,133,260.01148886283704,1.3259085580304806,0.1969519343493552
853,20230809,0,4,8,2,12,25,94,145,259.976112412178,1.7066744730679155,0.2658079625292739
854,20230810,1,4,10,2,6,26,69,118,259.93450292397665,1.4690058479532162,0.2175438596491228
855,20230811,1,4,6,6,3,23,57,100,259.488785046729,1.234228971962617,0.1787383177570093
856,20230814,1,3,6,4,10,13,53,90,259.04084014002336,1.0565927654609102,0.1400233372228705
857,20230815,2,6,4,7,7,11,60,97,258.9946386946387,1.3560606060606062,0.2016317016317016
858,20230816,3,3,4,5,10,21,56,102,258.9497089639115,1.079743888242142,0.1431897555296857
859,20230817,2,6,3,5,7,23,66,112,258.90720930232555,1.353488372093023,0.2023255813953488
860,20230818,1,2,7,3,6,18,52,89,258.85946573751454,0.8606271777003484,0.1091753774680603
861,20230821,1,5,6,5,2,19,37,75,258.80858468677496,1.174013921113689,0.1682134570765661
862,20230822,1,4,8,3,6,16,29,67,258.75596755504057,1.0892236384704517,0.1460023174971031
863,20230823,1,2,8,5,2,15,33,66,258.3032407407408,0.8825231481481483,0.1157407407407407
864,20230824,0,5,3,9,10,7,39,73,257.8522543352601,1.3034682080924858,0.1976878612716762
865,20230825,0,1,8,4,5,14,25,57,257.79769053117786,0.6939953810623556,0.0842956120092378
866,20230828,0,1,5,6,6,15,26,59,257.7437139561707,0.6389850057670127,0.0726643598615917
867,20230829,0,0,7,6,9,25,46,93,257.6976958525346,0.9602534562211982,0.1278801843317972
868,20230830,0,1,4,4,11,23,48,91,257.65132336018416,0.7836593785960875,0.095512082853855
869,20230831,0,0,6,6,9,14,50,85,257.6036781609196,0.7810344827586208,0.0954022988505747
870,20230901,0,0,1,7,7,12,42,69,257.5524684270953,0.4827784156142365,0.0562571756601607
871,20230904,0,0,4,5,8,19,35,71,257.5018348623853,0.5722477064220184,0.0642201834862384
872,20230905,0,1,3,4,6,14,33,61,257.4490263459336,0.4427262313860253,0.0515463917525773
873,20230906,1,1,6,2,5,21,51,87,257.4022883295195,0.6687643020594966,0.0823798627002287
874,20230907,1,1,4,2,7,12,46,73,257.35245714285713,0.4839999999999999,0.0582857142857142
875,20230908,2,0,6,2,9,21,72,112,256.9116438356165,0.851027397260274,0.117579908675799
876,20230911,2,3,2,6,6,18,49,86,256.4649942987457,0.903648802736602,0.12884834663626
877,20230912,2,0,7,4,4,22,59,98,256.4211845102505,0.8052391799544419,0.1059225512528473
878,20230913,3,2,8,2,10,24,64,113,256.38088737201366,1.2508532423208192,0.1990898748577929
879,20230914,3,2,4,6,6,16,43,80,256.33318181818186,0.8312499999999999,0.1159090909090909
880,20230915,3,3,6,4,7,24,54,101,256.2903518728717,1.191827468785471,0.1872871736662883
881,20230918,3,2,5,7,10,15,80,122,255.8523809523809,1.2976190476190474,0.209750566893424
882,20230919,4,1,5,6,4,21,50,91,255.4074745186863,0.8035107587768969,0.1041902604756511
883,20230920,4,0,8,4,10,12,73,111,255.36719457013567,1.0361990950226243,0.1504524886877828
884,20230921,4,2,5,5,13,9,70,108,255.32632768361583,1.1689265536723163,0.1807909604519774
885,20230922,3,4,5,9,14,32,106,173,255.3002257336344,2.321106094808127,0.3905191873589164
886,20230925,3,3,8,11,21,28,112,186,255.2771138669673,2.704058624577227,0.4487034949267192
887,20230926,3,3,4,5,8,19,49,91,255.23265765765768,1.0433558558558558,0.1531531531531531
888,20230927,4,1,3,5,9,15,41,78,255.18537682789653,0.6512935883014622,0.077615298087739
889,20230928,5,1,4,6,9,10,58,93,254.34157303370787,0.8303370786516855,0.1168539325842696
890,20231009,5,3,8,4,7,26,66,119,253.5037037037037,1.4730639730639732,0.2491582491582491
891,20231010,5,2,8,6,6,25,57,109,253.46367713004489,1.329035874439462,0.2242152466367712
892,20231011,4,3,9,7,8,19,69,119,253.4259798432251,1.6590145576707729,0.2911534154535274
893,20231012,2,4,7,8,10,17,69,117,252.98791946308728,1.7533557046979866,0.3053691275167784
894,20231013,5,7,7,9,16,33,91,168,252.56134078212293,2.716759776536313,0.4558659217877094
895,20231016,5,5,10,3,14,32,93,162,252.5334821428572,2.3454241071428568,0.3962053571428571
896,20231017,5,3,9,8,5,22,63,115,252.4952062430324,1.6343366778149386,0.2876254180602007
897,20231018,6,1,9,5,12,22,44,99,252.4534521158129,1.25,0.2037861915367483
898,20231019,4,3,5,6,11,17,49,95,252.4109010011124,1.2630700778642938,0.2102335928809788
899,20231020,4,1,5,7,5,17,51,90,252.36733333333336,0.8555555555555554,0.121111111111111
900,20231023,3,4,3,9,9,16,46,90,252.3238623751388,1.3435072142064377,0.2264150943396226
901,20231024,3,3,6,12,5,16,54,99,252.28248337028828,1.5027716186252773,0.2594235033259423
902,20231025,5,2,12,9,15,17,93,153,252.25315614617944,2.212070874861573,0.3798449612403101
903,20231026,3,7,10,10,15,36,96,177,251.82920353982303,3.048119469026549,0.4988938053097345
904,20231027,4,7,10,12,17,38,116,204,251.4112707182321,3.396132596685083,0.569060773480663
905,20231030,7,4,5,14,22,35,99,186,251.38940397351,2.839955849889624,0.4768211920529801
906,20231031,4,4,5,7,21,37,105,183,251.3669239250276,2.551819184123484,0.4355016538037486
907,20231101,4,4,9,6,18,44,108,193,251.3466960352423,2.803414096916299,0.473568281938326
908,20231102,4,4,5,8,16,36,75,148,251.3166116611661,2.174917491749175,0.3696369636963696
909,20231103,4,3,3,7,13,32,81,143,250.8854945054945,1.7527472527472527,0.3065934065934066
910,20231106,6,1,8,9,20,26,116,186,250.4638858397365,2.354006586169045,0.4006586169045005
911,20231107,6,3,7,15,15,46,123,215,250.44868421052632,3.0356359649122804,0.5
912,20231108,7,3,12,7,26,36,130,221,250.43483023001096,3.1626506024096384,0.5202628696604601
913,20231109,5,3,5,13,9,31,91,157,250.40700218818384,2.12253829321663,0.3588621444201313
914,20231110,3,4,6,6,16,25,92,152,250.3781420765028,2.088524590163934,0.3530054644808743
915,20231113,4,4,4,5,20,34,111,182,249.95589519650656,2.336244541484716,0.3995633187772925
916,20231114,4,4,6,14,15,42,145,230,249.54416575790623,3.158124318429662,0.5190839694656488
917,20231115,6,5,6,11,25,64,185,302,249.94814814814816,3.955337690631808,0.6546840958605664
918,20231116,5,7,8,16,21,59,171,287,250.3488574537541,4.213819368879216,0.6942328618063112
919,20231117,6,8,9,17,34,83,285,442,250.38326086956525,5.217934782608696,0.8130434782608695
920,20231120,8,7,21,28,52,137,544,797,250.49467969598263,6.311617806731812,0.9500542888165038
921,20231121,9,2,14,29,36,87,294,471,250.5351409978308,5.155097613882863,0.8091106290672452
922,20231122,6,5,12,17,35,67,198,340,250.54712892741065,4.777356446370531,0.7638136511375948
923,20231123,6,3,7,17,26,67,237,363,250.96406926406928,4.263528138528139,0.7012987012987013
924,20231124,4,7,9,9,25,45,137,236,250.5535135135136,3.635675675675676,0.6
925,20231127,2,5,8,9,13,37,116,190,250.5330453563715,2.8347732181425487,0.4751619870410367
926,20231128,1,5,10,4,27,41,156,244,250.52427184466023,3.373247033441208,0.564185544768069
927,20231129,1,5,7,9,16,45,123,206,250.5073275862069,3.0199353448275863,0.4935344827586206
928,20231130,0,7,8,6,25,42,132,220,250.49343379978475,3.3143164693218514,0.5543595263724435
929,20231201,1,7,6,12,13,32,134,205,250.4763440860216,3.036559139784946,0.4967741935483871
930,20231204,2,3,7,11,10,28,96,157,250.44897959183675,2.206229860365199,0.3705692803437164
931,20231205,2,6,3,6,11,19,63,110,250.01158798283265,1.585836909871245,0.26931330472103
932,20231206,4,2,4,3,14,24,64,115,249.5753483386924,1.187566988210075,0.1832797427652732
933,20231207,3,4,4,3,9,18,80,121,249.5404710920771,1.3120985010706638,0.2152034261241969
934,20231208,2,3,6,4,7,11,81,114,249.50417112299465,1.2481283422459892,0.1978609625668449
935,20231211,3,3,7,2,7,15,80,117,249.06858974358977,1.264957264957265,0.2061965811965812
936,20231212,3,2,6,5,11,22,75,124,248.63457844183563,1.389007470651014,0.2337246531483457
937,20231213,5,3,6,6,3,21,69,113,248.5982942430704,1.3336886993603414,0.2217484008528785
938,20231214,4,2,5,10,3,20,63,107,248.560809371672,1.2816826411075612,0.2097976570820021
939,20231215,4,4,5,4,5,23,46,91,247.72000000000003,1.1425531914893616,0.1680851063829787
940,20231218,2,5,5,4,7,9,38,70,246.87481402763007,1.1110520722635493,0.1604675876726886
941,20231219,1,5,5,4,8,11,28,62,246.828025477707,1.1188959660297242,0.162420382165605
942,20231220,0,4,6,3,13,7,38,71,246.7832449628844,1.209968186638388,0.1908801696712619
943,20231221,1,2,6,5,6,9,42,71,245.9385593220339,0.8516949152542374,0.1154661016949152
944,20231222,0,4,2,5,5,10,31,57,245.0910052910053,0.8164021164021164,0.1047619047619047
945,20231225,3,0,4,5,9,10,37,68,245.0458773784356,0.5713530655391121,0.0613107822410148
946,20231226,2,2,4,6,8,12,26,60,244.9991552270328,0.8072861668426611,0.102428722280887
947,20231227,2,1,1,11,10,12,24,61,244.95274261603376,0.8823839662447258,0.1265822784810126
948,20231228,1,1,6,3,10,14,34,69,244.90811380400424,0.7655426765015806,0.0937829293993677
949,20231229,0,3,6,7,7,18,44,85,244.86694736842105,1.2868421052631578,0.2189473684210526
950,20240102,1,1,5,6,10,13,43,79,244.82460567823344,0.8974763406940064,0.1293375394321766
951,20240103,1,1,5,4,11,16,54,92,244.78508403361343,0.9254201680672268,0.1365546218487394
952,20240104,1,1,1,4,12,13,56,88,244.7448058761805,0.7224554039874083,0.0891920251836306
953,20240105,2,0,1,3,9,14,28,57,244.2981132075472,0.339622641509434,0.0387840670859538
954,20240108,2,1,1,4,8,15,33,64,243.8529842931937,0.4874345549738219,0.0554973821989528
955,20240109,2,0,3,4,8,9,32,58,243.80669456066943,0.4053347280334728,0.0460251046025104
956,20240110,0,3,3,5,3,11,28,53,243.7594566353187,0.7340647857889239,0.0950888192267502
957,20240111,2,1,3,6,5,15,35,67,243.7152400835073,0.6221294363256785,0.0730688935281836
958,20240112,2,1,3,3,8,13,46,76,243.67299270073,0.5693430656934306,0.0636079249217935
959,20240115,3,0,5,3,8,17,38,74,243.23041666666668,0.6177083333333333,0.0739583333333333
960,20240116,3,1,5,5,8,20,49,91,242.79146722164413,0.931321540062435,0.1446409989594173
961,20240117,3,2,2,1,10,15,32,65,242.34719334719333,0.6320166320166319,0.0758835758835758
962,20240118,3,1,2,4,7,16,42,75,241.905088265836,0.5674974039460021,0.063343717549325
963,20240119,3,0,1,3,5,5,30,47,241.8572614107884,0.1685684647302904,0.0145228215767634
964,20240122,2,1,0,2,6,7,19,37,241.8074611398964,0.2227979274611399,0.0227979274611398
965,20240123,2,2,2,3,2,8,20,39,241.75817805383025,0.3954451345755694,0.0476190476190476
966,20240124,3,0,1,4,4,11,37,60,241.71334022750776,0.2911065149948295,0.0341261633919338
967,20240125,2,1,0,3,5,14,43,68,241.6702479338843,0.4070247933884298,0.0506198347107438
968,20240126,2,0,4,2,3,10,35,56,241.6247678018576,0.3075335397316822,0.0371517027863776
969,20240129,1,1,3,0,7,6,17,35,241.57505154639176,0.3144329896907216,0.0391752577319587
970,20240130,1,0,2,3,0,8,9,23,241.52296601441813,0.1596292481977341,0.0123583934088568
971,20240131,1,0,1,0,4,3,6,15,241.069341563786,0.0663580246913579,0.0020576131687243
972,20240201,1,1,0,0,1,2,6,11,240.61500513874617,0.1346351490236382,0.0102774922918807
973,20240202,1,0,1,1,0,3,6,12,239.76098562628337,0.0636550308008214,0.002053388090349
974,20240205,1,0,0,2,1,2,5,11,238.9068717948718,0.0748717948717949,0.0051282051282051
975,20240206,1,0,0,0,1,4,6,12,238.8530737704918,0.0527663934426227,0.0020491803278688
976,20240207,0,1,0,1,0,4,18,24,238.80184237461617,0.1688843398157624,0.021494370522006
977,20240208,0,0,2,1,0,1,10,14,238.34867075664624,0.1083844580777095,0.0102249488752556
978,20240219,0,1,1,3,3,3,21,32,237.89928498467827,0.2727272727272728,0.0367722165474974
979,20240220,0,1,1,4,1,5,22,34,237.4504081632653,0.3275510204081633,0.0489795918367347
980,20240221,1,0,2,1,3,5,15,27,237.0002038735984,0.1406727828746178,0.0173292558613659
981,20240222,1,0,1,2,3,7,44,58,236.9564154786151,0.2520366598778004,0.0346232179226069
982,20240223,1,1,1,1,3,15,47,69,236.9149542217701,0.4369277721261443,0.0671414038657172
983,20240226,2,0,1,2,3,16,52,76,236.875,0.4207317073170732,0.0660569105691056
984,20240227,2,2,2,4,21,47,189,267,236.87390862944164,2.79492385786802,0.4964467005076142
985,20240228,3,0,1,4,6,15,74,103,236.8395537525355,0.7342799188640974,0.1196754563894523
986,20240229,2,0,2,3,11,25,112,155,236.81580547112463,1.3611955420466058,0.2644376899696048
987,20240301,2,0,0,3,5,24,74,108,236.3825910931174,0.7621457489878544,0.1224696356275303
988,20240304,2,2,1,3,15,42,113,178,235.96359959555107,1.979271991911021,0.3731041456016177
989,20240305,3,1,8,5,15,49,166,247,236.35858585858583,2.8560606060606064,0.5080808080808081
990,20240306,5,4,9,13,24,80,239,374,236.77921291624625,4.5787083753784055,0.7537840565085772
991,20240307,5,4,11,24,36,113,335,528,236.8308467741936,5.509072580645161,0.8578629032258065
992,20240308,5,5,21,20,57,160,427,695,236.91601208459213,6.115810674723061,0.9295065458207452
993,20240311,10,10,37,47,135,302,994,1535,237.1700201207244,6.866700201207243,0.9959758551307848
994,20240312,18,43,138,199,496,1019,1466,3379,237.79417085427136,6.992964824120604,0.9989949748743718
995,20240313,23,39,147,226,563,991,1344,1989,238.5379518072289,6.988955823293173,0.997991967871486
996,20240314,21,32,106,134,368,846,1326,1507,239.1843530591776,6.977933801404213,0.9969909729187564
997,20240315,42,66,242,359,638,808,954,2155,239.960120240481,6.98496993987976,0.996993987975952
998,20240318,30,36,117,164,369,702,1032,1418,240.5875875875876,6.967967967967968,0.994994994994995
999,20240319,23,10,64,69,209,468,1058,843,240.6996,6.847,0.99
1000,20240320,18,14,59,62,173,452,1142,778,240.7984015984016,6.9005994005994005,0.993006993006993
1001,20240321,17,9,46,54,143,342,962,611,241.66367265469063,6.759481037924152,0.9850299401197604
1002,20240322,12,14,21,38,71,205,554,361,242.478963110668,6.436191425722832,0.9641076769690928
1003,20240325,6,7,16,15,22,95,254,161,241.6543824701196,4.717629482071713,0.7599601593625498
1004,20240326,4,6,12,13,26,60,216,121,240.82189054726368,4.139800995024876,0.6875621890547263
1005,20240327,4,2,7,11,16,24,79,64,240.77813121272365,2.035785288270377,0.3717693836978131
1006,20240328,8,10,23,17,40,107,330,205,240.76246276067528,5.538728897715988,0.8510427010923536
1007,20240329,7,5,19,14,27,76,244,148,240.33551587301588,4.547123015873016,0.7390873015873016
1008,20240401,7,3,21,21,23,90,247,165,239.91199207135784,4.59217046580773,0.7472745292368682
1009,20240402,6,8,12,14,42,82,257,164,239.4883168316832,4.849504950495049,0.7772277227722773
1010,20240403,7,7,13,20,39,97,335,183,239.06844708209687,5.166666666666667,0.8130563798219584
1011,20240408,6,4,11,12,29,67,205,129,239.03794466403164,3.975296442687747,0.6630434782608696
1012,20240409,2,7,14,12,27,74,247,136,239.0088845014808,4.454096742349456,0.7265547877591313
1013,20240410,5,7,12,11,20,62,165,117,238.976134122288,3.864891518737673,0.6469428007889546
1014,20240411,1,3,11,5,24,40,138,84,238.9369458128079,2.7857142857142856,0.4857142857142857
1015,20240412,1,3,9,6,19,37,114,75,238.496062992126,2.49507874015748,0.4389763779527559
1016,20240415,2,2,4,5,8,28,86,49,238.0501474926254,1.3308751229105211,0.2517207472959685
1017,20240416,1,2,2,6,6,15,54,32,238.0009823182712,0.8929273084479371,0.1532416502946955
1018,20240417,2,2,9,1,7,23,74,44,237.9542688910697,1.300785083415113,0.2423945044160942
1019,20240418,1,3,5,7,7,17,71,40,237.90686274509807,1.4088235294117646,0.2705882352941177
1020,20240419,3,3,6,9,8,22,68,51,237.8617042115573,1.6699314397649363,0.3212536728697356
1021,20240422,2,1,2,3,8,22,47,38,237.4140900195695,0.6878669275929551,0.10567514677103718
